-- mysqldump: [Warning] Using a password on the command line interface can be insecure.
-- MySQL dump 10.13  Distrib 8.3.0, for Linux (x86_64)
--
-- Host: localhost    Database: server-fiber
-- ------------------------------------------------------
-- Server version	8.3.0

/*!40101 SET @OLD_CHARACTER_SET_CLIENT=@@CHARACTER_SET_CLIENT */;
/*!40101 SET @OLD_CHARACTER_SET_RESULTS=@@CHARACTER_SET_RESULTS */;
/*!40101 SET @OLD_COLLATION_CONNECTION=@@COLLATION_CONNECTION */;
/*!50503 SET NAMES utf8mb4 */;
/*!40103 SET @OLD_TIME_ZONE=@@TIME_ZONE */;
/*!40103 SET TIME_ZONE='+00:00' */;
/*!40014 SET @OLD_UNIQUE_CHECKS=@@UNIQUE_CHECKS, UNIQUE_CHECKS=0 */;
/*!40014 SET @OLD_FOREIGN_KEY_CHECKS=@@FOREIGN_KEY_CHECKS, FOREIGN_KEY_CHECKS=0 */;
/*!40101 SET @OLD_SQL_MODE=@@SQL_MODE, SQL_MODE='NO_AUTO_VALUE_ON_ZERO' */;
/*!40111 SET @OLD_SQL_NOTES=@@SQL_NOTES, SQL_NOTES=0 */;

-- DELETE Database server-fiber IF EXISTS `server-fiber`;

--
-- Table structure for table `article_tag`
--
-- migrate -verbose -source file://migration mysql://user:password@tcp(ip:port)/database_name up 1
DROP TABLE IF EXISTS `article_tag`;
/*!40101 SET @saved_cs_client     = @@character_set_client */;
/*!50503 SET character_set_client = utf8mb4 */;
CREATE TABLE `article_tag` (
  `id` int unsigned NOT NULL AUTO_INCREMENT,
  `article_id` int unsigned NOT NULL COMMENT '文章id',
  `tag_id` int unsigned NOT NULL COMMENT 'tag id',
  PRIMARY KEY (`id`),
  UNIQUE KEY `UK_praise` (`article_id`,`tag_id`),
  KEY `FK_praise_comment` (`article_id`),
  KEY `FK_praise_user` (`tag_id`),
  CONSTRAINT `article_tag_ibfk_1` FOREIGN KEY (`article_id`) REFERENCES `articles` (`id`),
  CONSTRAINT `article_tag_ibfk_2` FOREIGN KEY (`tag_id`) REFERENCES `tags` (`id`)
) ENGINE=InnoDB AUTO_INCREMENT=1 DEFAULT CHARSET=utf8mb4 COLLATE=utf8mb4_general_ci;
/*!40101 SET character_set_client = @saved_cs_client */;

--
-- Dumping data for table `article_tag`
--

LOCK TABLES `article_tag` WRITE;
/*!40000 ALTER TABLE `article_tag` DISABLE KEYS */;
INSERT INTO `article_tag` VALUES (1,1,1),(2,1,7),(3,2,22),(4,2,23),(5,3,6),(6,3,7),(7,3,9),(8,4,23),(9,5,1),(10,6,7),(11,6,8),(12,6,9),(13,6,10),(14,6,11),(15,7,25),(16,8,26),(17,9,23),(18,10,26),(19,11,26),(20,12,26),(21,13,26),(25,14,7),(24,14,24),(23,14,25),(26,15,26),(31,16,7),(30,17,7),(42,18,22),(44,19,27),(43,19,31);
/*!40000 ALTER TABLE `article_tag` ENABLE KEYS */;
UNLOCK TABLES;

--
-- Table structure for table `articles`
--

DROP TABLE IF EXISTS `articles`;
/*!40101 SET @saved_cs_client     = @@character_set_client */;
/*!50503 SET character_set_client = utf8mb4 */;
CREATE TABLE `articles` (
  `id` int unsigned NOT NULL AUTO_INCREMENT,
  `title` varchar(100) CHARACTER SET utf8mb4 COLLATE utf8mb4_general_ci DEFAULT '' COMMENT '文章标题',
  `desc` varchar(255) CHARACTER SET utf8mb4 COLLATE utf8mb4_general_ci DEFAULT '' COMMENT '简述',
  `content` text CHARACTER SET utf8mb4 COLLATE utf8mb4_general_ci COMMENT '内容',
  `created_at` datetime(3) DEFAULT NULL COMMENT '创建时间',
  `updated_at` datetime(3) DEFAULT NULL COMMENT '修改时间',
  `deleted_at` datetime(3) DEFAULT NULL COMMENT '删除时间',
  `state` tinyint unsigned DEFAULT '1' COMMENT '状态 0为禁用1为启用',
  `user_id` bigint DEFAULT '0' COMMENT 'article 作者id',
  `is_important` tinyint(1) unsigned zerofill DEFAULT NULL COMMENT '首页是否显示 1 显示 0 不显示',
  `reading_quantity` bigint NOT NULL DEFAULT '0' COMMENT '浏览次数',
  PRIMARY KEY (`id`),
  UNIQUE KEY `title_unique` (`title`),
  KEY `fk_user_id` (`user_id`) USING BTREE,
  KEY `idx_article_deleted_at` (`deleted_at`),
  FULLTEXT KEY `full_index_name` (`content`)
) ENGINE=InnoDB AUTO_INCREMENT=1 DEFAULT CHARSET=utf8mb4 COLLATE=utf8mb4_general_ci COMMENT='文章管理';
/*!40101 SET character_set_client = @saved_cs_client */;

--
-- Dumping data for table `articles`
--

LOCK TABLES `articles` WRITE;
/*!40000 ALTER TABLE `articles` DISABLE KEYS */;
INSERT INTO `articles` VALUES (1,'title2','golang123123','# 本文就是golang 靓仔\n## yi yi yi\n\n**wuwu<u>wuwuwuwwuuw</u>**\n~sdfasfasdf~```mermaid\nflowchart TD \n  Start --> Stop\n```\n\n```javascrip```| $$ | col | col |\n| - | - | - |\n| content | content | content |\n| content | content | content |\n| content | content | content |\n| content | content | content |````javascipt\n\n```\n```javascript\nvar a = \"string\"\n```\n\n```go\nvar a string\n\na = \"string\"\n\ntype b struct {\n  c string\n  d int\n}\n```','2022-08-04 18:18:40.243','2024-05-20 11:14:01.808',NULL,1,3,2,7),(2,'title','title123','**test<u>test</u>~sdfsdte~**','2022-08-04 17:43:33.483','2023-09-26 11:25:53.140',NULL,1,3,2,3),(3,'title25555','golang123123','# 本文就是golang 靓仔\n## yi yi yi\n\n**wuwu<u>wuwuwuwwuuw</u>**\n~sdfasfasdf~```mermaid\nflowchart TD \n  Start --> Stop\n```\n\n```javascrip```| $$ | col | col |\n| - | - | - |\n| content | content | content |\n| content | content | content |\n| content | content | content |\n| content | content | content |````javascipt\n\n```\n```javascript\nvar a = \"string\"\n```\n\n```go\nvar a string\n\na = \"string\"\n\ntype b struct {\n  c string\n  d int\n}\n```\n```php\n$a = 10\necho $a\n``````language\n\n```\n','2022-08-04 18:18:40.243','2024-05-15 10:58:35.604',NULL,1,3,2,7),(4,'MySQL','MySQL 结构','# test','2022-12-28 09:47:38.394','2024-03-22 17:16:01.814',NULL,1,3,2,1),(5,'make 和 new 开辟切片的区别','make 和 new 开辟切片的区别','Go语言中 new 和 make 是两个内置函数，主要用来创建并分配类型的内存。在我们定义变量的时候，可能会觉得有点迷惑，不知道应该使用哪个函数来声明变量，其实他们的规则很简单，new 只分配内存，而 make 只能用于 slice、map 和 channel 的初始化，下面我们就来具体介绍一下。\nnew\n在Go语言中，new 函数描述如下：\n```go\n// The new built-in function allocates memory. The first argument is a type,\n// not a value, and the value returned is a pointer to a newly\n// allocated zero value of that type.\nfunc new(Type) *Type\n```\n\n从上面的代码可以看出，new 函数只接受一个参数，这个参数是一个类型，并且返回一个指向该类型内存地址的指针。同时 new 函数会把分配的内存置为零，也就是类型的零值。\n\n【示例】使用 new 函数为变量分配内存空间。\n```go\nvar sum *int\nsum = new(int) //分配空间\n*sum = 98\nfmt.Println(*sum)\n```\n\n当然，new 函数不仅仅能够为系统默认的数据类型，分配空间，自定义类型也可以使用 new 函数来分配空间，如下所示：\n```go\ntype Student struct {\n   name string\n   age int\n}\nvar s *Student\ns = new(Student) //分配空间\ns.name =\"dequan\"\nfmt.Println(s)\n```\n\n这里如果我们不使用 new 函数为自定义类型分配空间（将第 7 行注释），就会报错：\npanic: runtime error: invalid memory address or nil pointer dereference\n[signal SIGSEGV: segmentation violation code=0x1 addr=0x0 pc=0x80bd277]\ngoroutine 1 [running]:\n\n这就是 new 函数，它返回的永远是类型的指针，指针指向分配类型的内存地址。\nmake\nmake 也是用于内存分配的，但是和 new 不同，它只用于 chan、map 以及 slice 的内存创建，而且它返回的类型就是这三个类型本身，而不是他们的指针类型，因为这三种类型就是引用类型，所以就没有必要返回他们的指针了。\n\n在Go语言中，make 函数的描述如下：\n```go\n// The make built-in function allocates and initializes an object of type\n// slice, map, or chan (only). Like new, the first argument is a type, not a\n// value. Unlike new, make\'s return type is the same as the type of its\n// argument, not a pointer to it. The specification of the result depends on\n// the type:\n// Slice: The size specifies the length. The capacity of the slice is\n// equal to its length. A second integer argument may be provided to\n// specify a different capacity; it must be no smaller than the\n// length, so make([]int, 0, 10) allocates a slice of length 0 and\n// capacity 10.\n// Map: An empty map is allocated with enough space to hold the\n// specified number of elements. The size may be omitted, in which case\n// a small starting size is allocated.\n// Channel: The channel\'s buffer is initialized with the specified\n// buffer capacity. If zero, or the size is omitted, the channel is\n// unbuffered.\nfunc make(t Type, size ...IntegerType) Type\n```\n\n通过上面的代码可以看出 make 函数的 t 参数必须是 chan（通道）、map（字典）、slice（切片）中的一个，并且返回值也是类型本身。\n注意：make 函数只用于 map，slice 和 channel，并且不返回指针。如果想要获得一个显式的指针，可以使用 new 函数进行分配，或者显式地使用一个变量的地址。\n\nGo语言中的 new 和 make 主要区别如下：\nmake 只能用来分配及初始化类型为 slice、map、chan 的数据。new 可以分配任意类型的数据；\nnew 分配返回的是指针，即类型 *Type。make 返回引用，即 Type；\nnew 分配的空间被清零。make 分配空间后，会进行初始化；\n实现原理\n接下来我们将分别介绍一下 make 和 new 在初始化不同数据结构时的具体过程，我们会从编译期间和运行时两个不同的阶段理解这两个关键字的原理。\nmake\n我们已经了解了 make 在创建 slice、map 和 channel 的具体过程，所以在这里我们也只是会简单提及 make 相关的数据结构初始化原理。\n\n\n\n在编译期的类型检查阶段，Go语言其实就将代表 make 关键字的 OMAKE 节点根据参数类型的不同转换成了 OMAKESLICE、OMAKEMAP 和 OMAKECHAN 三种不同类型的节点，这些节点最终也会调用不同的运行时函数来初始化数据结构。\nnew\n内置函数 new 会在编译期的 SSA 代码生成阶段经过 callnew 函数的处理，如果请求创建的类型大小是 0，那么就会返回一个表示空指针的 zerobase 变量，在遇到其他情况时会将关键字转换成 newobject：\n```go\nfunc callnew(t *types.Type) *Node {\n    if t.NotInHeap() {\n        yyerror(\"%v is go:notinheap; heap allocation disallowed\", t)\n    }\n    dowidth(t)\n    if t.Size() == 0 {\n        z := newname(Runtimepkg.Lookup(\"zerobase\"))\n        z.SetClass(PEXTERN)\n        z.Type = t\n        return typecheck(nod(OADDR, z, nil), ctxExpr)\n    }\n    fn := syslook(\"newobject\")\n    fn = substArgTypes(fn, t)\n    v := mkcall1(fn, types.NewPtr(t), nil, typename(t))\n    v.SetNonNil(true)\n    return v\n}\n```\n\n需要提到的是，哪怕当前变量是使用 var 进行初始化，在这一阶段也可能会被转换成 newobject 的函数调用并在堆上申请内存：\n```go\nfunc walkstmt(n *Node) *Node {\n    switch n.Op {\n    case ODCL:\n        v := n.Left\n        if v.Class() == PAUTOHEAP {\n            if prealloc[v] == nil {\n                prealloc[v] = callnew(v.Type)\n            }\n            nn := nod(OAS, v.Name.Param.Heapaddr, prealloc[v])\n            nn.SetColas(true)\n            nn = typecheck(nn, ctxStmt)\n            return walkstmt(nn)\n        }\n    case ONEW:\n        if n.Esc == EscNone {\n            r := temp(n.Type.Elem())\n            r = nod(OAS, r, nil)\n            r = typecheck(r, ctxStmt)\n            init.Append(r)\n            r = nod(OADDR, r.Left, nil)\n            r = typecheck(r, ctxExpr)\n            n = r\n        } else {\n            n = callnew(n.Type.Elem())\n        }\n    }\n}\n```\n\n当然这也不是绝对的，如果当前声明的变量或者参数不需要在当前作用域外生存，那么其实就不会被初始化在堆上，而是会初始化在当前函数的栈中并随着函数调用的结束而被销毁。\n\nnewobject 函数的工作就是获取传入类型的大小并调用 mallocgc 在堆上申请一片大小合适的内存空间并返回指向这片内存空间的指针：\n```go\nfunc newobject(typ *_type) unsafe.Pointer {\n    return mallocgc(typ.size, typ, true)\n}\n```\n\n\n总结\n最后，简单总结一下Go语言中 make 和 new 关键字的实现原理，make 关键字的主要作用是创建 slice、map 和 Channel 等内置的数据结构，而 new 的主要作用是为类型申请一片内存空间，并返回指向这片内存的指针。','2023-01-06 07:47:41.948','2024-05-15 02:15:04.004',NULL,1,3,1,35),(6,'Rust 学习','Rust 学习111','# Rust','2023-01-11 12:17:41.353','2023-11-27 14:46:15.032',NULL,1,3,2,1),(7,'动态菜单 动态路由（配置路由 动态登录路由 登录菜单）','ant design pro v5  动态菜单 动态路由（配置路由 动态登录路由 登录菜单）','1 动态菜单\n        技术思路：配置路由，用户登录后根据用户信息获取后台菜单。\n\n\n2 动态路由+动态菜单\n        技术思路： 使用umijs的运行时修改路由 patchRoutes({ routes })  UMIJS 参考文档 ，react umi 没有守护路由的功能 直接在 app.tsx  的 layout 下的 childrenRender 添加守护路由 实现登录后的菜单路由增加。登录后的菜单由登录接口 加个menu参数获取。 默认路由+动态登录路由+动态菜单\n\n具体操作\n1. 动态菜单：\n文件：/src/app.tsx\n找到 layout  插入 menu \n```javascript\nmenu: {\n      locale: false,\n      params: {\n        userId: initialState?.currentUser?.userid,//引起菜单请求的参数\n      },\n      request: async (params, defaultMenuData) => {\n        const { data } = await getAuthRoutes();\n        return loopMenuItem(data);\n      },\n    },\n完全版： \n\n/**\n * 映射菜单对应的图标\n * */\nconst loopMenuItem = (menus: MenuDataItem[]): MenuDataItem[] =>\n  menus.map(({ icon, routes, ...item }) => ({\n    ...item,\n    icon: icon && <Icon component={icons[icon]} />,\n    routes: routes && loopMenuItem(routes),\n  })\n);\n \n// ProLayout 支持的api https://procomponents.ant.design/components/layout\nexport const layout: RunTimeLayoutConfig = ({ initialState, setInitialState }) => {\n \n  const onCollapse = (collapsed: boolean): void => {\n    setInitialState({ ...initialState, collapsed }).then();\n  };\n  const onSettings = (settings: any): void => {\n    setInitialState({ ...initialState, settings }).then();\n  };\n  return {\n    // 自定义头内容的方法  我把 自定义侧边栏收缩按钮位置 方在这里\n    headerContentRender: () => (\n      <HeaderContent collapse={initialState?.collapsed} onCollapse={onCollapse} />\n    ),\n    rightContentRender: () => <RightContent onSettings={onSettings} />,\n    disableContentMargin: false,\n    waterMarkProps: {\n      content: initialState?.currentUser?.name,\n    },\n    // 去掉系统自带\n    collapsedButtonRender: false,\n    // 指定配置collapsed\n    collapsed: initialState?.collapsed,\n    footerRender: () => <Footer />,\n    onPageChange: () => {\n      const { location } = history;\n      // 如果没有登录，重定向到 login\n      if (!initialState?.currentUser && location.pathname !== loginPath) {\n        history.push(loginPath);\n      }\n    },\n    menu: {\n      locale: false,\n      params: {\n        userId: initialState?.currentUser?.userid,//引起菜单请求的参数\n      },\n      request: async (params, defaultMenuData) => {\n        const { data } = await getAuthRoutes();\n        return loopMenuItem(data);\n      },\n    },\n    links: isDev\n      ? [\n        <Link key=\"openapi\" to=\"/umi/plugin/openapi\" target=\"_blank\">\n          <LinkOutlined />\n          <span>OpenAPI 文档</span>\n        </Link>,\n        <Link to=\"/~docs\" key=\"docs\">\n          <BookOutlined />\n          <span>业务组件文档</span>\n        </Link>,\n      ]\n      : [],\n    menuHeaderRender: undefined,\n    // 自定义 403 页面\n    // unAccessible: <div>unAccessible</div>,\n    // 增加一个 loading 的状态\n    childrenRender: (children, props) => {\n      // if (initialState?.loading) return <PageLoading />;\n      const { location, route } = props;\n      return (\n        <>\n          {children}\n          {/* {!props.location?.pathname?.includes(\'/login\') && (\n            <SettingDrawer\n              disableUrlParams\n              enableDarkTheme\n              settings={initialState?.settings}\n              onSettingChange={(settings) => {\n                setInitialState((preInitialState) => ({\n                  ...preInitialState,\n                  settings,\n                }));\n              }}\n            />\n          )} */}\n        </>\n      );\n    },\n    ...initialState?.settings,\n  };\n};```\n2. 动态路由+动态菜单\n技术思路：\n       使用umijs的运行时修改路由 patchRoutes({ routes })  UMIJS 参考文档 ，react umi 没有守护路由的功能 直接在 app.tsx  的 layout 下的 childrenRender 添加守护路由 实现登录后的菜单路由增加。登录后的菜单由登录接口 加个menu参数获取。 默认路由+动态登录路由\n\n文件：config/config.ts\n\n// https://umijs.org/config/\nimport { defineConfig } from \'umi\';\nimport { join } from \'path\';\nimport defaultSettings from \'./defaultSettings\';\nimport proxy from \'./proxy\';\nimport routes from \'./routes\';\n \nconst { REACT_APP_ENV } = process.env;\n \nexport default defineConfig({\n  hash: true,\n  antd: {},\n  dva: {\n    hmr: true,\n  },\n  layout: {\n    // https://umijs.org/zh-CN/plugins/plugin-layout\n    locale: false,\n    siderWidth: 208,\n    ...defaultSettings,\n  },\n  // https://umijs.org/zh-CN/plugins/plugin-locale\n  locale: {\n    // default zh-CN\n    default: \'zh-CN\',\n    antd: true,\n    // default true, when it is true, will use `navigator.language` overwrite default\n    baseNavigator: true,\n  },\n  dynamicImport: {\n    loading: \'@ant-design/pro-layout/es/PageLoading\',\n  },\n  targets: {\n    ie: 11,\n  },\n  // umi routes: https://umijs.org/docs/routing\n  routes,\n  access: {},\n  // Theme for antd: https://ant.design/docs/react/customize-theme-cn\n  theme: {\n    // 如果不想要 configProvide 动态设置主题需要把这个设置为 default\n    // 只有设置为 variable， 才能使用 configProvide 动态设置主色调\n    // https://ant.design/docs/react/customize-theme-variable-cn\n    \'root-entry-name\': \'variable\',\n  },\n  // esbuild is father build tools\n  // https://umijs.org/plugins/plugin-esbuild\n  esbuild: {},\n  title: false,\n  ignoreMomentLocale: true,\n  proxy: proxy[REACT_APP_ENV || \'dev\'],\n  manifest: {\n    basePath: \'/\',\n  },\n  // Fast Refresh 热更新\n  fastRefresh: {},\n  openAPI: [\n    {\n      requestLibPath: \"import { request } from \'umi\'\",\n      // 或者使用在线的版本\n      // schemaPath: \"https://gw.alipayobjects.com/os/antfincdn/M%24jrzTTYJN/oneapi.json\"\n      schemaPath: join(__dirname, \'oneapi.json\'),\n      mock: false,\n    },\n    {\n      requestLibPath: \"import { request } from \'umi\'\",\n      schemaPath: \'https://gw.alipayobjects.com/os/antfincdn/CA1dOm%2631B/openapi.json\',\n      projectName: \'swagger\',\n    },\n  ],\n  nodeModulesTransform: {\n    type: \'none\',\n  },\n  mfsu: {},\n  webpack5: {},\n  exportStatic: {},\n});\n文件：config/routes.ts\n\nimport type { MenuDataItem } from \'@ant-design/pro-layout\';\n \nexport default [\n  {\n    path: \'/user\',\n    layout: false,\n    routes: [\n      {\n        path: \'/user/login\',\n        layout: false,\n        name: \'login\',\n        component: \'@/pages/modules/user/Login\',\n      },\n      {\n        path: \'/user/openlogin\',\n        layout: false,\n        name: \'login\',\n        component: \'@/pages/modules/user/openlogin\',\n      },\n      {\n        path: \'/user\',\n        redirect: \'@/pages/modules/user/login\',\n      },\n      {\n        name: \'register-result\',\n        icon: \'smile\',\n        path: \'/user/register-result\',\n        component: \'@/pages/modules/user/register-result\',\n      },\n      {\n        name: \'register\',\n        icon: \'smile\',\n        path: \'/user/register\',\n        component: \'@/pages/modules/user/register\',\n      }\n    ]\n  },\n  {\n    path: \'/\',\n    component: \'./layouts/commonLayout\',\n    flatMenu: true,\n    routes: [\n      // {\n      //   path: \'/welcome\',\n      //   name: \'工作台\',\n      //   component: \'@/pages/modules/welcome\',\n      // }\n    ]\n  },\n  {\n    component: \'404\',\n  },\n];\n app.tsx\n\nlet extraRoutes;\n \nexport function patchRoutes({ routes }) {\n  if (extraRoutes) {\n    // extraRoutes.forEach((element: any) => {\n    routes.forEach((route: any) => {\n      if (route.path == \"/\") {\n        route.routes = mergeRoutes(extraRoutes);\n      }\n    });\n    // });\n \n  }\n  console.log(\"--------------------路由-------------------------\", routes);\n}\n \n// export function render(oldRender) {\n//   getMenu().then((res: any) => {\n//     if (res.code == 200) {\n//       extraRoutes = res.result;\n//       oldRender();\n//     } else {\n//       history.push(\'/login\');\n//       oldRender()\n//     }\n//   });\n// }\n \n// /**\n//  * 映射菜单对应的图标\n//  * */\n// const loopMenuItem = (menus: MenuDataItem[]): MenuDataItem[] =>\n//   menus.map(({ icon, routes, ...item }) => ({\n//     ...item,\n//     icon: icon && <Icon component={icons[icon]} />,\n//     routes: routes && loopMenuItem(routes),\n//   })\n//   );\n \n/**\n * @see  https://umijs.org/zh-CN/plugins/plugin-initial-state\n * */\nexport async function getInitialState(): Promise<{\n  settings?: Partial<LayoutSettings>;\n  currentUser?: API.CurrentUser;\n  loading?: boolean;\n  collapsed?: boolean;\n  // menuData?: MenuDataItem[] | undefined;\n  fetchUserInfo?: () => Promise<API.CurrentUser | undefined>;\n}> {\n  const fetchUserInfo = async () => {\n    try {\n      const msg = await queryCurrentUser();\n      return msg.data;\n    } catch (error) {\n      // 跳转到指定路由\n      history.push(loginPath);\n    }\n    return undefined;\n  };\n  // 如果不是登录页面，执行\n  if (history.location.pathname !== loginPath) {\n    const currentUser = await fetchUserInfo();\n    return {\n      fetchUserInfo,\n      currentUser,\n      settings: defaultSettings,\n    };\n  }\n  return {\n    fetchUserInfo,\n    settings: defaultSettings,\n  };\n}\n \n// ProLayout 支持的api https://procomponents.ant.design/components/layout\nexport const layout: RunTimeLayoutConfig = ({ initialState, setInitialState }) => {\n \n  const onCollapse = (collapsed: boolean): void => {\n    setInitialState({ ...initialState, collapsed }).then();\n  };\n  const onSettings = (settings: any): void => {\n    setInitialState({ ...initialState, settings }).then();\n  };\n  return {\n    // 自定义头内容的方法  我把 自定义侧边栏收缩按钮位置 方在这里\n    headerContentRender: () => (\n      <HeaderContent collapse={initialState?.collapsed} onCollapse={onCollapse} />\n    ),\n    rightContentRender: () => <RightContent onSettings={onSettings} />,\n    disableContentMargin: false,\n    waterMarkProps: {\n      content: initialState?.currentUser?.name,\n    },\n    // 去掉系统自带\n    collapsedButtonRender: false,\n    // 指定配置collapsed\n    collapsed: initialState?.collapsed,\n    footerRender: () => <Footer />,\n    onPageChange: () => {\n      const { location } = history;\n      // 如果没有登录，重定向到 login\n      if (!initialState?.currentUser && location.pathname !== loginPath) {\n        history.push(loginPath);\n      }\n    },\n    // menuDataRender: () => { return fixMenuItemIcon(initialState.menuData) },\n    menu: {\n      locale: false,\n      params: {\n        userId: initialState?.currentUser?.userid,//引起菜单请求的参数\n      },\n      request: async (params, defaultMenuData) => {\n        // const msg = await getMenu();\n        return fixMenuItemIcon(initialState?.currentUser?.menu);\n      },\n    },\n    links: isDev\n      ? [\n        <Link key=\"openapi\" to=\"/umi/plugin/openapi\" target=\"_blank\">\n          <LinkOutlined />\n          <span>OpenAPI 文档</span>\n        </Link>,\n        <Link to=\"/~docs\" key=\"docs\">\n          <BookOutlined />\n          <span>业务组件文档</span>\n        </Link>,\n      ]\n      : [],\n    menuHeaderRender: undefined,\n    // 自定义 403 页面\n    // unAccessible: <div>unAccessible</div>,\n    // 增加一个 loading 的状态\n    childrenRender: (children, props) => {\n      // if (initialState?.loading) return <PageLoading />;\n      const { location, route } = props;\n \n      if (history.location.pathname !== loginPath && initialState?.currentUser?.menu) {\n        // 路由守卫\n        // const msg = await getMenu();\n        extraRoutes = initialState?.currentUser?.menu;\n        console.log(\"--------------------路由01-------------------------\", extraRoutes);\n        patchRoutes(route);\n      }\n \n      return (\n        <>\n          {children}\n          {/* {!props.location?.pathname?.includes(\'/login\') && (\n            <SettingDrawer\n              disableUrlParams\n              enableDarkTheme\n              settings={initialState?.settings}\n              onSettingChange={(settings) => {\n                setInitialState((preInitialState) => ({\n                  ...preInitialState,\n                  settings,\n                }));\n              }}\n            />\n          )} */}\n        </>\n      );\n    },\n    ...initialState?.settings,\n  };\n};\n src/utils/fixMenuItemIcon.tsx\n\nimport React from \'react\';\nimport type { MenuDataItem } from \'@ant-design/pro-layout\';\nimport * as allIcons from \'@ant-design/icons\';\n \nconst fixMenuItemIcon = (menus: MenuDataItem[], iconType = \'Outlined\'): MenuDataItem[] => {\n   menus.forEach((item) => {\n      const { icon, routes } = item\n      if (typeof icon === \'string\' && icon != null) {\n         const fixIconName = icon.slice(0, 1).toLocaleUpperCase() + icon.slice(1) + iconType\n         // eslint-disable-next-line no-param-reassign\n         item.icon = React.createElement(allIcons[fixIconName] || allIcons[icon])\n      }\n      // eslint-disable-next-line no-param-reassign,@typescript-eslint/no-unused-expressions\n      routes && routes.length > 0 ? item.routes = fixMenuItemIcon(routes) : null\n   });\n   return menus\n};\n \nexport default fixMenuItemIcon;\n src/utils/roles.tsx\n \n\n// import { getUserPerm } from \'@/services/menu\';\n// import router from \'umi/router\';\nimport React from \'react\';\nimport Icon from \'@ant-design/icons\';\nimport * as icons from \'@ant-design/icons\';\nimport { dynamic, RunTimeLayoutConfig } from \'umi\';\nimport { SmileOutlined, HeartOutlined } from \'@ant-design/icons\'\n \n \nexport function mergeRoutes(routes) {\n    if (!Array.isArray(routes)) return [];\n    return routes.map(route => {\n        let module = route.component;\n        if (route.component) {\n            route.component = (component => {\n                if (typeof component === \'object\') {\n                    return component;\n                }\n                // 封装一个异步组件\n                return dynamic({\n                    loader: () => import(`../pages/${module}/index.tsx`)\n                });\n            })(route.component);\n        }\n \n        if (route.routes) {\n            route.routes = mergeRoutes(route.routes);\n        }\n        return route;\n    });\n}\n','2023-03-09 15:05:40.430','2024-03-13 13:54:46.216',NULL,1,3,1,10),(8,'ChatGPT','CodeGeex简介','前言\nChatGPT把AI带火了，我就在想，能用它做点什么呢，总不能只让它给我们带来焦虑，也要让我们从科技浪潮中分得一点红利吧。一番查找下来，有个功能对我们程序员来说比较实用，就是AI的代码提示补全功能。最先找到的是GitHub Copilot。不幸的是GitHub Copilot 从2022年8月22日之后，开始收费。正式版定价10美元/月（人民币约67元），年付有优惠100美元/年（人民币约669元），每月 67 元还是有些小贵。经验告诉我，如果市场上存在一块大蛋糕，不可能只被一家公司看到，肯定有许多公司都在研究开发，有替代品。沿着这个思路，我找到了今天的主角CodeGeeX。\nCodeGeex简介\n\n\nCodeGeeX是一个具有130亿参数的多编程语言代码生成预训练模型。CodeGeeX采用华为MindSpore框架实现，在鹏城实验室“鹏城云脑II”中的192个节点（共1536个国产昇腾910 AI处理器）上训练而成。截至2022年6月22日，CodeGeeX历时两个月在20多种编程语言的代码语料库（>8500亿Token ）上预训练得到。CodeGeeX有以下特点：\n\n高精度代码生成：支持生成Python、C++、Java、JavaScript和Go等多种主流编程语言的代码，在多语言代码生成基准HumanEval-X代码生成任务上取得47%~60%求解率，较其他开源基线模型有更佳的平均性能。\n跨语言代码翻译：支持代码片段在不同编程语言间进行自动翻译转换，翻译结果正确率高，在HumanEval-X代码翻译任务上超越了其它基线模型。\n自动编程插件：CodeGeeX插件现已上架VSCode插件市场（完全免费），用户可以通过其强大的少样本生成能力，自定义代码生成风格和能力，更好辅助代码编写。\n模型跨平台开源: 所有代码和模型权重开源开放，用作研究用途。CodeGeeX同时支持昇腾和英伟达平台，可在单张昇腾910或英伟达V100/A100上实现推理。\n\n\n\n我使用下来，觉得CodeGeeX的主要功能是通过解读你的代码注释生成对应功能的代码，或者基于你前面/以前的代码给出后面/下一代码片段的补全建议。\n刚开始装完VSCode CodeGeeX插件,写代码的时候，看不到任何反应，大概过了3秒钟之后，神奇的事情发生了，终于看到了代码提示内容。\n我看网上的介绍，千篇一律使用的都是英文函数注释生成代码，国内程序员平常写代码，大多写的都是中文注释。为了使着顺手，测试一下，看它支不支持根据中文注释，生成代码片段，不支持的话就继续找。咱不整虚头巴脑，中看不中用的测试用例，写一个实实在在，能提高编码生产力的示例。用项目中实际用到的功能测试一下CodeGeeX的代码补全功能。\n代码补全功能\n写一个生成饼图的中文注释，不负期望，一会儿CodeGeeX就把用ECharts生成饼图的主体功能实现了, 微调一下就可以投入实际使用。不敢相信，免费的AI代码补全工具，功能都这么强大了。我本来还以为，免费的AI代码补全工具，都和TabNine一样，只能提示一行代码，现在看来，自己就是井底之蛙。果断卸载了TabNine。\n\nCodeGeex 有三种模式：\n自动模式\n这是默认的模式，查看用户以前的代码或代码注释，为用户生成下一行代码。它不会干扰用户写代码。仅在用户输入3秒钟之后给出建议代码，而建议的代码在你按 Tab 键时才生效。之所以需要等待3s,是因为要和服务器通信，获取补全建议。存在多个候选的情况下，可以使用Alt/Option + [ 或 ] 在几个候选间进行切换。用户也可以在设置中改变\"Candidate Num:。如果对现有建议不满意，可使用Alt/Option + N获得新的候选。\n交互模式\n按下 Control+Enter 会进入交互模式，VSCode 会分成两个版面。一个版面正常编写代码，另一个版面显示建议的代码片段。点击使用代码的时候会将提示代码填充到正常编写的代码中。在自动模式不工作的时候，可以按下Ctrl+Enter 组合键进入交互模式，继续获得提示，每按一次Ctrl+Enter, 产生一次提示。\n\n提示模式\n按下 ALT+T 进入提示模式，会给你提供一些代码解释，代码总结。使用提示 (Prompt) 模式，需要选中想要获得解释的代码，过一会儿，代码下方就会出现英文功能解释。这个模式只支持按照Java和Python两种语言的代码风格解释代码功能，个人觉得用处不大。\n\n代码转换功能\nCodeGeeX的另外一个功能是转换不同编程语言之间的代码。这个功能一般情况下用不上，如果能提供一个React和Vue代码互转的功能，那我们公司的项目就用得上。\n\n有一个细节要注意，安装完CodeGeeX插件后,会弹出一个问询窗口，询问是否愿意将自己的代码共享到AI平台当做训练数据使用，记得点击拒绝，免得带来一些不必要的麻烦。\n\n本以为这么好用又免费的AI代码补全工具可能比较稀缺，网上找了找，VSCode AI代码补全功能扩展还蛮多：\n\nCodeium 是一个人工智能驱动的代码完成工具。它支持超过20种语言，并与常用的IDE集成，个人用户永久免费。需要注册登陆后才能使用。\nCodiga 是一个平台，使开发人员能够更快地编写更好的代码。 开发人员可以使用Codiga编码助手直接从他们的 IDE 生成、分发和重用代码片段。\nCodeWhisperer 亚马逊的CodeWhisperer通过基于自然语言注释和集成开发环境 (IDE) 中的代码生成代码建议来提高开发人员的工作效率。\nKite 是另外一种基于机器学习的代码自动补全插件。它的目标是帮助开发者更快地编写高质量的代码, Kite 支持超过16种语言以及16种代码编辑器。\nCaptain Stack 它使用 Google传输用户的搜索查询，然后从 StackOverFlow 和 Github Gist 收集答案，为用户自动完成填充，这个过程中不使用 AI。\nIntelliCode 是一种在 GitHub 項目样本上训练的实验性AI编码辅助工具。\n\n先收藏备用着，哪个以后收费了不能用了，就换成其它的。\n后记\n现在看来，中国媒体以前吹嘘的中国新四大发明, 美国媒体吹嘘的Web3.0-元宇宙都是噱头，ChatGPT掀起的这股科技浪潮，才是一次划时代的科技变革，必将影响深远。ChatGPT3.5的调试参数是1750亿个左右，ChatGPT4.0的调试参数已经骤升至100万亿左右，人的大脑皮层神经元数量是140-160亿之间，到达这个级别，智慧就会涌现。看到这么强大的工具，我不禁感慨，不是前端已死，而是程序员已死，程序员自己革了自己的命，以后编程的门槛会大幅降低，程序员的护城河将不复存在。百年未有之大变局。不过现在还能苟且一段时间，因为我发现ChatGPT3.5的数据是有滞后性的。问它有些问题，它就回答不了。如下图所示:\n\nChatGPT4.0应该做了改进。另外AI补全代码的功能虽然强大，但只适合通用场景，要是开发一些定制化很强的业务代码，也很难给它描述清楚。此外，补全的代码仍旧需要人工Code Review和调试，现阶段AI还不能完全替代程序员。','2023-04-14 16:28:33.733','2024-01-24 02:57:57.993',NULL,1,3,1,8),(9,'MariaDB','MariaDB关系型数据库','MariaDB是关系型数据库','2023-04-14 16:48:00.492','2024-03-22 17:15:48.530',NULL,1,3,1,16),(10,'test','text','test','2023-05-08 17:28:46.559','2024-03-22 17:15:44.548',NULL,1,3,2,4),(11,'test1','test2','test','2023-05-08 17:29:36.271','2024-04-29 09:07:34.863',NULL,1,3,2,3),(12,'test5','test444','test','2023-05-08 17:31:41.793','2024-04-29 09:07:31.614',NULL,1,3,2,4),(13,'test7','test77555','test','2023-05-09 11:24:11.583','2023-11-27 14:57:42.343',NULL,1,3,2,3),(14,'React Rust','React Rust','React Rust','2023-08-30 14:25:43.315','2024-03-12 08:13:33.858',NULL,1,3,1,7),(15,'Rust 难吗？','Rust 安全性 内存管理','Rust is difficulty','2023-09-21 15:58:29.852','2024-05-07 02:31:01.744',NULL,1,3,1,11),(16,'Rust Trait','特征','其中一个特性为接口','2023-09-22 18:00:44.873','2024-02-27 16:57:45.297',NULL,1,3,1,8),(17,'Rust async await','Rust 异步','async await 是 Rust 异步的实现','2023-10-08 16:57:36.844','2024-03-25 09:12:14.027',NULL,1,3,1,18),(18,'test77','test555','','2024-01-25 09:27:35.394','2024-05-14 02:37:35.463',NULL,1,3,2,8),(19,'托尔斯泰','他说他','test','2024-03-24 09:50:45.806','2024-05-20 03:54:52.379',NULL,1,3,1,9);
/*!40000 ALTER TABLE `articles` ENABLE KEYS */;
UNLOCK TABLES;

--
-- Temporary view structure for view `authority_menu`
--

DROP TABLE IF EXISTS `authority_menu`;
/*!50001 DROP VIEW IF EXISTS `authority_menu`*/;
SET @saved_cs_client     = @@character_set_client;
/*!50503 SET character_set_client = utf8mb4 */;
/*!50001 CREATE VIEW `authority_menu` AS SELECT
 1 AS `id`,
 1 AS `path`,
 1 AS `icon`,
 1 AS `name`,
 1 AS `sort`,
 1 AS `title`,
 1 AS `hidden`,
 1 AS `component`,
 1 AS `parent_id`,
 1 AS `created_at`,
 1 AS `updated_at`,
 1 AS `deleted_at`,
 1 AS `keep_alive`,
 1 AS `menu_level`,
 1 AS `default_menu`,
 1 AS `close_tab`,
 1 AS `menu_id`,
 1 AS `authority_id`*/;
SET character_set_client = @saved_cs_client;

--
-- Table structure for table `base_messages`
--

DROP TABLE IF EXISTS `base_messages`;
/*!40101 SET @saved_cs_client     = @@character_set_client */;
/*!50503 SET character_set_client = utf8mb4 */;
CREATE TABLE `base_messages` (
  `id` int unsigned NOT NULL AUTO_INCREMENT,
  `created_at` datetime(3) DEFAULT NULL,
  `updated_at` datetime(3) DEFAULT NULL,
  `deleted_at` datetime(3) DEFAULT NULL,
  `title` varchar(50) CHARACTER SET utf8mb4 COLLATE utf8mb4_general_ci NOT NULL COMMENT '网站标题',
  `introduction` varchar(255) CHARACTER SET utf8mb4 COLLATE utf8mb4_general_ci NOT NULL COMMENT '网站简介',
  `head_img` text CHARACTER SET utf8mb4 COLLATE utf8mb4_general_ci NOT NULL COMMENT '网站头像',
  `copyright` varchar(255) CHARACTER SET utf8mb4 COLLATE utf8mb4_general_ci NOT NULL COMMENT '版权信息',
  `link` varchar(255) CHARACTER SET utf8mb4 COLLATE utf8mb4_general_ci DEFAULT NULL COMMENT '链接',
  `record_info` varchar(255) CHARACTER SET utf8mb4 COLLATE utf8mb4_general_ci DEFAULT NULL COMMENT '备案信息',
  `user_id` bigint unsigned NOT NULL COMMENT '用户id',
  PRIMARY KEY (`id`),
  UNIQUE KEY `user_id_unique` (`user_id`) COMMENT '用户唯一性'
) ENGINE=InnoDB AUTO_INCREMENT=1 DEFAULT CHARSET=utf8mb4 COLLATE=utf8mb4_general_ci COMMENT='基础信息';
/*!40101 SET character_set_client = @saved_cs_client */;

--
-- Dumping data for table `base_messages`
--

LOCK TABLES `base_messages` WRITE;
/*!40000 ALTER TABLE `base_messages` DISABLE KEYS */;
INSERT INTO `base_messages` VALUES (1,'2022-10-17 14:11:22.000','2022-10-17 14:11:31.000',NULL,'fu','护士','/upload/image/3452345.png','sdfasdf','dfasdfa','asdfasdfas',1),(2,'2022-10-17 14:25:00.370','2023-01-05 19:37:36.808',NULL,'漂亮战斗','完美、漂亮','uploads/file/c4c64d58519e9da37804679ebc58244a_20221117104843.jpg','作死4444','http://localhost:8080','嘿嘿',2),(3,'2023-01-06 10:27:57.161','2023-01-06 10:27:57.161',NULL,'功夫','功夫的神','uploads/file/4441cd7e6b665842bd3d8b390dd9c3aa_20230106102715.png','对战功夫','http://localhost:8080','搞笑',3);
/*!40000 ALTER TABLE `base_messages` ENABLE KEYS */;
UNLOCK TABLES;

--
-- Table structure for table `casbin_rule`
--

DROP TABLE IF EXISTS `casbin_rule`;
/*!40101 SET @saved_cs_client     = @@character_set_client */;
/*!50503 SET character_set_client = utf8mb4 */;
CREATE TABLE `casbin_rule` (
  `p_type` varchar(100) CHARACTER SET utf8mb4 COLLATE utf8mb4_general_ci DEFAULT NULL,
  `v0` varchar(100) CHARACTER SET utf8mb4 COLLATE utf8mb4_general_ci DEFAULT NULL,
  `v1` varchar(100) CHARACTER SET utf8mb4 COLLATE utf8mb4_general_ci DEFAULT NULL,
  `v2` varchar(100) CHARACTER SET utf8mb4 COLLATE utf8mb4_general_ci DEFAULT NULL,
  `v3` varchar(100) CHARACTER SET utf8mb4 COLLATE utf8mb4_general_ci DEFAULT NULL,
  `v4` varchar(100) CHARACTER SET utf8mb4 COLLATE utf8mb4_general_ci DEFAULT NULL,
  `v5` varchar(100) CHARACTER SET utf8mb4 COLLATE utf8mb4_general_ci DEFAULT NULL,
  `id` bigint unsigned NOT NULL AUTO_INCREMENT,
  `ptype` varchar(100) CHARACTER SET utf8mb4 COLLATE utf8mb4_general_ci DEFAULT NULL,
  PRIMARY KEY (`id`),
  UNIQUE KEY `idx_casbin_rule` (`ptype`,`v0`,`v1`,`v2`,`v3`,`v4`,`v5`)
) ENGINE=InnoDB AUTO_INCREMENT=1 DEFAULT CHARSET=utf8mb4 COLLATE=utf8mb4_general_ci;
/*!40101 SET character_set_client = @saved_cs_client */;

--
-- Dumping data for table `casbin_rule`
--

LOCK TABLES `casbin_rule` WRITE;
/*!40000 ALTER TABLE `casbin_rule` DISABLE KEYS */;
INSERT INTO `casbin_rule` VALUES ('p','998','/backend/tag/findTag/:id','GET','','','',1,NULL),('p','998','/backend/tag/getTagList','GET','','','',2,NULL),('p','9528','/backend/backend/user/setUserAuthority','POST','','','',3,NULL),('p','9528','/backend/base/login','POST','','','',4,NULL),('p','998','/backend/article/createArticle','POST','','','',5,NULL),('p','9528','/backend/jwt/jsonInBlacklist','POST','','','',6,NULL),('p','998','/backend/article/deleteArticle/:id','DELETE','','','',7,NULL),('p','9528','/backend/user/getUserInfo','GET','','','',8,NULL),('p','998','/backend/article/deleteArticleByIds','DELETE','','','',9,NULL),('p','9528','/backend/user/getUserCount','GET','','','',10,NULL),('p','998','/backend/article/updateArticle/:id','PUT','','','',11,NULL),('p','9528','/backend/menu/getMenu','GET','','','',12,NULL),('p','998','/backend/article/findArticle/:id','GET','','','',13,NULL),('p','8881','/backend/base/login','POST','','','',14,NULL),('p','8881','/backend/jwt/jsonInBlacklist','POST','','','',15,NULL),('p','8881','/backend/user/setSelfInfo','PUT','','','',16,NULL),('p','8881','/backend/user/getUserInfo','GET','','','',17,NULL),('p','8881','/backend/user/changePassword','POST','','','',18,NULL),('p','8881','/backend/user/setUserAuthority','POST','','','',19,NULL),('p','66','/backend/base/login','POST','','','',20,NULL),('p','66','/backend/fileUploadAndDownload/findFile','GET','','','',21,NULL),('p','66','/backend/fileUploadAndDownload/breakpointContinue','POST','','','',22,NULL),('p','66','/backend/fileUploadAndDownload/breakpointContinueFinish','POST','','','',23,NULL),('p','66','/backend/fileUploadAndDownload/removeChunk','POST','','','',24,NULL),('p','66','/backend/tag/createTag','POST','','','',25,NULL),('p','66','/backend/tag/deleteTag/:id','DELETE','','','',26,NULL),('p','66','/backend/tag/deleteTagByIds','DELETE','','','',27,NULL),('p','66','/backend/tag/updateTag','PUT','','','',28,NULL),('p','66','/backend/tag/findTag/:id','GET','','','',29,NULL),('p','66','/backend/tag/getTagList','GET','','','',30,NULL),('p','66','/backend/article/createArticle','POST','','','',31,NULL),('p','66','/backend/article/deleteArticle/:id','DELETE','','','',32,NULL),('p','66','/backend/article/deleteArticleByIds','DELETE','','','',33,NULL),('p','66','/backend/article/updateArticle/:id','PUT','','','',34,NULL),('p','66','/backend/article/findArticle/:id','GET','','','',35,NULL),('p','66','/backend/article/getArticleList','GET','','','',36,NULL),('p','66','/backend/article/putArticleByIds','PUT','','','',37,NULL),('p','66','/backend/article/getArticleReading','GET','','','',38,NULL),('p','66','/backend/comment/createComment','POST','','','',39,NULL),('p','66','/backend/comment/deleteComment','DELETE','','','',40,NULL),('p','66','/backend/comment/deleteCommentByIds','DELETE','','','',41,NULL),('p','66','/backend/comment/updateComment','PUT','','','',42,NULL),('p','66','/backend/comment/findComment','GET','','','',43,NULL),('p','66','/backend/comment/getCommentList','GET','','','',44,NULL),('p','66','/backend/comment/getCommentTreeList','GET','','','',45,NULL),('p','998','/backend/article/getArticleList','GET','','','',46,NULL),('p','66','/backend/comment/pariseComment','PUT','','','',47,NULL),('p','66','/backend/base_message/getBaseMessage/:id','GET','','','',48,NULL),('p','998','/backend/comment/createComment','POST','','','',49,NULL),('p','66','/backend/base_message/createBaseMessage','POST','','','',50,NULL),('p','998','/backend/comment/deleteComment','DELETE','','','',51,NULL),('p','66','/backend/base_message/updateBaseMessage','PUT','','','',52,NULL),('p','66','/backend/base_message/upload_file','POST','','','',53,NULL),('p','66','/backend/github/createGithub','POST','','','',54,NULL),('p','66','/backend/github/getGithubList','GET','','','',55,NULL),('p','998','/backend/base/login','POST','','','',56,NULL),('p','998','/backend/comment/deleteCommentByIds','DELETE','','','',57,NULL),('p','998','/backend/jwt/jsonInBlacklist','POST','','','',58,NULL),('p','998','/backend/comment/updateComment','PUT','','','',59,NULL),('p','998','/backend/user/deleteUser','DELETE','','','',60,NULL),('p','998','/backend/comment/findComment','GET','','','',61,NULL),('p','998','/backend/user/admin_register','POST','','','',62,NULL),('p','998','/backend/comment/getCommentList','GET','','','',63,NULL),('p','998','/backend/base_message/createBaseMessage','POST','','','',64,NULL),('p','998','/backend/base_message/updateBaseMessage','PUT','','','',65,NULL),('p','998','/backend/user/getUserList','GET','','','',69,NULL),('p','998','/backend/user/setUserInfo','PUT','','','',71,NULL),('p','998','/backend/user/setSelfInfo','PUT','','','',73,NULL),('p','998','/backend/user/getUserInfo','GET','','','',75,NULL),('p','998','/backend/user/setUserAuthorities','POST','','','',77,NULL),('p','998','/backend/user/changePassword','POST','','','',79,NULL),('p','998','/backend/user/setUserAuthority','POST','','','',80,NULL),('p','998','/backend/user/resetPassword','POST','','','',82,NULL),('p','998','/backend/user/getUserCount','GET','','','',83,NULL),('p','998','/backend/api/createApi','POST','','','',88,NULL),('p','998','/backend/api/deleteApi/:id','DELETE','','','',90,NULL),('p','998','/backend/api/updateApi/:id','PUT','','','',92,NULL),('p','998','/backend/api/getApiList','GET','','','',94,NULL),('p','998','/backend/api/getAllApis','GET','','','',96,NULL),('p','998','/backend/api/getApiById/:id','GET','','','',97,NULL),('p','998','/backend/api/deleteApisByIds','DELETE','','','',98,NULL),('p','998','/backend/api/getAllApisList','GET','','','',99,NULL),('p','998','/backend/authority/copyAuthority','POST','','','',100,NULL),('p','998','/backend/authority/createAuthority','POST','','','',101,NULL),('p','998','/backend/authority/deleteAuthority','DELETE','','','',102,NULL),('p','998','/backend/authority/updateAuthority','PUT','','','',103,NULL),('p','998','/backend/authority/getAuthorityList','GET','','','',104,NULL),('p','998','/backend/authority/setDataAuthority','POST','','','',105,NULL),('p','998','/backend/casbin/updateCasbin','POST','','','',106,NULL),('p','998','/backend/casbin/getPolicyPathByAuthorityId/:id','GET','','','',107,NULL),('p','998','/backend/menu/addBaseMenu','POST','','','',108,NULL),('p','998','/backend/menu/getMenu','GET','','','',109,NULL),('p','998','/backend/menu/deleteBaseMenu/:id','DELETE','','','',110,NULL),('p','998','/backend/menu/updateBaseMenu','PUT','','','',111,NULL),('p','998','/backend/menu/getBaseMenuById/:id','GET','','','',112,NULL),('p','998','/backend/menu/getMenuList','GET','','','',113,NULL),('p','998','/backend/menu/getBaseMenuTree','GET','','','',114,NULL),('p','998','/backend/menu/getMenuAuthority','GET','','','',115,NULL),('p','998','/backend/menu/addMenuAuthority','POST','','','',116,NULL),('p','998','/backend/sysDictionary/createSysDictionary','POST','','','',117,NULL),('p','998','/backend/sysDictionary/deleteSysDictionary','DELETE','','','',118,NULL),('p','998','/backend/sysDictionary/updateSysDictionary','PUT','','','',119,NULL),('p','998','/backend/sysDictionary/findSysDictionary','GET','','','',120,NULL),('p','998','/backend/sysDictionary/getSysDictionaryList','GET','','','',121,NULL),('p','998','/backend/sysOperationRecord/createSysOperationRecord','POST','','','',122,NULL),('p','998','/backend/sysOperationRecord/findSysOperationRecord','GET','','','',123,NULL),('p','998','/backend/sysOperationRecord/getSysOperationRecordList','GET','','','',124,NULL),('p','998','/backend/sysOperationRecord/deleteSysOperationRecord','DELETE','','','',125,NULL),('p','998','/backend/sysOperationRecord/deleteSysOperationRecordByIds','DELETE','','','',126,NULL),('p','998','/backend/simpleUploader/upload','POST','','','',127,NULL),('p','998','/backend/simpleUploader/checkFileMd5','GET','','','',128,NULL),('p','998','/backend/simpleUploader/mergeFileMd5','GET','','','',129,NULL),('p','998','/backend/email/emailTest','POST','','','',130,NULL),('p','998','/backend/email/emailSend','POST','','','',131,NULL),('p','998','/backend/authorityBtn/setAuthorityBtn','POST','','','',132,NULL),('p','998','/backend/authorityBtn/getAuthorityBtn','GET','','','',137,NULL),('p','998','/backend/authorityBtn/canRemoveAuthorityBtn/:id','DELETE','','','',138,NULL),('p','998','/backend/tag/createTag','POST','','','',140,NULL),('p','998','/backend/tag/deleteTag/:id','DELETE','','','',142,NULL),('p','998','/backend/tag/deleteTagByIds','DELETE','','','',144,NULL),('p','998','/backend/tag/updateTag','PUT','','','',146,NULL),('p','888','/backend/base/login','POST','','','',1752,NULL),('p','888','/backend/jwt/jsonInBlacklist','POST','','','',1753,NULL),('p','888','/backend/user/deleteUser','DELETE','','','',1754,NULL),('p','888','/backend/user/admin_register','POST','','','',1755,NULL),('p','888','/backend/user/getUserList','GET','','','',1756,NULL),('p','888','/backend/user/setUserInfo','PUT','','','',1757,NULL),('p','888','/backend/user/setSelfInfo','PUT','','','',1758,NULL),('p','888','/backend/user/getUserInfo','GET','','','',1759,NULL),('p','888','/backend/user/setUserAuthorities','POST','','','',1760,NULL),('p','888','/backend/user/changePassword','POST','','','',1761,NULL),('p','888','/backend/user/setUserAuthority','POST','','','',1762,NULL),('p','888','/backend/user/resetPassword','POST','','','',1763,NULL),('p','888','/backend/user/getUserCount','GET','','','',1764,NULL),('p','888','/backend/api/createApi','POST','','','',1765,NULL),('p','888','/backend/api/deleteApi/:id','DELETE','','','',1766,NULL),('p','888','/backend/api/updateApi/:id','PUT','','','',1767,NULL),('p','888','/backend/api/getApiList','GET','','','',1768,NULL),('p','888','/backend/api/getAllApis','GET','','','',1769,NULL),('p','888','/backend/api/getApiById/:id','GET','','','',1770,NULL),('p','888','/backend/api/deleteApisByIds','DELETE','','','',1771,NULL),('p','888','/backend/api/getAllApisList','GET','','','',1772,NULL),('p','888','/backend/authority/copyAuthority','POST','','','',1773,NULL),('p','888','/backend/authority/createAuthority','POST','','','',1774,NULL),('p','888','/backend/authority/deleteAuthority','DELETE','','','',1775,NULL),('p','888','/backend/authority/updateAuthority','PUT','','','',1776,NULL),('p','888','/backend/authority/getAuthorityList','GET','','','',1777,NULL),('p','888','/backend/authority/setDataAuthority','POST','','','',1778,NULL),('p','888','/backend/casbin/updateCasbin','POST','','','',1779,NULL),('p','888','/backend/casbin/getPolicyPathByAuthorityId/:id','GET','','','',1780,NULL),('p','888','/backend/menu/addBaseMenu','POST','','','',1781,NULL),('p','888','/backend/menu/getMenu','GET','','','',1782,NULL),('p','888','/backend/menu/deleteBaseMenu/:id','DELETE','','','',1783,NULL),('p','888','/backend/menu/updateBaseMenu','PUT','','','',1784,NULL),('p','888','/backend/menu/getBaseMenuById/:id','GET','','','',1785,NULL),('p','888','/backend/menu/getMenuList','GET','','','',1786,NULL),('p','888','/backend/menu/getBaseMenuTree','GET','','','',1787,NULL),('p','888','/backend/menu/getMenuAuthority','GET','','','',1788,NULL),('p','888','/backend/menu/addMenuAuthority','POST','','','',1789,NULL),('p','888','/backend/fileUploadAndDownload/findFile','GET','','','',1790,NULL),('p','888','/backend/fileUploadAndDownload/breakpointContinue','POST','','','',1791,NULL),('p','888','/backend/fileUploadAndDownload/breakpointContinueFinish','POST','','','',1792,NULL),('p','888','/backend/fileUploadAndDownload/removeChunk','POST','','','',1793,NULL),('p','888',' /backend/fileUploadAndDownload/deleteFileBreakpoint/:id','DELETE','','','',1794,NULL),('p','888','/backend/fileUploadAndDownload/getFileBreakpoint','GET','','','',1795,NULL),('p','888','/backend/fileUploadAndDownload/upload','POST','','','',1796,NULL),('p','888','/backend/fileUploadAndDownload/deleteFile/:id','DELETE','','','',1797,NULL),('p','888','/backend/fileUploadAndDownload/editFileName','PUT','','','',1798,NULL),('p','888','/backend/fileUploadAndDownload/getFileList','GET','','','',1799,NULL),('p','888','/backend/system/getServerInfo','GET','','','',1800,NULL),('p','888','/backend/system/getSystemConfig','GET','','','',1801,NULL),('p','888','/backend/system/setSystemConfig','PUT','','','',1802,NULL),('p','888','/backend/customer/customer','PUT','','','',1803,NULL),('p','888','/backend/customer/customer','POST','','','',1804,NULL),('p','888','/backend/customer/customer','DELETE','','','',1805,NULL),('p','888','/backend/customer/customer','GET','','','',1806,NULL),('p','888','/backend/customer/customerList','GET','','','',1807,NULL),('p','888','/backend/autoCode/getDB','GET','','','',1808,NULL),('p','888','/backend/autoCode/getTables','GET','','','',1809,NULL),('p','888','/backend/autoCode/createTemp','POST','','','',1810,NULL),('p','888','/backend/autoCode/preview','POST','','','',1811,NULL),('p','888','/backend/autoCode/getColumn','GET','','','',1812,NULL),('p','888','/backend/autoCode/createPackage','POST','','','',1813,NULL),('p','888','/backend/autoCode/getPackage','POST','','','',1814,NULL),('p','888','/backend/autoCode/delPackage','POST','','','',1815,NULL),('p','888','/backend/autoCode/getMeta','POST','','','',1816,NULL),('p','888','/backend/autoCode/rollback','POST','','','',1817,NULL),('p','888','/backend/autoCode/getSysHistory','POST','','','',1818,NULL),('p','888','/backend/autoCode/delSysHistory','POST','','','',1819,NULL),('p','888','/backend/sysDictionaryDetail/updateSysDictionaryDetail','PUT','','','',1820,NULL),('p','888','/backend/sysDictionaryDetail/createSysDictionaryDetail','POST','','','',1821,NULL),('p','888','/backend/sysDictionaryDetail/deleteSysDictionaryDetail','DELETE','','','',1822,NULL),('p','888','/backend/sysDictionaryDetail/findSysDictionaryDetail','GET','','','',1823,NULL),('p','888','/backend/sysDictionaryDetail/getSysDictionaryDetailList','GET','','','',1824,NULL),('p','888','/backend/sysDictionary/createSysDictionary','POST','','','',1825,NULL),('p','888','/backend/sysDictionary/deleteSysDictionary','DELETE','','','',1826,NULL),('p','888','/backend/sysDictionary/updateSysDictionary','PUT','','','',1827,NULL),('p','888','/backend/sysDictionary/findSysDictionary','GET','','','',1828,NULL),('p','888','/backend/sysDictionary/getSysDictionaryList','GET','','','',1829,NULL),('p','888','/backend/sysOperationRecord/createSysOperationRecord','POST','','','',1830,NULL),('p','888','/backend/sysOperationRecord/findSysOperationRecord','GET','','','',1831,NULL),('p','888','/backend/sysOperationRecord/getSysOperationRecordList','GET','','','',1832,NULL),('p','888','/backend/sysOperationRecord/deleteSysOperationRecord','DELETE','','','',1833,NULL),('p','888','/backend/sysOperationRecord/deleteSysOperationRecordByIds','DELETE','','','',1834,NULL),('p','888','/backend/simpleUploader/upload','POST','','','',1835,NULL),('p','888','/backend/simpleUploader/checkFileMd5','GET','','','',1836,NULL),('p','888','/backend/simpleUploader/mergeFileMd5','GET','','','',1837,NULL),('p','888','/backend/email/emailTest','POST','','','',1838,NULL),('p','888','/backend/email/emailSend','POST','','','',1839,NULL),('p','888','/backend/excel/importExcel','POST','','','',1840,NULL),('p','888','/backend/excel/loadExcel','GET','','','',1841,NULL),('p','888','/backend/excel/exportExcel','POST','','','',1842,NULL),('p','888','/backend/excel/downloadTemplate','GET','','','',1843,NULL),('p','888','/backend/excel/getFileInfoList','GET','','','',1844,NULL),('p','888','/backend/authorityBtn/setAuthorityBtn','POST','','','',1845,NULL),('p','888','/backend/authorityBtn/getAuthorityBtn','GET','','','',1846,NULL),('p','888','/backend/authorityBtn/canRemoveAuthorityBtn/:id','DELETE','','','',1847,NULL),('p','888','/backend/tag/createTag','POST','','','',1848,NULL),('p','888','/backend/tag/deleteTag/:id','DELETE','','','',1849,NULL),('p','888','/backend/tag/deleteTagByIds','DELETE','','','',1850,NULL),('p','888','/backend/tag/updateTag','PUT','','','',1851,NULL),('p','888','/backend/tag/findTag/:id','GET','','','',1852,NULL),('p','888','/backend/tag/getTagList','GET','','','',1853,NULL),('p','888','/backend/article/createArticle','POST','','','',1854,NULL),('p','888','/backend/article/deleteArticle/:id','DELETE','','','',1855,NULL),('p','888','/backend/article/deleteArticleByIds','DELETE','','','',1856,NULL),('p','888','/backend/article/updateArticle/:id','PUT','','','',1857,NULL),('p','888','/backend/article/findArticle/:id','GET','','','',1858,NULL),('p','888','/backend/article/getArticleList','GET','','','',1859,NULL),('p','888','/backend/article/putArticleByIds','PUT','','','',1860,NULL),('p','888','/backend/article/getArticleReading','GET','','','',1861,NULL),('p','888','/backend/comment/createComment','POST','','','',1862,NULL),('p','888','/backend/comment/deleteComment/:id','DELETE','','','',1863,NULL),('p','888','/backend/comment/deleteCommentByIds','DELETE','','','',1864,NULL),('p','888','/backend/comment/updateComment/:id','PUT','','','',1865,NULL),('p','888','/backend/comment/getComment/:id','GET','','','',1866,NULL),('p','888','/backend/comment/getCommentList','GET','','','',1867,NULL),('p','888','/backend/comment/getCommentTreeList','GET','','','',1868,NULL),('p','888','/backend/comment/pariseComment','PUT','','','',1869,NULL),('p','888','/backend/base_message/getBaseMessage/:id','GET','','','',1870,NULL),('p','888','/backend/base_message/createBaseMessage','POST','','','',1871,NULL),('p','888','/backend/base_message/updateBaseMessage','PUT','','','',1872,NULL),('p','888','/backend/base_message/upload_file','POST','','','',1873,NULL),('p','888','/backend/problem/getIsSetting/:id','GET','','','',1874,NULL),('p','888','/backend/problem/updateProblem','PUT','','','',1875,NULL),('p','888','/backend/problem/getProblemList/:id','GET','','','',1876,NULL),('p','888','/backend/problem/verifyAnswer','POST','','','',1877,NULL),('p','888','/backend/tasking/start','GET','','','',1878,NULL),('p','888','/backend/user/getFlowmeter','GET','','','',1879,NULL),('p','888','/backend/frontend-user/createUser','POST','','','',1880,NULL),('p','888','/backend/frontend-user/findUser/:id','GET','','','',1881,NULL),('p','888','/backend/frontend-user/deleteUser/:id','DELETE','','','',1882,NULL),('p','888','/backend/frontend-user/deleteUserByIds','DELETE','','','',1883,NULL),('p','888','/backend/frontend-user/getUserList','GET','','','',1884,NULL),('p','888','/backend/frontend-user/updateUser/:id','PUT','','','',1885,NULL),('p','888','/backend/system/reloadSystem','POST','','','',1886,NULL),('p','888','/backend/github/createGithub','GET','','','',1887,NULL),('p','888','/backend/github/getGithubList','GET','','','',1888,NULL),('p','888','/moblieUser/createMoblieUser','POST','','','',1889,NULL),('p','888','/moblieUser/deleteMoblieUser','DELETE','','','',1890,NULL),('p','888','/moblieUser/deleteMoblieUserByIds','DELETE','','','',1891,NULL),('p','888','/moblieUser/updateMoblieUser','PUT','','','',1892,NULL),('p','888','/moblieUser/findMoblieUser','GET','','','',1893,NULL),('p','888','/moblieUser/getMoblieUserList','GET','','','',1894,NULL),('p','888','/backend/mobile/createMobileUser','POST','','','',1895,NULL),('p','888','/backend/mobile/deleteMobileUser/:id','DELETE','','','',1896,NULL),('p','888','/backend/mobile/deleteMobileUserByIds','DELETE','','','',1897,NULL),('p','888','/backend/mobile/updateMobileUser/:id','PUT','','','',1898,NULL),('p','888','/backend/mobile/findMobileUser/:id','GET','','','',1899,NULL),('p','888','/backend/mobile/getMobileUserList','GET','','','',1900,NULL),('p','888','/backend/api/getAllApisList','POST','','','',1901,NULL);
/*!40000 ALTER TABLE `casbin_rule` ENABLE KEYS */;
UNLOCK TABLES;

--
-- Table structure for table `comments`
--

DROP TABLE IF EXISTS `comments`;
/*!40101 SET @saved_cs_client     = @@character_set_client */;
/*!50503 SET character_set_client = utf8mb4 */;
CREATE TABLE `comments` (
  `id` bigint unsigned NOT NULL AUTO_INCREMENT,
  `created_at` datetime(3) DEFAULT NULL,
  `updated_at` datetime(3) DEFAULT NULL,
  `deleted_at` datetime(3) DEFAULT NULL,
  `article_id` int unsigned NOT NULL COMMENT '文章id',
  `parent_id` int unsigned NOT NULL COMMENT '上级',
  `content` text CHARACTER SET utf8mb4 COLLATE utf8mb4_general_ci COMMENT '内容',
  `user_id` int unsigned NOT NULL COMMENT '用户id',
  `to_user_id` int unsigned NOT NULL COMMENT '回复评论的用户id',
  PRIMARY KEY (`id`),
  KEY `comment_ibfk` (`article_id`),
  FULLTEXT KEY `content` (`content`),
  CONSTRAINT `comment_ibfk` FOREIGN KEY (`article_id`) REFERENCES `articles` (`id`)
) ENGINE=InnoDB AUTO_INCREMENT=1 DEFAULT CHARSET=utf8mb4 COLLATE=utf8mb4_general_ci;
/*!40101 SET character_set_client = @saved_cs_client */;

--
-- Dumping data for table `comments`
--

LOCK TABLES `comments` WRITE;
/*!40000 ALTER TABLE `comments` DISABLE KEYS */;
INSERT INTO `comments` VALUES (1,'2023-10-24 17:16:06.000','2022-11-08 14:01:59.666',NULL,1,0,'mimi',3,0),(2,'2022-09-06 00:00:00.000','2022-10-28 11:47:58.468',NULL,2,1,'大是发生5555',3,3),(6,'2022-09-06 00:00:00.000','2022-10-14 19:01:49.208',NULL,1,1,'大是发生',3,0),(7,'2022-09-06 00:00:00.000','2022-10-24 18:24:12.315',NULL,1,1,'大是发生',3,0),(10,'2022-09-06 00:00:00.000','2022-10-24 18:24:02.801',NULL,3,1,'大是发生',3,0),(11,'2022-10-14 17:51:32.846','2022-10-25 17:55:46.237',NULL,3,0,'content',3,0),(12,'2023-03-21 09:29:15.178','2023-03-21 09:29:15.178',NULL,1,0,'sdfsdfas',3,0),(13,'2023-03-21 09:29:20.105','2023-03-21 09:29:20.105',NULL,1,0,'sdfsdfas',3,0),(14,'2023-03-21 09:30:19.786','2023-03-21 09:30:19.786',NULL,1,0,'1111',3,0),(15,'2023-03-21 09:34:44.982','2023-03-21 09:34:44.982',NULL,1,0,'555',3,0),(16,'2023-03-21 10:28:07.090','2023-03-21 10:28:07.090',NULL,1,15,'',3,0),(17,'2023-03-21 10:28:51.627','2023-03-21 10:28:51.627',NULL,1,15,'5555',3,0),(18,'2023-03-21 10:29:30.302','2023-03-21 10:29:30.302',NULL,1,14,'5555666',3,0),(19,'2023-03-21 10:30:42.397','2023-03-21 10:30:42.397',NULL,1,12,'11222',3,0),(20,'2023-03-21 10:31:37.526','2023-03-21 10:31:37.526',NULL,1,1,'11222',3,0),(21,'2023-03-21 10:32:03.517','2023-03-21 10:32:03.517',NULL,1,1,'555',3,0),(22,'2023-03-21 15:24:27.908','2023-03-21 15:24:27.908',NULL,1,0,'ghdfghdfgjdfgjh',3,0),(23,'2023-03-21 15:24:36.499','2023-03-21 15:24:36.499',NULL,1,0,'',3,0),(24,'2023-03-21 15:47:28.048','2023-03-21 15:47:28.048',NULL,1,0,'',3,0),(25,'2023-03-21 15:47:37.816','2023-03-21 15:47:37.816',NULL,1,0,'dsfasdfas',3,0),(26,'2023-03-21 17:47:36.743','2023-03-21 17:47:36.743',NULL,1,24,'123123123',3,0),(27,'2023-03-21 17:47:42.976','2023-03-21 17:47:42.976',NULL,1,22,'asdfasdgsdagsd',3,0),(28,'2023-03-21 17:47:52.000','2023-03-21 17:47:52.000',NULL,1,15,'sdfasdfasdf',3,0),(29,'2023-03-21 17:48:46.082','2023-03-21 17:48:46.082',NULL,2,0,'55555555',3,0),(30,'2023-03-21 17:52:50.350','2023-03-21 17:52:50.350',NULL,6,0,'4444',3,0),(31,'2023-03-21 17:53:15.853','2023-03-21 17:53:15.853',NULL,5,0,'555555',3,0),(32,'2023-03-22 09:41:55.927','2023-03-22 09:41:55.927',NULL,5,0,'sdfsdfsdfasdf',3,0),(33,'2023-03-22 09:42:11.030','2023-03-22 09:42:11.030',NULL,5,0,'嘿嘿',3,0),(34,'2023-03-22 09:42:55.408','2023-03-22 09:42:55.408',NULL,5,33,'呜呜',3,0),(35,'2023-03-23 16:47:28.043','2023-03-23 16:47:28.043',NULL,7,0,'123123',3,0),(36,'2023-03-23 16:48:23.370','2023-03-23 16:48:23.370',NULL,2,0,'sdfasdfasd',3,0),(37,'2023-03-23 16:48:37.396','2023-03-23 16:48:37.396',NULL,2,29,'test',3,0),(38,'2023-03-23 16:50:16.100','2023-03-23 16:50:16.100',NULL,2,0,'444444444',3,0),(39,'2023-03-23 18:30:57.593','2023-03-23 18:30:57.593',NULL,2,36,'呜呜',3,0),(40,'2023-03-23 18:31:11.286','2023-03-23 18:31:11.286',NULL,2,29,'哔哔',3,0),(41,'2023-03-23 18:32:31.526','2023-03-23 18:32:31.526',NULL,2,0,'你可以了',3,0),(42,'2023-03-23 18:32:40.214','2023-03-23 18:32:40.214',NULL,2,0,'嘿嘿',3,0),(43,'2023-03-23 18:33:01.767','2023-03-23 18:33:01.767',NULL,2,41,'嘿嘿',3,0),(44,'2023-03-23 18:33:14.550','2023-03-23 18:33:14.550',NULL,2,42,'咪咪',3,0),(45,'2023-03-23 18:33:42.207','2023-03-23 18:33:42.207',NULL,2,38,'777777777777',3,0),(46,'2023-03-24 13:52:28.191','2023-03-24 13:52:28.191',NULL,2,0,'毕方',3,0),(47,'2023-03-24 13:52:36.469','2023-03-24 13:52:36.469',NULL,2,0,'test55555',3,0),(48,'2023-03-24 13:52:54.629','2023-03-24 13:52:54.629',NULL,2,0,'test',3,0),(49,'2023-03-24 13:52:55.357','2023-03-24 13:52:55.357',NULL,2,0,'test',3,0),(50,'2023-03-24 13:53:03.908','2023-03-24 13:53:03.908',NULL,2,0,'test',3,0),(51,'2023-03-24 13:53:11.572','2023-03-24 13:53:11.572',NULL,2,50,'test555555555',3,0),(52,'2023-03-28 14:04:08.412','2023-03-28 14:04:08.412',NULL,5,33,'test55555555',3,0),(53,'2023-03-31 20:08:56.626','2023-03-31 20:08:56.626',NULL,5,0,'滋滋',3,0),(54,'2023-03-31 20:13:18.213','2023-03-31 20:13:18.213',NULL,5,0,'美滋滋',3,0),(55,'2023-03-31 20:14:40.103','2023-03-31 20:14:40.103',NULL,5,0,'美滋滋的',3,0),(56,'2023-03-31 20:14:57.440','2023-03-31 20:14:57.440',NULL,5,55,'你？',3,0),(57,'2023-03-31 20:35:58.604','2023-03-31 20:35:58.604',NULL,5,55,'版本',3,0),(58,'2023-03-31 20:35:59.587','2023-03-31 20:35:59.587',NULL,5,55,'版本',3,0),(59,'2023-03-31 20:38:13.588','2023-03-31 20:38:13.588',NULL,5,55,'test',3,0),(60,'2023-03-31 20:38:35.764','2023-03-31 20:38:35.764',NULL,5,54,'臭美吧',3,0),(61,'2023-04-06 12:10:14.127','2024-05-16 14:08:09.054','2024-05-16 14:12:52.123',5,0,'test555555555',3,0),(62,'2023-04-06 12:11:12.889','2023-04-06 12:11:12.889','2024-05-16 14:12:56.959',5,0,'testbbbbb',3,0),(63,'2023-04-07 10:13:55.613','2023-04-07 10:13:55.613',NULL,5,53,'呜呜 哔哔',3,0),(64,'2023-04-07 16:16:15.576','2023-04-07 16:16:15.576',NULL,5,0,'😆🖖✋🤚🤙🤙👈👉',3,0),(65,'2023-04-07 16:16:44.999','2023-04-07 16:16:44.999',NULL,5,0,'sdfasdfas😅😅😅😅😅😅',3,0),(66,'2023-04-17 08:47:57.194','2023-04-17 08:47:57.194',NULL,9,0,'1111',3,0),(67,'2023-04-27 10:02:33.180','2024-03-24 14:21:01.054','2024-03-24 14:52:49.866',9,0,'😅',3,0),(68,'2023-04-27 02:23:58.706','2023-04-27 02:23:58.706',NULL,5,65,'杀',3,0),(69,'2023-04-27 02:34:17.332','2023-04-27 02:34:17.332',NULL,5,65,'怯',3,0),(70,'2023-04-27 07:19:57.943','2023-04-27 07:19:57.943',NULL,5,65,'test',3,0),(71,'2023-04-27 07:23:05.052','2023-04-27 07:23:05.052',NULL,5,65,'5555',3,0),(72,'2023-06-16 11:39:11.912','2023-06-16 11:39:11.912',NULL,8,0,'test',5,0),(73,'2023-06-16 14:39:53.888','2024-05-16 14:07:31.547',NULL,8,72,'mimitttt',5,0),(74,'2024-05-16 14:13:24.166','2024-05-16 14:13:24.166','2024-05-16 14:22:18.888',5,0,'test777777777777',0,0),(75,'2024-05-16 14:15:01.449','2024-05-16 14:15:01.449','2024-05-16 14:22:16.912',5,0,'test00000',0,0),(76,'2024-05-16 14:20:33.506','2024-05-16 14:20:33.506','2024-05-16 14:22:14.481',5,0,'test66666',0,0),(77,'2024-05-16 14:21:58.015','2024-05-16 14:22:08.823',NULL,5,0,'test333355555555',3,0);
/*!40000 ALTER TABLE `comments` ENABLE KEYS */;
UNLOCK TABLES;

--
-- Table structure for table `exa_customers`
--

DROP TABLE IF EXISTS `exa_customers`;
/*!40101 SET @saved_cs_client     = @@character_set_client */;
/*!50503 SET character_set_client = utf8mb4 */;
CREATE TABLE `exa_customers` (
  `id` bigint unsigned NOT NULL AUTO_INCREMENT,
  `created_at` datetime(3) DEFAULT NULL,
  `updated_at` datetime(3) DEFAULT NULL,
  `deleted_at` datetime(3) DEFAULT NULL,
  `customer_name` varchar(191) CHARACTER SET utf8mb4 COLLATE utf8mb4_general_ci DEFAULT NULL COMMENT '客户名',
  `customer_phone_data` varchar(191) CHARACTER SET utf8mb4 COLLATE utf8mb4_general_ci DEFAULT NULL COMMENT '客户手机号',
  `sys_user_id` bigint unsigned DEFAULT NULL COMMENT '管理ID',
  `sys_user_authority_id` varchar(191) CHARACTER SET utf8mb4 COLLATE utf8mb4_general_ci DEFAULT NULL COMMENT '管理角色ID',
  PRIMARY KEY (`id`),
  KEY `idx_exa_customers_deleted_at` (`deleted_at`)
) ENGINE=InnoDB AUTO_INCREMENT=1 DEFAULT CHARSET=utf8mb4 COLLATE=utf8mb4_general_ci;
/*!40101 SET character_set_client = @saved_cs_client */;

--
-- Dumping data for table `exa_customers`
--

LOCK TABLES `exa_customers` WRITE;
/*!40000 ALTER TABLE `exa_customers` DISABLE KEYS */;
INSERT INTO `exa_customers` VALUES (1,'2022-04-19 15:45:50.105','2022-04-19 15:45:50.105','2022-04-19 15:45:58.933','mimi','14322331155',3,'888'),(2,'2022-04-28 20:18:51.217','2022-04-28 20:18:51.217','2022-04-29 10:15:44.415','wuhao','13399880055',1,'888'),(3,'2022-04-28 21:22:44.829','2022-04-28 21:22:44.829','2022-04-29 10:15:44.424','wuhao','15566779900',1,'888'),(4,'2022-04-28 21:23:22.348','2022-04-29 09:23:59.886','2022-04-29 10:15:44.421','lisi0','15200833442',1,'888'),(5,'2022-04-28 21:23:38.708','2022-04-28 21:23:38.708','2022-04-29 10:15:44.428','mimi','15644332233',1,'888'),(6,'2022-04-28 21:23:52.852','2022-04-28 21:23:52.852','2022-04-29 10:15:44.431','mimo','14233115544',1,'888'),(7,'2022-04-28 21:24:15.429','2022-04-28 21:24:15.429','2022-04-29 10:15:44.435','wangwu','17499223311',1,'888'),(8,'2022-04-28 21:24:36.893','2022-04-28 21:24:36.893','2022-04-29 10:15:44.448','wumi','14511223399',1,'888'),(9,'2022-04-28 21:25:05.190','2022-04-28 21:25:05.190','2022-04-29 10:15:44.451','chenda','16822335544',1,'888'),(10,'2022-04-28 21:25:34.469','2022-04-28 21:25:34.469','2022-04-29 10:15:44.445','wanglaoer','13522347744',1,'888'),(11,'2022-04-28 21:26:44.319','2022-04-28 21:26:44.319','2022-04-29 10:15:44.455','wuhaozhong','14322333188',1,'888'),(12,'2022-04-28 21:27:09.127','2022-04-28 21:27:09.127','2022-04-29 10:15:44.610','maoshi','15422331155',1,'888'),(13,'2022-04-29 10:16:35.320','2022-04-29 10:16:35.320','2022-04-29 10:22:44.526','lisi','15544223355',1,'888'),(14,'2022-04-29 10:23:05.464','2022-04-29 10:23:05.464','2022-05-07 10:34:20.820','wanglaowu','13322009955',1,'888'),(15,'2022-05-07 10:40:35.869','2022-05-27 17:53:50.737','2022-05-27 18:40:07.838','wuhaomimi','13566728809',1,'888'),(16,'2022-07-10 15:28:29.930','2023-04-23 15:23:16.143',NULL,'吴昊','13211221122',1,'888'),(17,'2023-04-23 15:23:57.999','2023-04-23 15:23:57.999',NULL,'失败','13322553353',3,'888'),(18,'2024-04-25 17:47:24.295','2024-04-25 17:47:24.295',NULL,'mini','13522331199',3,'888');
/*!40000 ALTER TABLE `exa_customers` ENABLE KEYS */;
UNLOCK TABLES;

--
-- Table structure for table `exa_file_chunks`
--

DROP TABLE IF EXISTS `exa_file_chunks`;
/*!40101 SET @saved_cs_client     = @@character_set_client */;
/*!50503 SET character_set_client = utf8mb4 */;
CREATE TABLE `exa_file_chunks` (
  `id` bigint unsigned NOT NULL AUTO_INCREMENT,
  `created_at` datetime(3) DEFAULT NULL,
  `updated_at` datetime(3) DEFAULT NULL,
  `deleted_at` datetime(3) DEFAULT NULL,
  `exa_file_id` bigint unsigned DEFAULT NULL,
  `file_chunk_number` bigint DEFAULT NULL,
  `file_chunk_path` varchar(191) CHARACTER SET utf8mb4 COLLATE utf8mb4_general_ci DEFAULT NULL,
  PRIMARY KEY (`id`),
  KEY `idx_exa_file_chunks_deleted_at` (`deleted_at`)
) ENGINE=InnoDB AUTO_INCREMENT=1 DEFAULT CHARSET=utf8mb4 COLLATE=utf8mb4_general_ci;
/*!40101 SET character_set_client = @saved_cs_client */;

--
-- Dumping data for table `exa_file_chunks`
--

LOCK TABLES `exa_file_chunks` WRITE;
/*!40000 ALTER TABLE `exa_file_chunks` DISABLE KEYS */;
INSERT INTO `exa_file_chunks` VALUES (1,'2022-04-15 17:33:29.595','2022-04-15 17:33:29.595','2022-04-15 17:33:29.630',1,0,'./breakpointDir/1d36cc7499a4f46e7a8b2cf3ea5725ae/lQLPDhtUqKROKHjM880CKbBCjHDzQILUeQJbYMwAAG8A_553_243.png_0'),(2,'2022-04-21 11:02:46.686','2022-04-21 11:02:46.686','2022-04-21 11:02:46.776',2,0,'./breakpointDir/3d9e8829db9823ec3aa3689e0e1cd4ca/疾病(完整)-20220421101058.xlsx_0'),(3,'2022-04-21 11:02:46.749','2022-04-21 11:02:46.749','2022-04-21 11:02:46.776',2,1,'./breakpointDir/3d9e8829db9823ec3aa3689e0e1cd4ca/疾病(完整)-20220421101058.xlsx_1'),(4,'2022-04-28 20:01:20.138','2022-04-28 20:01:20.138','2022-04-28 20:01:20.168',3,0,'./breakpointDir/a9ddf118109d032c94f5609af410c20a/微信图片_20220427085328.jpg_0'),(5,'2022-04-29 17:40:20.535','2022-04-29 17:40:20.535','2022-04-29 17:40:20.609',4,0,'./breakpointDir/28c93dfd02cc0bc791b6db9ace03277e/Golang101-v1.17.b.pdf-KaiTi.pdf_0'),(6,'2022-04-29 17:40:20.559','2022-04-29 17:40:20.559','2022-04-29 17:40:20.609',4,1,'./breakpointDir/28c93dfd02cc0bc791b6db9ace03277e/Golang101-v1.17.b.pdf-KaiTi.pdf_1'),(7,'2022-04-29 17:40:20.559','2022-04-29 17:40:20.559','2022-04-29 17:40:20.609',4,3,'./breakpointDir/28c93dfd02cc0bc791b6db9ace03277e/Golang101-v1.17.b.pdf-KaiTi.pdf_3'),(8,'2022-04-29 17:40:20.577','2022-04-29 17:40:20.577','2022-04-29 17:40:20.609',4,2,'./breakpointDir/28c93dfd02cc0bc791b6db9ace03277e/Golang101-v1.17.b.pdf-KaiTi.pdf_2'),(9,'2022-11-08 14:00:23.470','2022-11-08 14:00:23.470','2022-11-08 14:00:23.499',6,0,'./breakpointDir/e5c676c4b7ee25e8f461434c40073174/龙春炜.png_0'),(10,'2022-11-23 14:04:34.690','2022-11-23 14:04:34.690','2022-11-23 14:04:34.763',7,3,'./breakpointDir/e9515e4a9e203e4832852d6fe8ca6230/单位信息-20221031145931.xlsx_3'),(11,'2022-11-23 14:04:34.707','2022-11-23 14:04:34.707','2022-11-23 14:04:34.763',7,0,'./breakpointDir/e9515e4a9e203e4832852d6fe8ca6230/单位信息-20221031145931.xlsx_0'),(12,'2022-11-23 14:04:34.720','2022-11-23 14:04:34.720','2022-11-23 14:04:34.763',7,1,'./breakpointDir/e9515e4a9e203e4832852d6fe8ca6230/单位信息-20221031145931.xlsx_1'),(13,'2022-11-23 14:04:34.731','2022-11-23 14:04:34.731','2022-11-23 14:04:34.763',7,2,'./breakpointDir/e9515e4a9e203e4832852d6fe8ca6230/单位信息-20221031145931.xlsx_2'),(14,'2023-05-05 00:18:11.222','2023-05-05 00:18:11.222','2023-05-05 00:18:11.284',9,2,'./breakpointDir/a85c16ccae9c8f874df553e0b53d7318/b2-2023-03-17_10761538-HP202303111505-6-叶主深-肺Ca-mrd (1).docx_2'),(15,'2023-05-05 00:18:11.235','2023-05-05 00:18:11.235','2023-05-05 00:18:11.284',9,0,'./breakpointDir/a85c16ccae9c8f874df553e0b53d7318/b2-2023-03-17_10761538-HP202303111505-6-叶主深-肺Ca-mrd (1).docx_0'),(16,'2023-05-05 00:18:11.252','2023-05-05 00:18:11.252','2023-05-05 00:18:11.284',9,1,'./breakpointDir/a85c16ccae9c8f874df553e0b53d7318/b2-2023-03-17_10761538-HP202303111505-6-叶主深-肺Ca-mrd (1).docx_1'),(17,'2023-05-05 01:36:40.392','2023-05-05 01:36:40.392','2023-05-05 01:36:40.581',11,0,'./breakpointDir/2550f33021f9b0d37423b1e269e32c4c/g1-2022-12-23_12922509-HP202212102033-4-黄志涛-非小细胞肺Ca-680 (1).docx_0'),(18,'2023-05-05 01:36:40.414','2023-05-05 01:36:40.414','2023-05-05 01:36:40.581',11,1,'./breakpointDir/2550f33021f9b0d37423b1e269e32c4c/g1-2022-12-23_12922509-HP202212102033-4-黄志涛-非小细胞肺Ca-680 (1).docx_1'),(19,'2023-05-05 01:36:40.426','2023-05-05 01:36:40.426','2023-05-05 01:36:40.581',11,2,'./breakpointDir/2550f33021f9b0d37423b1e269e32c4c/g1-2022-12-23_12922509-HP202212102033-4-黄志涛-非小细胞肺Ca-680 (1).docx_2'),(20,'2023-05-05 01:36:40.441','2023-05-05 01:36:40.441','2023-05-05 01:36:40.581',11,3,'./breakpointDir/2550f33021f9b0d37423b1e269e32c4c/g1-2022-12-23_12922509-HP202212102033-4-黄志涛-非小细胞肺Ca-680 (1).docx_3'),(21,'2023-05-05 01:36:40.457','2023-05-05 01:36:40.457','2023-05-05 01:36:40.581',11,4,'./breakpointDir/2550f33021f9b0d37423b1e269e32c4c/g1-2022-12-23_12922509-HP202212102033-4-黄志涛-非小细胞肺Ca-680 (1).docx_4'),(22,'2023-05-05 01:36:40.470','2023-05-05 01:36:40.470','2023-05-05 01:36:40.581',11,5,'./breakpointDir/2550f33021f9b0d37423b1e269e32c4c/g1-2022-12-23_12922509-HP202212102033-4-黄志涛-非小细胞肺Ca-680 (1).docx_5'),(23,'2023-05-05 01:36:40.477','2023-05-05 01:36:40.477','2023-05-05 01:36:40.581',11,10,'./breakpointDir/2550f33021f9b0d37423b1e269e32c4c/g1-2022-12-23_12922509-HP202212102033-4-黄志涛-非小细胞肺Ca-680 (1).docx_10'),(24,'2023-05-05 01:36:40.489','2023-05-05 01:36:40.489','2023-05-05 01:36:40.581',11,6,'./breakpointDir/2550f33021f9b0d37423b1e269e32c4c/g1-2022-12-23_12922509-HP202212102033-4-黄志涛-非小细胞肺Ca-680 (1).docx_6'),(25,'2023-05-05 01:36:40.504','2023-05-05 01:36:40.504','2023-05-05 01:36:40.581',11,8,'./breakpointDir/2550f33021f9b0d37423b1e269e32c4c/g1-2022-12-23_12922509-HP202212102033-4-黄志涛-非小细胞肺Ca-680 (1).docx_8'),(26,'2023-05-05 01:36:40.522','2023-05-05 01:36:40.522','2023-05-05 01:36:40.581',11,7,'./breakpointDir/2550f33021f9b0d37423b1e269e32c4c/g1-2022-12-23_12922509-HP202212102033-4-黄志涛-非小细胞肺Ca-680 (1).docx_7'),(27,'2023-05-05 01:36:40.538','2023-05-05 01:36:40.538','2023-05-05 01:36:40.581',11,9,'./breakpointDir/2550f33021f9b0d37423b1e269e32c4c/g1-2022-12-23_12922509-HP202212102033-4-黄志涛-非小细胞肺Ca-680 (1).docx_9'),(28,'2023-05-05 01:38:42.368','2023-05-05 01:38:42.368',NULL,12,0,'./breakpointDir/2550f33021f9b0d37423b1e269e32c4c/g1-2022-12-23_12922509-HP202212102033-4-黄志涛-非小细胞肺Ca-680 (1).docx_0'),(29,'2023-05-05 01:38:42.372','2023-05-05 01:38:42.372',NULL,13,1,'./breakpointDir/2550f33021f9b0d37423b1e269e32c4c/g1-2022-12-23_12922509-HP202212102033-4-黄志涛-非小细胞肺Ca-680 (1).docx_1'),(30,'2023-05-05 01:38:42.387','2023-05-05 01:38:42.387',NULL,14,2,'./breakpointDir/2550f33021f9b0d37423b1e269e32c4c/g1-2022-12-23_12922509-HP202212102033-4-黄志涛-非小细胞肺Ca-680 (1).docx_2'),(31,'2023-05-05 01:38:42.400','2023-05-05 01:38:42.400',NULL,15,3,'./breakpointDir/2550f33021f9b0d37423b1e269e32c4c/g1-2022-12-23_12922509-HP202212102033-4-黄志涛-非小细胞肺Ca-680 (1).docx_3'),(32,'2023-05-05 01:38:42.416','2023-05-05 01:38:42.416',NULL,16,4,'./breakpointDir/2550f33021f9b0d37423b1e269e32c4c/g1-2022-12-23_12922509-HP202212102033-4-黄志涛-非小细胞肺Ca-680 (1).docx_4'),(33,'2023-05-05 01:38:42.432','2023-05-05 01:38:42.432',NULL,17,5,'./breakpointDir/2550f33021f9b0d37423b1e269e32c4c/g1-2022-12-23_12922509-HP202212102033-4-黄志涛-非小细胞肺Ca-680 (1).docx_5'),(34,'2023-05-05 01:38:42.441','2023-05-05 01:38:42.441',NULL,18,10,'./breakpointDir/2550f33021f9b0d37423b1e269e32c4c/g1-2022-12-23_12922509-HP202212102033-4-黄志涛-非小细胞肺Ca-680 (1).docx_10'),(35,'2023-05-05 01:38:42.456','2023-05-05 01:38:42.456',NULL,19,6,'./breakpointDir/2550f33021f9b0d37423b1e269e32c4c/g1-2022-12-23_12922509-HP202212102033-4-黄志涛-非小细胞肺Ca-680 (1).docx_6'),(36,'2023-05-05 01:38:42.472','2023-05-05 01:38:42.472',NULL,20,7,'./breakpointDir/2550f33021f9b0d37423b1e269e32c4c/g1-2022-12-23_12922509-HP202212102033-4-黄志涛-非小细胞肺Ca-680 (1).docx_7'),(37,'2023-05-05 01:38:42.485','2023-05-05 01:38:42.485',NULL,21,8,'./breakpointDir/2550f33021f9b0d37423b1e269e32c4c/g1-2022-12-23_12922509-HP202212102033-4-黄志涛-非小细胞肺Ca-680 (1).docx_8'),(38,'2023-05-05 01:38:42.499','2023-05-05 01:38:42.499',NULL,22,9,'./breakpointDir/2550f33021f9b0d37423b1e269e32c4c/g1-2022-12-23_12922509-HP202212102033-4-黄志涛-非小细胞肺Ca-680 (1).docx_9'),(39,'2023-05-05 01:41:12.263','2023-05-05 01:41:12.263',NULL,23,0,'./breakpointDir/2550f33021f9b0d37423b1e269e32c4c/g1-2022-12-23_12922509-HP202212102033-4-黄志涛-非小细胞肺Ca-680 (1).docx_0'),(40,'2023-05-05 01:41:12.270','2023-05-05 01:41:12.270',NULL,24,1,'./breakpointDir/2550f33021f9b0d37423b1e269e32c4c/g1-2022-12-23_12922509-HP202212102033-4-黄志涛-非小细胞肺Ca-680 (1).docx_1'),(41,'2023-05-05 01:41:12.296','2023-05-05 01:41:12.296',NULL,25,2,'./breakpointDir/2550f33021f9b0d37423b1e269e32c4c/g1-2022-12-23_12922509-HP202212102033-4-黄志涛-非小细胞肺Ca-680 (1).docx_2'),(42,'2023-05-05 01:41:12.304','2023-05-05 01:41:12.304',NULL,26,3,'./breakpointDir/2550f33021f9b0d37423b1e269e32c4c/g1-2022-12-23_12922509-HP202212102033-4-黄志涛-非小细胞肺Ca-680 (1).docx_3'),(43,'2023-05-05 01:41:12.315','2023-05-05 01:41:12.315',NULL,27,4,'./breakpointDir/2550f33021f9b0d37423b1e269e32c4c/g1-2022-12-23_12922509-HP202212102033-4-黄志涛-非小细胞肺Ca-680 (1).docx_4'),(44,'2023-05-05 01:41:12.331','2023-05-05 01:41:12.331',NULL,28,5,'./breakpointDir/2550f33021f9b0d37423b1e269e32c4c/g1-2022-12-23_12922509-HP202212102033-4-黄志涛-非小细胞肺Ca-680 (1).docx_5'),(45,'2023-05-05 01:41:12.341','2023-05-05 01:41:12.341',NULL,29,10,'./breakpointDir/2550f33021f9b0d37423b1e269e32c4c/g1-2022-12-23_12922509-HP202212102033-4-黄志涛-非小细胞肺Ca-680 (1).docx_10'),(46,'2023-05-05 01:41:12.357','2023-05-05 01:41:12.357',NULL,30,7,'./breakpointDir/2550f33021f9b0d37423b1e269e32c4c/g1-2022-12-23_12922509-HP202212102033-4-黄志涛-非小细胞肺Ca-680 (1).docx_7'),(47,'2023-05-05 01:41:12.368','2023-05-05 01:41:12.368',NULL,31,6,'./breakpointDir/2550f33021f9b0d37423b1e269e32c4c/g1-2022-12-23_12922509-HP202212102033-4-黄志涛-非小细胞肺Ca-680 (1).docx_6'),(48,'2023-05-05 01:41:12.389','2023-05-05 01:41:12.389',NULL,32,8,'./breakpointDir/2550f33021f9b0d37423b1e269e32c4c/g1-2022-12-23_12922509-HP202212102033-4-黄志涛-非小细胞肺Ca-680 (1).docx_8'),(49,'2023-05-05 01:41:12.396','2023-05-05 01:41:12.396',NULL,33,9,'./breakpointDir/2550f33021f9b0d37423b1e269e32c4c/g1-2022-12-23_12922509-HP202212102033-4-黄志涛-非小细胞肺Ca-680 (1).docx_9'),(50,'2023-05-05 01:42:10.070','2023-05-05 01:42:10.070','2023-05-05 01:42:10.135',35,2,'./breakpointDir/a468e58da60799213735eccb59e7efb4/redis-6.2.7.tar.gz_2'),(51,'2023-05-05 01:42:10.085','2023-05-05 01:42:10.085','2023-05-05 01:42:10.135',35,0,'./breakpointDir/a468e58da60799213735eccb59e7efb4/redis-6.2.7.tar.gz_0'),(52,'2023-05-05 01:42:10.103','2023-05-05 01:42:10.103','2023-05-05 01:42:10.135',35,1,'./breakpointDir/a468e58da60799213735eccb59e7efb4/redis-6.2.7.tar.gz_1');
/*!40000 ALTER TABLE `exa_file_chunks` ENABLE KEYS */;
UNLOCK TABLES;

--
-- Table structure for table `exa_file_upload_and_downloads`
--

DROP TABLE IF EXISTS `exa_file_upload_and_downloads`;
/*!40101 SET @saved_cs_client     = @@character_set_client */;
/*!50503 SET character_set_client = utf8mb4 */;
CREATE TABLE `exa_file_upload_and_downloads` (
  `id` bigint unsigned NOT NULL AUTO_INCREMENT,
  `created_at` datetime(3) DEFAULT NULL,
  `updated_at` datetime(3) DEFAULT NULL,
  `deleted_at` datetime(3) DEFAULT NULL,
  `name` varchar(191) CHARACTER SET utf8mb4 COLLATE utf8mb4_general_ci DEFAULT NULL COMMENT '文件名',
  `url` varchar(191) CHARACTER SET utf8mb4 COLLATE utf8mb4_general_ci DEFAULT NULL COMMENT '文件地址',
  `tag` varchar(191) CHARACTER SET utf8mb4 COLLATE utf8mb4_general_ci DEFAULT NULL COMMENT '文件标签',
  `key` varchar(191) CHARACTER SET utf8mb4 COLLATE utf8mb4_general_ci DEFAULT NULL COMMENT '编号',
  `width` int DEFAULT NULL COMMENT '宽度',
  `height` int DEFAULT NULL COMMENT '长度',
  `proportion` float(24,7) DEFAULT NULL COMMENT '长宽比例',
  `is_cropper` tinyint(1) DEFAULT '1' COMMENT '是否为裁剪图片',
  PRIMARY KEY (`id`),
  KEY `idx_exa_file_upload_and_downloads_deleted_at` (`deleted_at`)
) ENGINE=InnoDB AUTO_INCREMENT=1 DEFAULT CHARSET=utf8mb4 COLLATE=utf8mb4_general_ci;
/*!40101 SET character_set_client = @saved_cs_client */;

--
-- Dumping data for table `exa_file_upload_and_downloads`
--

LOCK TABLES `exa_file_upload_and_downloads` WRITE;
/*!40000 ALTER TABLE `exa_file_upload_and_downloads` DISABLE KEYS */;
INSERT INTO `exa_file_upload_and_downloads` VALUES (1,'2022-04-15 17:31:14.931','2022-04-15 17:31:14.931','2023-07-20 10:00:02.000','10.png','https://qmplusimg.henrongyi.top/gvalogo.png','png','158787308910.png',NULL,NULL,NULL,1),(2,'2022-04-15 17:31:14.931','2022-04-15 17:31:14.931','2023-07-20 10:00:28.000','logo.png','https://qmplusimg.henrongyi.top/1576554439myAvatar.png','png','1587973709logo.png',NULL,NULL,NULL,1),(9,'2022-07-27 10:10:13.539','2022-07-27 10:10:13.539','2023-06-09 11:19:17.000','1-3.png','uploads/file/13cee27a2bd93915479f049378cffdd3_20220727101013.png','png','13cee27a2bd93915479f049378cffdd3_20220727101013.png',NULL,NULL,NULL,1),(10,'2022-07-27 10:10:19.958','2022-07-27 10:10:19.958','2023-06-09 11:19:20.000','images.jpeg','uploads/file/59b514174bffe4ae402b3d63aad79fe0_20220727101019.jpeg','jpeg','59b514174bffe4ae402b3d63aad79fe0_20220727101019.jpeg',NULL,NULL,NULL,1),(11,'2022-07-27 10:10:25.818','2022-07-27 10:10:25.818','2023-06-09 11:19:13.000','images.png','uploads/file/59b514174bffe4ae402b3d63aad79fe0_20220727101025.png','png','59b514174bffe4ae402b3d63aad79fe0_20220727101025.png',NULL,NULL,NULL,1),(12,'2022-07-27 10:10:33.291','2022-08-08 16:01:47.443',NULL,'user_logo.png','uploads/file/006c7619946ea53c1834544186a78c07_20220727101033.png','png','006c7619946ea53c1834544186a78c07_20220727101033.png',NULL,NULL,NULL,1),(13,'2022-08-29 17:59:56.279','2022-08-29 17:59:56.279',NULL,'780.jpeg','uploads/file/a8e864d04c95572d1aece099af852d0a_20220829175956.jpeg','jpeg','a8e864d04c95572d1aece099af852d0a_20220829175956.jpeg',NULL,NULL,NULL,1),(17,'2022-08-29 18:41:25.180','2022-08-29 18:41:25.180','2023-06-09 11:18:41.000','75610部队自费检测预约码.jpg','uploads/file/7b5b4b35a9d0ba2814cba4adbef691bd_20220829184125.jpg','jpg','7b5b4b35a9d0ba2814cba4adbef691bd_20220829184125.jpg',NULL,NULL,NULL,1),(19,'2022-08-29 18:42:30.282','2022-08-29 18:42:30.282','2022-11-17 11:31:38.000','23_iso100_14mm (1).jpg','uploads/file/ff3806b459cfa082ef35a75a928a23c0_20220829184230.jpg','jpg','ff3806b459cfa082ef35a75a928a23c0_20220829184230.jpg',NULL,NULL,NULL,1),(20,'2022-08-29 18:42:30.286','2022-08-29 18:42:30.286','2022-11-17 11:31:38.000','23_iso100_14mm (1).jpg','uploads/file/ff3806b459cfa082ef35a75a928a23c0_20220829184230.jpg','jpg','ff3806b459cfa082ef35a75a928a23c0_20220829184230.jpg',NULL,NULL,NULL,1),(21,'2022-08-29 18:43:19.451','2022-08-29 18:43:19.451','2022-11-17 11:31:38.000','23_iso100_14mm (1).jpg','uploads/file/ff3806b459cfa082ef35a75a928a23c0_20220829184319.jpg','jpg','ff3806b459cfa082ef35a75a928a23c0_20220829184319.jpg',NULL,NULL,NULL,1),(22,'2022-08-29 18:43:19.452','2022-08-29 18:43:19.452','2022-11-17 11:31:38.000','23_iso100_14mm (1).jpg','uploads/file/ff3806b459cfa082ef35a75a928a23c0_20220829184319.jpg','jpg','ff3806b459cfa082ef35a75a928a23c0_20220829184319.jpg',NULL,NULL,NULL,1),(23,'2022-08-29 18:43:19.455','2022-08-29 18:43:19.455','2022-11-17 11:31:38.000','23_iso100_14mm (1).jpg','uploads/file/ff3806b459cfa082ef35a75a928a23c0_20220829184319.jpg','jpg','ff3806b459cfa082ef35a75a928a23c0_20220829184319.jpg',NULL,NULL,NULL,1),(24,'2022-08-29 18:43:19.456','2022-08-29 18:43:19.456','2022-11-17 11:31:38.000','23_iso100_14mm (1).jpg','uploads/file/ff3806b459cfa082ef35a75a928a23c0_20220829184319.jpg','jpg','ff3806b459cfa082ef35a75a928a23c0_20220829184319.jpg',NULL,NULL,NULL,1),(25,'2022-10-17 15:38:39.026','2022-10-17 15:38:39.026','2023-06-09 11:18:30.000','images.png','uploads/file/59b514174bffe4ae402b3d63aad79fe0_20221017153839.png','png','59b514174bffe4ae402b3d63aad79fe0_20221017153839.png',NULL,NULL,NULL,1),(27,'2022-10-17 18:09:11.475','2022-10-17 18:09:11.475','2023-06-09 11:18:27.000','934b49aae24a2eccc8c9cd7f568e513f_512_512.jpg','uploads/file/1085b5d3b242e6f58e874ef3ca86fde7_20221017180911.jpg','jpg','1085b5d3b242e6f58e874ef3ca86fde7_20221017180911.jpg',NULL,NULL,NULL,1),(28,'2022-10-17 19:36:25.231','2022-10-17 19:36:25.231','2023-06-09 11:18:23.000','1-3.png','uploads/file/13cee27a2bd93915479f049378cffdd3_20221017193625.png','png','13cee27a2bd93915479f049378cffdd3_20221017193625.png',NULL,NULL,NULL,1),(29,'2022-10-17 19:37:46.247','2022-10-17 19:37:46.247',NULL,'934b49aae24a2eccc8c9cd7f568e513f_512_512.jpg','uploads/file/1085b5d3b242e6f58e874ef3ca86fde7_20221017193746.jpg','jpg','1085b5d3b242e6f58e874ef3ca86fde7_20221017193746.jpg',NULL,NULL,NULL,1),(34,'2022-10-18 08:19:09.509','2022-10-18 08:19:09.509',NULL,'images.jpeg','uploads/file/59b514174bffe4ae402b3d63aad79fe0_20221018081909.jpeg','jpeg','59b514174bffe4ae402b3d63aad79fe0_20221018081909.jpeg',NULL,NULL,NULL,1),(35,'2022-10-18 08:48:58.894','2022-10-18 11:15:31.034','2023-06-08 15:23:32.000','5601.png','uploads/file/006c7619946ea53c1834544186a78c07_20221018084858.png','png','006c7619946ea53c1834544186a78c07_20221018084858.png',NULL,NULL,NULL,1),(36,'2022-10-18 08:51:01.734','2022-10-18 08:51:01.734','2023-06-09 11:18:15.000','images.png','uploads/file/59b514174bffe4ae402b3d63aad79fe0_20221018085101.png','png','59b514174bffe4ae402b3d63aad79fe0_20221018085101.png',NULL,NULL,NULL,1),(37,'2022-10-18 08:52:00.391','2022-10-18 08:52:00.391','2023-06-09 11:18:10.000','1-3.png','uploads/file/13cee27a2bd93915479f049378cffdd3_20221018085200.png','png','13cee27a2bd93915479f049378cffdd3_20221018085200.png',NULL,NULL,NULL,1),(38,'2022-10-18 08:53:26.800','2022-10-18 08:53:26.800',NULL,'images.png','uploads/file/59b514174bffe4ae402b3d63aad79fe0_20221018085326.png','png','59b514174bffe4ae402b3d63aad79fe0_20221018085326.png',NULL,NULL,NULL,1),(39,'2022-10-18 08:54:17.130','2022-10-18 08:54:17.130',NULL,'1-3.png','uploads/file/13cee27a2bd93915479f049378cffdd3_20221018085417.png','png','13cee27a2bd93915479f049378cffdd3_20221018085417.png',NULL,NULL,NULL,1),(40,'2022-10-24 18:22:42.159','2022-10-24 18:22:42.159',NULL,'2-removebg-preview.png','uploads/file/0900a02714323193aabce9f79747fb9a_20221024182242.png','png','0900a02714323193aabce9f79747fb9a_20221024182242.png',NULL,NULL,NULL,1),(41,'2022-11-16 18:26:24.604','2022-11-16 18:26:24.604','2022-11-17 11:31:38.000','5601.png','uploads/file/832635d692f57778f906e5563b757187_20221116182624.png','png','832635d692f57778f906e5563b757187_20221116182624.png',NULL,NULL,NULL,1),(42,'2022-11-16 18:28:01.577','2022-11-16 18:28:01.577','2022-11-17 11:31:35.000','5601.png','uploads/file/832635d692f57778f906e5563b757187_20221116182801.png','png','832635d692f57778f906e5563b757187_20221116182801.png',NULL,NULL,NULL,1),(43,'2022-11-16 18:36:00.077','2022-11-16 18:36:00.077','2022-11-17 11:31:16.000','sunset-g4cdd57008_1920.jpg','uploads/file/2a79760d2ccc670b5ce52eca09d4e43b_20221116183600.jpg','jpg','2a79760d2ccc670b5ce52eca09d4e43b_20221116183600.jpg',NULL,NULL,NULL,1),(44,'2022-11-17 09:28:45.743','2022-11-17 09:28:45.743','2022-11-17 11:31:12.000','sunset-g4cdd57008_1920.jpg','uploads/file/2a79760d2ccc670b5ce52eca09d4e43b_20221117092845.jpg','jpg','2a79760d2ccc670b5ce52eca09d4e43b_20221117092845.jpg',NULL,NULL,NULL,1),(45,'2022-11-17 09:31:14.695','2022-11-17 09:31:14.695','2022-11-17 11:31:06.000','three-gorges-gdad30bb9d_1920.jpg','uploads/file/dc603c6754e489285a29c4c7c8220459_20221117093114.jpg','jpg','dc603c6754e489285a29c4c7c8220459_20221117093114.jpg',NULL,NULL,NULL,1),(46,'2022-11-17 09:31:20.150','2022-11-17 09:31:20.150','2022-11-17 11:31:03.000','751EE775-9B1F-4B15-BCFE-B85D5535FACA.png','uploads/file/2d932d72a2d32439cad4dca982bfedef_20221117093120.png','png','2d932d72a2d32439cad4dca982bfedef_20221117093120.png',NULL,NULL,NULL,1),(52,'2022-11-17 10:48:43.913','2022-11-17 10:48:43.913',NULL,'travel-g21eb5d3ea_1920.jpg','uploads/file/c4c64d58519e9da37804679ebc58244a_20221117104843.jpg','jpg','c4c64d58519e9da37804679ebc58244a_20221117104843.jpg',NULL,NULL,NULL,1),(53,'2022-11-17 10:55:49.793','2022-11-17 10:55:49.793',NULL,'780.jpeg','uploads/file/a8e864d04c95572d1aece099af852d0a_20221117105549.jpeg','jpeg','a8e864d04c95572d1aece099af852d0a_20221117105549.jpeg',NULL,NULL,NULL,1),(54,'2022-11-21 11:35:06.227','2022-11-21 11:35:06.227',NULL,'ios14-memoji-hero.jpg','uploads/file/2a05c632cc1e530cbdda378a379d87b6_20221121113506.jpg','jpg','2a05c632cc1e530cbdda378a379d87b6_20221121113506.jpg',NULL,NULL,NULL,1),(55,'2023-01-06 10:27:15.628','2023-01-06 10:27:15.628',NULL,'qrcode.png','uploads/file/4441cd7e6b665842bd3d8b390dd9c3aa_20230106102715.png','png','4441cd7e6b665842bd3d8b390dd9c3aa_20230106102715.png',NULL,NULL,NULL,1),(69,'2023-03-29 11:20:09.340','2023-03-29 11:20:09.340','2023-06-09 11:17:55.000','home.jpg','uploads/file/2023/03/29/106a6c241b8797f52e1e77317b96a201.jpg','jpg','106a6c241b8797f52e1e77317b96a201.jpg',NULL,NULL,NULL,1),(70,'2023-03-29 11:37:18.037','2023-03-29 11:37:18.037','2023-06-09 11:17:44.000','home.jpg','uploads/file/2023/03/29/106a6c241b8797f52e1e77317b96a201.jpg','jpg','106a6c241b8797f52e1e77317b96a201.jpg',1680,945,1.7777778,1),(71,'2023-03-30 13:46:58.100','2023-03-30 17:42:18.448',NULL,'444.jpg','uploads/file/2023/03/30/caa2054489261ffab47d8e2bf7fc076d.jpg','jpg','caa2054489261ffab47d8e2bf7fc076d.jpg',600,337,1.7804154,1),(72,'2023-03-30 17:42:31.874','2023-03-30 17:42:31.874','2022-11-17 11:31:03.000','H55e736d12f2eb9381bd4b8efd9628535e5dd6f76.jpg','uploads/file/2023/03/30/caa2054489261ffab47d8e2bf7fc076d.jpg','jpg','caa2054489261ffab47d8e2bf7fc076d.jpg',600,337,1.7804154,1),(73,'2023-04-10 08:52:10.120','2023-04-10 08:52:10.120',NULL,'kyaw-tun-k6BHLfw_jUg-unsplash.jpg','uploads/file/2023/04/10/67a364d82917fd25ad1ed186287131e5.jpg','jpg','67a364d82917fd25ad1ed186287131e5.jpg',3840,2400,1.6000000,1),(74,'2023-04-10 08:52:52.330','2023-04-10 08:52:52.330',NULL,'marian-kroell-qElMHWePpok-unsplash.jpg','uploads/file/2023/04/10_085252/de80a37baa7ae7885d0bce7f62f9a70b.jpg','jpg','de80a37baa7ae7885d0bce7f62f9a70b.jpg',3840,2160,1.7777778,1),(75,'2023-04-10 08:54:46.022','2023-04-10 08:54:46.022',NULL,'login_left.jpg','uploads/file/2023/04/10/e351a61b46c94e354bb25c41811dc227_085446.jpg','jpg','e351a61b46c94e354bb25c41811dc227_085446.jpg',1380,828,1.6666667,1),(76,'2023-04-10 16:28:25.743','2023-04-10 16:28:25.743',NULL,'8.jpeg','uploads/file/2023/04/10/c9f0f895fb98ab9159f51fd0297e236d_162825.jpeg','jpeg','c9f0f895fb98ab9159f51fd0297e236d_162825.jpeg',225,225,1.0000000,1),(77,'2023-04-10 16:28:31.064','2023-04-10 16:28:31.064',NULL,'7.jpeg','uploads/file/2023/04/10/8f14e45fceea167a5a36dedd4bea2543_162831.jpeg','jpeg','8f14e45fceea167a5a36dedd4bea2543_162831.jpeg',225,225,1.0000000,1),(78,'2023-04-10 16:28:35.302','2023-04-10 16:28:35.302',NULL,'6.jpeg','uploads/file/2023/04/10/1679091c5a880faf6fb5e6087eb1b2dc_162835.jpeg','jpeg','1679091c5a880faf6fb5e6087eb1b2dc_162835.jpeg',225,225,1.0000000,1),(79,'2023-04-10 16:28:39.142','2023-04-10 16:28:39.142',NULL,'55.jpeg','uploads/file/2023/04/10/b53b3a3d6ab90ce0268229151c9bde11_162839.jpeg','jpeg','b53b3a3d6ab90ce0268229151c9bde11_162839.jpeg',225,225,1.0000000,1),(80,'2023-04-13 16:26:44.054','2023-04-13 16:26:44.054','2023-06-09 11:17:27.000','下载.jpeg','uploads/file/2023/04/13/f26ef914245883c80f181c4aade2ed04_162644.jpeg','jpeg','f26ef914245883c80f181c4aade2ed04_162644.jpeg',NULL,NULL,NULL,1),(81,'2023-04-13 16:26:59.483','2023-04-13 16:26:59.483','2023-06-09 11:17:20.000','下载.jpeg','uploads/file/2023/04/13/f26ef914245883c80f181c4aade2ed04_162659.jpeg','jpeg','f26ef914245883c80f181c4aade2ed04_162659.jpeg',NULL,NULL,NULL,1),(82,'2023-04-13 16:32:47.752','2023-04-13 16:32:47.752','2023-06-09 11:17:18.000','下载.jpeg','uploads/file/2023/04/13/f26ef914245883c80f181c4aade2ed04_163247.jpeg','jpeg','f26ef914245883c80f181c4aade2ed04_163247.jpeg',NULL,NULL,NULL,1),(83,'2023-04-13 16:33:46.010','2023-04-13 16:33:46.010','2023-06-09 11:17:13.000','下载.jpeg','uploads/file/2023/04/13/f26ef914245883c80f181c4aade2ed04_163346.jpeg','jpeg','f26ef914245883c80f181c4aade2ed04_163346.jpeg',NULL,NULL,NULL,1),(84,'2023-04-13 16:43:16.495','2023-04-13 16:43:16.495','2023-06-09 11:17:10.000','下载.jpeg','uploads/file/2023/04/13/f26ef914245883c80f181c4aade2ed04_164316.jpeg','jpeg','f26ef914245883c80f181c4aade2ed04_164316.jpeg',NULL,NULL,NULL,1),(85,'2023-04-13 16:59:04.938','2023-04-13 16:59:04.938','2023-06-09 11:17:07.000','下载.jpeg','uploads/file/2023/04/13/f26ef914245883c80f181c4aade2ed04_165904.jpeg','jpeg','f26ef914245883c80f181c4aade2ed04_165904.jpeg',NULL,NULL,NULL,1),(86,'2023-04-13 18:04:55.742','2023-04-13 18:04:55.742',NULL,'images (1).jpeg','uploads/file/2023/04/13/144cb8381aea8b7eb240d8c884e65495_180455.jpeg','jpeg','144cb8381aea8b7eb240d8c884e65495_180455.jpeg',NULL,NULL,NULL,1),(87,'2023-04-13 18:05:48.381','2023-04-13 18:05:48.381',NULL,'images (2).jpeg','uploads/file/2023/04/13/038b857f401d483ef27b115d9cd5c9bd_180548.jpeg','jpeg','038b857f401d483ef27b115d9cd5c9bd_180548.jpeg',NULL,NULL,NULL,1),(88,'2023-04-13 18:07:04.144','2023-04-13 18:07:04.144',NULL,'images (6).jpeg','uploads/file/2023/04/13/22d60c4f0b0b0e1b62c33b3161c4cf6b_180704.jpeg','jpeg','22d60c4f0b0b0e1b62c33b3161c4cf6b_180704.jpeg',NULL,NULL,NULL,1),(89,'2023-04-13 18:07:52.241','2023-04-13 18:07:52.241','2023-06-09 11:16:46.000','images (7).jpeg','uploads/file/2023/04/13/20d9962a07bdd3fed81f7712da102f7b_180752.jpeg','jpeg','20d9962a07bdd3fed81f7712da102f7b_180752.jpeg',NULL,NULL,NULL,1),(90,'2023-04-13 18:08:06.946','2023-04-13 18:08:06.946',NULL,'images (8).jpeg','uploads/file/2023/04/13/8b31bfbfd22ef523378f0a86e92fb752_180806.jpeg','jpeg','8b31bfbfd22ef523378f0a86e92fb752_180806.jpeg',NULL,NULL,NULL,1),(91,'2023-04-13 18:12:39.357','2023-04-13 18:12:39.357',NULL,'images (10).jpeg','uploads/file/2023/04/13/55cbb44a6659298ff3e02ea9da2dbd4e_181239.jpeg','jpeg','55cbb44a6659298ff3e02ea9da2dbd4e_181239.jpeg',NULL,NULL,NULL,1),(92,'2023-04-13 18:13:21.159','2023-04-13 18:13:21.159',NULL,'images (11).jpeg','uploads/file/2023/04/13/867d4888bd1437e75dac3e83a7aecb77_181321.jpeg','jpeg','867d4888bd1437e75dac3e83a7aecb77_181321.jpeg',NULL,NULL,NULL,1),(93,'2023-04-13 18:14:29.928','2023-04-13 18:14:29.928',NULL,'images (12).jpeg','uploads/file/2023/04/13/bbc38cb4fd9c092195b08983094bf5b2_181429.jpeg','jpeg','bbc38cb4fd9c092195b08983094bf5b2_181429.jpeg',NULL,NULL,NULL,1),(94,'2023-04-14 08:51:54.334','2023-04-14 08:51:54.334',NULL,'images (7).jpeg','uploads/file/2023/04/14/20d9962a07bdd3fed81f7712da102f7b_085154.jpeg','jpeg','20d9962a07bdd3fed81f7712da102f7b_085154.jpeg',NULL,NULL,NULL,1),(95,'2023-04-17 10:14:10.694','2023-04-17 10:14:10.694',NULL,'images (37).jpeg','uploads/file/2023/04/17/940c67694aded94ac4b92b0265e9992a_101410.jpeg','jpeg','940c67694aded94ac4b92b0265e9992a_101410.jpeg',225,225,1.0000000,1),(96,'2023-04-17 10:14:33.190','2023-04-17 10:14:33.190',NULL,'images (38).jpeg','uploads/file/2023/04/17/171c521833adc16f37bed89204301096_101433.jpeg','jpeg','171c521833adc16f37bed89204301096_101433.jpeg',225,225,1.0000000,1),(97,'2023-04-17 10:15:20.137','2023-04-17 10:15:20.137',NULL,'images (39).jpeg','uploads/file/2023/04/17/544b51a2ef71d08bd3bf4f6f5ba63474_101520.jpeg','jpeg','544b51a2ef71d08bd3bf4f6f5ba63474_101520.jpeg',235,214,1.0981308,1),(98,'2023-04-17 10:16:11.833','2023-04-17 10:16:11.833',NULL,'images (2).png','uploads/file/2023/04/17/038b857f401d483ef27b115d9cd5c9bd_101611.png','png','038b857f401d483ef27b115d9cd5c9bd_101611.png',225,225,1.0000000,1),(99,'2023-04-17 10:16:29.972','2023-04-17 10:16:29.972',NULL,'images (40).jpeg','uploads/file/2023/04/17/369e9a8df88e466cdcdee757c2ab9962_101629.jpeg','jpeg','369e9a8df88e466cdcdee757c2ab9962_101629.jpeg',235,214,1.0981308,1),(100,'2023-04-20 10:37:20.954','2023-04-20 10:37:20.954',NULL,'images (2).jpeg','uploads/file/2023/04/20/038b857f401d483ef27b115d9cd5c9bd_103720.jpeg','jpeg','038b857f401d483ef27b115d9cd5c9bd_103720.jpeg',NULL,NULL,NULL,1),(101,'2023-04-20 10:40:58.573','2023-04-20 10:40:58.573','2023-06-09 11:16:06.000','images (7).jpeg','uploads/file/2023/04/20/20d9962a07bdd3fed81f7712da102f7b_104058.jpeg','jpeg','20d9962a07bdd3fed81f7712da102f7b_104058.jpeg',NULL,NULL,NULL,1),(110,'2023-06-09 15:28:53.226','2023-06-09 15:28:53.226',NULL,'screenshot_images (2).png','uploads/file/2023/06/09/85a63d13ac16232807616e5511898bd4_152853.png','png','85a63d13ac16232807616e5511898bd4_152853.png',225,225,1.0000000,2),(133,'2023-07-06 15:25:19.590','2023-11-10 11:02:24.681',NULL,'kill.jpeg','uploads/file/2023/07/06/f26ef914245883c80f181c4aade2ed04_152519.jpeg','jpeg','f26ef914245883c80f181c4aade2ed04_152519.jpeg',225,225,1.0000000,4),(134,'2023-07-06 15:25:24.881','2023-07-06 15:25:24.881',NULL,'1351.jpg','uploads/file/2023/07/06/3e313b9badf12632cdae5452d20e1af6_152524.jpg','jpg','3e313b9badf12632cdae5452d20e1af6_152524.jpg',450,300,1.5000000,4),(135,'2023-11-02 10:27:04.214','2023-11-02 10:27:04.214',NULL,'75713131.png','uploads/file/2023/11/02/18ad0cf54e628d34d5808940b2e35e05_102704.png','png','18ad0cf54e628d34d5808940b2e35e05_102704.png',200,200,1.0000000,1),(136,'2023-11-23 09:49:01.676','2023-11-23 09:49:01.676',NULL,'home-bg.png','uploads/file/2023/11/23/2e8d720735d3ecdf2cca21c06bedf929_094901.png','png','2e8d720735d3ecdf2cca21c06bedf929_094901.png',3738,1340,2.7895522,1),(137,'2024-03-24 14:26:55.698','2024-03-24 14:26:55.698',NULL,'细胞变异.png','uploads/file/2024/03/24/a20408ab5963c615262591bf94d52a07_142655.png','png','a20408ab5963c615262591bf94d52a07_142655.png',1225,845,1.4497041,1),(138,'2024-03-24 14:35:00.993','2024-03-24 14:35:00.993',NULL,'screenshot_细胞变异.png','uploads/file/2024/03/24/d64a51e8180c8c0c63783bec8879c074_143500.png','png','d64a51e8180c8c0c63783bec8879c074_143500.png',580,399,1.4536341,2);
/*!40000 ALTER TABLE `exa_file_upload_and_downloads` ENABLE KEYS */;
UNLOCK TABLES;

--
-- Table structure for table `exa_files`
--

DROP TABLE IF EXISTS `exa_files`;
/*!40101 SET @saved_cs_client     = @@character_set_client */;
/*!50503 SET character_set_client = utf8mb4 */;
CREATE TABLE `exa_files` (
  `id` bigint unsigned NOT NULL AUTO_INCREMENT,
  `created_at` datetime(3) DEFAULT NULL,
  `updated_at` datetime(3) DEFAULT NULL,
  `deleted_at` datetime(3) DEFAULT NULL,
  `file_name` varchar(191) CHARACTER SET utf8mb4 COLLATE utf8mb4_general_ci DEFAULT NULL,
  `file_md5` varchar(191) CHARACTER SET utf8mb4 COLLATE utf8mb4_general_ci DEFAULT NULL,
  `file_path` varchar(191) CHARACTER SET utf8mb4 COLLATE utf8mb4_general_ci DEFAULT NULL,
  `chunk_total` bigint DEFAULT NULL,
  `is_finish` tinyint(1) DEFAULT NULL,
  PRIMARY KEY (`id`),
  KEY `idx_exa_files_deleted_at` (`deleted_at`)
) ENGINE=InnoDB AUTO_INCREMENT=1 DEFAULT CHARSET=utf8mb4 COLLATE=utf8mb4_general_ci;
/*!40101 SET character_set_client = @saved_cs_client */;

--
-- Dumping data for table `exa_files`
--

LOCK TABLES `exa_files` WRITE;
/*!40000 ALTER TABLE `exa_files` DISABLE KEYS */;
INSERT INTO `exa_files` VALUES (1,'2022-04-15 17:33:26.844','2022-04-15 17:33:29.627',NULL,'lQLPDhtUqKROKHjM880CKbBCjHDzQILUeQJbYMwAAG8A_553_243.png','1d36cc7499a4f46e7a8b2cf3ea5725ae','./fileDir/lQLPDhtUqKROKHjM880CKbBCjHDzQILUeQJbYMwAAG8A_553_243.png',1,1),(2,'2022-04-21 11:02:43.972','2022-04-21 11:02:46.773',NULL,'疾病(完整)-20220421101058.xlsx','3d9e8829db9823ec3aa3689e0e1cd4ca','./fileDir/疾病(完整)-20220421101058.xlsx',2,1),(3,'2022-04-28 20:01:18.585','2022-04-28 20:01:20.165',NULL,'微信图片_20220427085328.jpg','a9ddf118109d032c94f5609af410c20a','./fileDir/微信图片_20220427085328.jpg',1,1),(4,'2022-04-29 17:40:17.566','2022-04-29 17:40:20.606',NULL,'Golang101-v1.17.b.pdf-KaiTi.pdf','28c93dfd02cc0bc791b6db9ace03277e','./fileDir/Golang101-v1.17.b.pdf-KaiTi.pdf',4,1),(5,'2022-07-12 07:39:55.469','2022-07-12 07:39:55.469',NULL,'Consolas.zip','fdcc3c2f959c43bc83d3e8a546be3792','',1,0),(6,'2022-11-08 14:00:20.940','2022-11-08 14:00:23.495',NULL,'龙春炜.png','e5c676c4b7ee25e8f461434c40073174','./fileDir/龙春炜.png',1,1),(7,'2022-11-23 14:04:32.150','2022-11-23 14:04:34.760',NULL,'单位信息-20221031145931.xlsx','e9515e4a9e203e4832852d6fe8ca6230','./fileDir/单位信息-20221031145931.xlsx',4,1),(8,'2023-05-05 00:10:55.259','2023-05-05 00:10:55.259',NULL,'增减项.xlsx','2c2da63fdfb10be02d0d130c5f62e272','',4,0),(9,'2023-05-05 00:17:51.875','2023-05-05 00:18:11.282',NULL,'b2-2023-03-17_10761538-HP202303111505-6-叶主深-肺Ca-mrd (1).docx','a85c16ccae9c8f874df553e0b53d7318','./fileDir/b2-2023-03-17_10761538-HP202303111505-6-叶主深-肺Ca-mrd (1).docx',3,1),(10,'2023-05-05 00:31:49.106','2023-05-05 00:31:49.106','2024-05-31 17:02:31.803','“西院校友”微信小程序注册认证.docx','59816f42804f37d20b5198b685bac7d7','',3,0),(11,'2023-05-05 01:36:38.748','2023-05-05 01:36:40.580',NULL,'g1-2022-12-23_12922509-HP202212102033-4-黄志涛-非小细胞肺Ca-680 (1).docx','2550f33021f9b0d37423b1e269e32c4c','./fileDir/g1-2022-12-23_12922509-HP202212102033-4-黄志涛-非小细胞肺Ca-680 (1).docx',11,1),(12,'2023-05-05 01:38:42.355','2023-05-05 01:38:42.355',NULL,'g1-2022-12-23_12922509-HP202212102033-4-黄志涛-非小细胞肺Ca-680 (1).docx','2550f33021f9b0d37423b1e269e32c4c','./fileDir/g1-2022-12-23_12922509-HP202212102033-4-黄志涛-非小细胞肺Ca-680 (1).docx',11,1),(13,'2023-05-05 01:38:42.370','2023-05-05 01:38:42.370',NULL,'g1-2022-12-23_12922509-HP202212102033-4-黄志涛-非小细胞肺Ca-680 (1).docx','2550f33021f9b0d37423b1e269e32c4c','./fileDir/g1-2022-12-23_12922509-HP202212102033-4-黄志涛-非小细胞肺Ca-680 (1).docx',11,1),(14,'2023-05-05 01:38:42.385','2023-05-05 01:38:42.385',NULL,'g1-2022-12-23_12922509-HP202212102033-4-黄志涛-非小细胞肺Ca-680 (1).docx','2550f33021f9b0d37423b1e269e32c4c','./fileDir/g1-2022-12-23_12922509-HP202212102033-4-黄志涛-非小细胞肺Ca-680 (1).docx',11,1),(15,'2023-05-05 01:38:42.398','2023-05-05 01:38:42.398',NULL,'g1-2022-12-23_12922509-HP202212102033-4-黄志涛-非小细胞肺Ca-680 (1).docx','2550f33021f9b0d37423b1e269e32c4c','./fileDir/g1-2022-12-23_12922509-HP202212102033-4-黄志涛-非小细胞肺Ca-680 (1).docx',11,1),(16,'2023-05-05 01:38:42.414','2023-05-05 01:38:42.414',NULL,'g1-2022-12-23_12922509-HP202212102033-4-黄志涛-非小细胞肺Ca-680 (1).docx','2550f33021f9b0d37423b1e269e32c4c','./fileDir/g1-2022-12-23_12922509-HP202212102033-4-黄志涛-非小细胞肺Ca-680 (1).docx',11,1),(17,'2023-05-05 01:38:42.430','2023-05-05 01:38:42.430',NULL,'g1-2022-12-23_12922509-HP202212102033-4-黄志涛-非小细胞肺Ca-680 (1).docx','2550f33021f9b0d37423b1e269e32c4c','./fileDir/g1-2022-12-23_12922509-HP202212102033-4-黄志涛-非小细胞肺Ca-680 (1).docx',11,1),(18,'2023-05-05 01:38:42.439','2023-05-05 01:38:42.439',NULL,'g1-2022-12-23_12922509-HP202212102033-4-黄志涛-非小细胞肺Ca-680 (1).docx','2550f33021f9b0d37423b1e269e32c4c','./fileDir/g1-2022-12-23_12922509-HP202212102033-4-黄志涛-非小细胞肺Ca-680 (1).docx',11,1),(19,'2023-05-05 01:38:42.454','2023-05-05 01:38:42.454',NULL,'g1-2022-12-23_12922509-HP202212102033-4-黄志涛-非小细胞肺Ca-680 (1).docx','2550f33021f9b0d37423b1e269e32c4c','./fileDir/g1-2022-12-23_12922509-HP202212102033-4-黄志涛-非小细胞肺Ca-680 (1).docx',11,1),(20,'2023-05-05 01:38:42.470','2023-05-05 01:38:42.470',NULL,'g1-2022-12-23_12922509-HP202212102033-4-黄志涛-非小细胞肺Ca-680 (1).docx','2550f33021f9b0d37423b1e269e32c4c','./fileDir/g1-2022-12-23_12922509-HP202212102033-4-黄志涛-非小细胞肺Ca-680 (1).docx',11,1),(21,'2023-05-05 01:38:42.483','2023-05-05 01:38:42.483',NULL,'g1-2022-12-23_12922509-HP202212102033-4-黄志涛-非小细胞肺Ca-680 (1).docx','2550f33021f9b0d37423b1e269e32c4c','./fileDir/g1-2022-12-23_12922509-HP202212102033-4-黄志涛-非小细胞肺Ca-680 (1).docx',11,1),(22,'2023-05-05 01:38:42.497','2023-05-05 01:38:42.497',NULL,'g1-2022-12-23_12922509-HP202212102033-4-黄志涛-非小细胞肺Ca-680 (1).docx','2550f33021f9b0d37423b1e269e32c4c','./fileDir/g1-2022-12-23_12922509-HP202212102033-4-黄志涛-非小细胞肺Ca-680 (1).docx',11,1),(23,'2023-05-05 01:41:12.252','2023-05-05 01:41:12.252',NULL,'g1-2022-12-23_12922509-HP202212102033-4-黄志涛-非小细胞肺Ca-680 (1).docx','2550f33021f9b0d37423b1e269e32c4c','./fileDir/g1-2022-12-23_12922509-HP202212102033-4-黄志涛-非小细胞肺Ca-680 (1).docx',11,1),(24,'2023-05-05 01:41:12.268','2023-05-05 01:41:12.268',NULL,'g1-2022-12-23_12922509-HP202212102033-4-黄志涛-非小细胞肺Ca-680 (1).docx','2550f33021f9b0d37423b1e269e32c4c','./fileDir/g1-2022-12-23_12922509-HP202212102033-4-黄志涛-非小细胞肺Ca-680 (1).docx',11,1),(25,'2023-05-05 01:41:12.293','2023-05-05 01:41:12.293',NULL,'g1-2022-12-23_12922509-HP202212102033-4-黄志涛-非小细胞肺Ca-680 (1).docx','2550f33021f9b0d37423b1e269e32c4c','./fileDir/g1-2022-12-23_12922509-HP202212102033-4-黄志涛-非小细胞肺Ca-680 (1).docx',11,1),(26,'2023-05-05 01:41:12.302','2023-05-05 01:41:12.302',NULL,'g1-2022-12-23_12922509-HP202212102033-4-黄志涛-非小细胞肺Ca-680 (1).docx','2550f33021f9b0d37423b1e269e32c4c','./fileDir/g1-2022-12-23_12922509-HP202212102033-4-黄志涛-非小细胞肺Ca-680 (1).docx',11,1),(27,'2023-05-05 01:41:12.313','2023-05-05 01:41:12.313',NULL,'g1-2022-12-23_12922509-HP202212102033-4-黄志涛-非小细胞肺Ca-680 (1).docx','2550f33021f9b0d37423b1e269e32c4c','./fileDir/g1-2022-12-23_12922509-HP202212102033-4-黄志涛-非小细胞肺Ca-680 (1).docx',11,1),(28,'2023-05-05 01:41:12.327','2023-05-05 01:41:12.327',NULL,'g1-2022-12-23_12922509-HP202212102033-4-黄志涛-非小细胞肺Ca-680 (1).docx','2550f33021f9b0d37423b1e269e32c4c','./fileDir/g1-2022-12-23_12922509-HP202212102033-4-黄志涛-非小细胞肺Ca-680 (1).docx',11,1),(29,'2023-05-05 01:41:12.339','2023-05-05 01:41:12.339',NULL,'g1-2022-12-23_12922509-HP202212102033-4-黄志涛-非小细胞肺Ca-680 (1).docx','2550f33021f9b0d37423b1e269e32c4c','./fileDir/g1-2022-12-23_12922509-HP202212102033-4-黄志涛-非小细胞肺Ca-680 (1).docx',11,1),(30,'2023-05-05 01:41:12.354','2023-05-05 01:41:12.354',NULL,'g1-2022-12-23_12922509-HP202212102033-4-黄志涛-非小细胞肺Ca-680 (1).docx','2550f33021f9b0d37423b1e269e32c4c','./fileDir/g1-2022-12-23_12922509-HP202212102033-4-黄志涛-非小细胞肺Ca-680 (1).docx',11,1),(31,'2023-05-05 01:41:12.366','2023-05-05 01:41:12.366',NULL,'g1-2022-12-23_12922509-HP202212102033-4-黄志涛-非小细胞肺Ca-680 (1).docx','2550f33021f9b0d37423b1e269e32c4c','./fileDir/g1-2022-12-23_12922509-HP202212102033-4-黄志涛-非小细胞肺Ca-680 (1).docx',11,1),(32,'2023-05-05 01:41:12.387','2023-05-05 01:41:12.387',NULL,'g1-2022-12-23_12922509-HP202212102033-4-黄志涛-非小细胞肺Ca-680 (1).docx','2550f33021f9b0d37423b1e269e32c4c','./fileDir/g1-2022-12-23_12922509-HP202212102033-4-黄志涛-非小细胞肺Ca-680 (1).docx',11,1),(33,'2023-05-05 01:41:12.394','2023-05-05 01:41:12.394',NULL,'g1-2022-12-23_12922509-HP202212102033-4-黄志涛-非小细胞肺Ca-680 (1).docx','2550f33021f9b0d37423b1e269e32c4c','./fileDir/g1-2022-12-23_12922509-HP202212102033-4-黄志涛-非小细胞肺Ca-680 (1).docx',11,1),(34,'2023-05-05 01:41:31.062','2023-05-05 01:41:31.062',NULL,'g1-2022-12-23_12922509-HP202212102033-4-黄志涛-非小细胞肺Ca-680 (1).docx','2550f33021f9b0d37423b1e269e32c4c','./fileDir/g1-2022-12-23_12922509-HP202212102033-4-黄志涛-非小细胞肺Ca-680 (1).docx',11,1),(35,'2023-05-05 01:42:07.086','2023-05-05 01:42:10.134','2024-05-31 17:22:55.372','redis-6.2.7.tar.gz','a468e58da60799213735eccb59e7efb4','./fileDir/redis-6.2.7.tar.gz',3,1);
/*!40000 ALTER TABLE `exa_files` ENABLE KEYS */;
UNLOCK TABLES;

--
-- Table structure for table `file_upload_import`
--

DROP TABLE IF EXISTS `file_upload_import`;
/*!40101 SET @saved_cs_client     = @@character_set_client */;
/*!50503 SET character_set_client = utf8mb4 */;
CREATE TABLE `file_upload_import` (
  `id` int unsigned NOT NULL AUTO_INCREMENT,
  `created_at` datetime(3) DEFAULT NULL COMMENT '创建时间',
  `updated_at` datetime(3) DEFAULT NULL COMMENT '修改时间',
  `deleted_at` datetime(3) DEFAULT NULL COMMENT '删除时间',
  `filename` varchar(100) CHARACTER SET utf8mb4 COLLATE utf8mb4_general_ci DEFAULT '' COMMENT '文件名',
  `filename_md5` varchar(100) CHARACTER SET utf8mb4 COLLATE utf8mb4_general_ci DEFAULT '' COMMENT '文件名md5',
  `state` tinyint unsigned DEFAULT '1' COMMENT '状态 0为禁用1为启用',
  `file_size` int unsigned DEFAULT '0' COMMENT '文件大小',
  `file_path` varchar(255) CHARACTER SET utf8mb4 COLLATE utf8mb4_general_ci DEFAULT '' COMMENT '文件路径',
  `file_type` varchar(100) CHARACTER SET utf8mb4 COLLATE utf8mb4_general_ci DEFAULT '' COMMENT '文件类型',
  PRIMARY KEY (`id`)
) ENGINE=InnoDB AUTO_INCREMENT=1 DEFAULT CHARSET=utf8mb4 COLLATE=utf8mb4_general_ci COMMENT='文件导入';
/*!40101 SET character_set_client = @saved_cs_client */;

--
-- Dumping data for table `file_upload_import`
--

LOCK TABLES `file_upload_import` WRITE;
/*!40000 ALTER TABLE `file_upload_import` DISABLE KEYS */;
INSERT INTO `file_upload_import` VALUES (1,'2023-11-24 14:29:42.072','2023-11-24 14:29:42.072','2023-11-24 18:00:20.458','report-mutation20231016095948.csv','e204b75688651bc67dc61e646a0844cc_20231124142942.csv',1,607,'./uploads/excel/report-mutation20231016095948.csv','csv'),(2,'2023-11-24 14:44:48.434','2023-11-24 14:44:48.434','2023-11-24 18:00:19.222','sample_qc_fast.xlsx','c9deb5704ec68ba134b0f2d654cb27d1_20231124144448.xlsx',1,16045,'/uploads/excel/c9deb5704ec68ba134b0f2d654cb27d1_20231124144448.xlsx','xlsx'),(3,'2023-11-24 14:49:28.704','2023-11-24 14:49:28.704','2023-11-24 18:00:18.020','sample_qc_fast.xlsx','c9deb5704ec68ba134b0f2d654cb27d1_20231124144928.xlsx',1,16045,'uploads/excel/c9deb5704ec68ba134b0f2d654cb27d1_20231124144928.xlsx','xlsx'),(4,'2023-11-24 15:07:43.062','2023-11-24 15:07:43.062','2023-11-24 18:00:16.925','lane_qc_fast.xlsx','4ebd478ad2594416722f75a08c3de567_20231124150743.xlsx',1,13313,'uploads/excel/4ebd478ad2594416722f75a08c3de567_20231124150743.xlsx','xlsx'),(5,'2023-11-24 15:09:20.903','2023-11-24 15:09:20.903','2023-11-24 18:00:15.884','lane_qc_fast.xlsx','4ebd478ad2594416722f75a08c3de567_20231124150920.xlsx',1,13313,'uploads/excel/4ebd478ad2594416722f75a08c3de567_20231124150920.xlsx','xlsx'),(6,'2023-11-24 15:14:47.051','2023-11-24 15:14:47.051','2023-11-24 18:00:14.743','lane_qc_fast.xlsx','4ebd478ad2594416722f75a08c3de567_20231124151447.xlsx',1,13313,'uploads/excel/4ebd478ad2594416722f75a08c3de567_20231124151447.xlsx','xlsx'),(7,'2023-11-24 15:17:39.314','2023-11-24 15:17:39.314','2023-11-24 18:00:13.381','sample_qc_fast.xlsx','c9deb5704ec68ba134b0f2d654cb27d1_20231124151739.xlsx',1,16045,'uploads/excel/c9deb5704ec68ba134b0f2d654cb27d1_20231124151739.xlsx','xlsx'),(8,'2023-11-24 15:17:47.964','2023-11-24 15:17:47.964','2023-11-24 18:00:01.876','report-mutation20231016095948.csv','e204b75688651bc67dc61e646a0844cc_20231124151747.csv',1,607,'uploads/excel/e204b75688651bc67dc61e646a0844cc_20231124151747.csv','csv'),(9,'2023-11-24 18:00:48.051','2023-11-24 18:00:48.051','2023-11-24 18:04:43.959','lane_qc_fast.xlsx','4ebd478ad2594416722f75a08c3de567_20231124180048.xlsx',1,13313,'uploads/excel/2023/11/24/4ebd478ad2594416722f75a08c3de567_20231124180048.xlsx','xlsx'),(10,'2023-11-27 08:49:39.939','2023-11-27 08:49:39.939',NULL,'sample_qc_fast.xlsx','c9deb5704ec68ba134b0f2d654cb27d1_20231127084939.xlsx',1,16045,'uploads/excel/2023/11/27/c9deb5704ec68ba134b0f2d654cb27d1_20231127084939.xlsx','xlsx'),(11,'2024-02-02 17:51:21.224','2024-02-02 17:51:21.224',NULL,'work.xlsx','d32a6d59b68ad5906cf4b5ff53f2aa20_20240202175121.xlsx',1,8455,'uploads/excel/2024/02/02/d32a6d59b68ad5906cf4b5ff53f2aa20_20240202175121.xlsx','xlsx');
/*!40000 ALTER TABLE `file_upload_import` ENABLE KEYS */;
UNLOCK TABLES;

--
-- Table structure for table `githubs`
--

DROP TABLE IF EXISTS `githubs`;
/*!40101 SET @saved_cs_client     = @@character_set_client */;
/*!50503 SET character_set_client = utf8mb4 */;
CREATE TABLE `githubs` (
  `id` int unsigned NOT NULL AUTO_INCREMENT,
  `created_at` datetime(3) DEFAULT NULL,
  `updated_at` datetime(3) DEFAULT NULL,
  `deleted_at` datetime(3) DEFAULT NULL,
  `author` varchar(10) CHARACTER SET utf8mb4 COLLATE utf8mb4_general_ci NOT NULL COMMENT '用户名',
  `message` varchar(255) CHARACTER SET utf8mb4 COLLATE utf8mb4_general_ci NOT NULL COMMENT '提交的备注',
  `commit_time` char(20) CHARACTER SET utf8mb4 COLLATE utf8mb4_general_ci NOT NULL COMMENT '提交时间',
  PRIMARY KEY (`id`),
  UNIQUE KEY `commit_time` (`commit_time`) COMMENT 'commit_time 唯一性'
) ENGINE=InnoDB AUTO_INCREMENT=1 DEFAULT CHARSET=utf8mb4 COLLATE=utf8mb4_general_ci COMMENT='github commit log';
/*!40101 SET character_set_client = @saved_cs_client */;

--
-- Dumping data for table `githubs`
--

LOCK TABLES `githubs` WRITE;
/*!40000 ALTER TABLE `githubs` DISABLE KEYS */;
INSERT INTO `githubs` VALUES (1,'2023-06-12 18:16:00.000','2023-06-12 18:16:00.000',NULL,'jianghao','e15b632 fix: init','2022-04-25 14:25:23'),(2,'2023-06-12 18:16:00.000','2023-06-12 18:16:00.000',NULL,'jianghao','76ff366 fix: delete tmp','2022-04-25 14:27:48'),(3,'2023-06-12 18:16:00.000','2023-06-12 18:16:00.000',NULL,'jianghao','17ddade fix: ignore','2022-04-25 14:28:20'),(4,'2023-06-12 18:16:00.000','2023-06-12 18:16:00.000',NULL,'jianghao','e69f32e fix: vue to jsx','2022-04-26 15:27:10'),(5,'2023-06-12 18:16:00.000','2023-06-12 18:16:00.000',NULL,'jianghao','963036d fix: vue3 slot','2022-04-26 16:25:35'),(6,'2023-06-12 18:16:00.000','2023-06-12 18:16:00.000',NULL,'jianghao','d26c88d fix: delete warning','2022-04-26 16:30:07'),(7,'2023-06-12 18:16:00.000','2023-06-12 18:16:00.000',NULL,'jianghao','82fcbb7 fix: 更新首页','2022-04-26 17:02:41'),(8,'2023-06-12 18:16:00.000','2023-06-12 18:16:00.000',NULL,'jianghao','b7dc0a3 fix: 修改日志','2022-04-26 19:39:30'),(9,'2023-06-12 18:16:00.000','2023-06-12 18:16:00.000',NULL,'jianghao','7012f4e fix: 去掉初始化','2022-04-26 19:58:02'),(10,'2023-06-12 18:16:00.000','2023-06-12 18:16:00.000',NULL,'jianghao','4798234 fix: 去掉初始化','2022-04-26 20:00:40'),(11,'2023-06-12 18:16:00.000','2023-06-12 18:16:00.000',NULL,'jianghao','69286c3 fix: 去掉Err 错误书写','2022-04-26 20:05:34'),(12,'2023-06-12 18:16:00.000','2023-06-12 18:16:00.000',NULL,'jianghao','ae7ddeb fix: 初始化的api接口的请求方式的更新','2022-04-26 20:23:52'),(13,'2023-06-12 18:16:00.000','2023-06-12 18:16:00.000',NULL,'jianghao','53f1952 fix: 增加拖拽组件','2022-04-27 10:16:28'),(14,'2023-06-12 18:16:00.000','2023-06-12 18:16:00.000',NULL,'jianghao','580623c fix: 更修复 router的警告','2022-04-27 11:19:28'),(15,'2023-06-12 18:16:00.000','2023-06-12 18:16:00.000',NULL,'jianghao','042db01 更新api','2022-04-27 11:32:28'),(16,'2023-06-12 18:16:00.000','2023-06-12 18:16:00.000',NULL,'jianghao','6ddf501 更新api权限','2022-04-27 11:55:11'),(17,'2023-06-12 18:16:00.000','2023-06-12 18:16:00.000',NULL,'jianghao','e3ce17f fix: 更新配置','2022-04-28 15:18:30'),(18,'2023-06-12 18:16:00.000','2023-06-12 18:16:00.000',NULL,'jianghao','bdde831 fix: 修复warning警告','2022-04-28 19:11:06'),(19,'2023-06-12 18:16:00.000','2023-06-12 18:16:00.000',NULL,'jianghao','64abce4 fix: 修复断点上传的权限不足','2022-04-28 20:03:19'),(20,'2023-06-12 18:16:00.000','2023-06-12 18:16:00.000',NULL,'jianghao','f96b1d5 fix: 修改初始化的warning 错误','2022-04-28 20:17:45'),(21,'2023-06-12 18:16:00.000','2023-06-12 18:16:00.000',NULL,'jianghao','f4ae997 fix: 完成客户的查询','2022-04-28 21:18:33'),(22,'2023-06-12 18:16:00.000','2023-06-12 18:16:00.000',NULL,'jianghao','579ea5b fix: 完成客户的查询','2022-04-28 21:31:19'),(23,'2023-06-12 18:16:00.000','2023-06-12 18:16:00.000',NULL,'jianghao','6364db7 fix: 配置流程和客户列表','2022-04-29 10:24:04'),(24,'2023-06-12 18:16:00.000','2023-06-12 18:16:00.000',NULL,'jianghao','a291e50 fix: web format','2022-04-29 17:39:23'),(25,'2023-06-12 18:16:00.000','2023-06-12 18:16:00.000',NULL,'jianghao','2185271 fix: captcha update to get','2022-04-29 18:29:09'),(26,'2023-06-12 18:16:00.000','2023-06-12 18:16:00.000',NULL,'jianghao','cda80c6 fix: 新增hooks request table data','2022-04-29 21:29:10'),(27,'2023-06-12 18:16:00.000','2023-06-12 18:16:00.000',NULL,'jianghao','602e40e fix: 更新初始化的数据','2022-05-03 18:33:57'),(28,'2023-06-12 18:16:00.000','2023-06-12 18:16:00.000',NULL,'jianghao','7d3a267 fix: golang test api_test','2022-05-05 08:53:47'),(29,'2023-06-12 18:16:00.000','2023-06-12 18:16:00.000',NULL,'jianghao','4dc1276 fix: 增加sql','2022-05-07 10:24:29'),(30,'2023-06-12 18:16:00.000','2023-06-12 18:16:00.000',NULL,'jianghao','7fb0aa7 fix: uploda file change gva.sql','2022-05-07 14:49:36'),(31,'2023-06-12 18:16:00.000','2023-06-12 18:16:00.000',NULL,'jianghao','d206645 fix: web','2022-05-07 15:34:34'),(32,'2023-06-12 18:16:00.000','2023-06-12 18:16:00.000',NULL,'jianghao','fac7254 fix: 模块api排序','2022-05-09 15:43:45'),(33,'2023-06-12 18:16:00.000','2023-06-12 18:16:00.000',NULL,'jianghao','d815275 fix: 更新表单生成器','2022-05-10 09:13:49'),(34,'2023-06-12 18:16:00.000','2023-06-12 18:16:00.000',NULL,'jianghao','299612f fix: 生成代码','2022-05-10 18:12:46'),(35,'2023-06-12 18:16:00.000','2023-06-12 18:16:00.000',NULL,'jianghao','f244637 fix: 增加api 和 view','2022-05-11 10:31:42'),(36,'2023-06-12 18:16:00.000','2023-06-12 18:16:00.000',NULL,'jianghao','c9864a0 fix: 修复tab查询','2022-05-11 11:46:19'),(37,'2023-06-12 18:16:00.000','2023-06-12 18:16:00.000',NULL,'jianghao','e170a81 fix: change SQL','2022-05-16 15:42:03'),(38,'2023-06-12 18:16:00.000','2023-06-12 18:16:00.000',NULL,'jianghao','52e8bec fix: 修改标签','2022-05-16 16:36:43'),(39,'2023-06-12 18:16:00.000','2023-06-12 18:16:00.000',NULL,'jianghao','d50699b fix: 修改标签','2022-05-16 17:51:58'),(40,'2023-06-12 18:16:00.000','2023-06-12 18:16:00.000',NULL,'jianghao','30f1da7 fix: update api管理','2022-05-20 18:06:11'),(41,'2023-06-12 18:16:00.000','2023-06-12 18:16:00.000',NULL,'jianghao','b45857c fix: 导出sql','2022-05-23 11:47:34'),(42,'2023-06-12 18:16:00.000','2023-06-12 18:16:00.000',NULL,'jianghao','4e2a140 fixed: 去掉cabash','2022-05-30 09:14:11'),(43,'2023-06-12 18:16:00.000','2023-06-12 18:16:00.000',NULL,'jianghao','d353a48 fix: 实现动态的 开启和关闭菜单的css','2022-07-08 16:25:07'),(44,'2023-06-12 18:16:00.000','2023-06-12 18:16:00.000',NULL,'jianghao','790517e fix: 实现动态的 开启和关闭菜单的css','2022-07-08 16:26:28'),(45,'2023-06-12 18:16:00.000','2023-06-12 18:16:00.000',NULL,'jianghao','df20eef fix: 实现动态的 开启和关闭菜单的css','2022-07-08 16:40:10'),(46,'2023-06-12 18:16:00.000','2023-06-12 18:16:00.000',NULL,'jianghao','cf174ee fix: 更新icon','2022-07-10 16:54:54'),(47,'2023-06-12 18:16:00.000','2023-06-12 18:16:00.000',NULL,'jianghao','dcd2e7d fix: 更新标签的状态选择','2022-07-10 17:08:58'),(48,'2023-06-12 18:16:00.000','2023-06-12 18:16:00.000',NULL,'jianghao','59a2ce1 fix: go版本的适配','2022-07-11 15:11:09'),(49,'2023-06-12 18:16:00.000','2023-06-12 18:16:00.000',NULL,'jianghao','8a64d75 fix: 更换logo','2022-07-12 12:29:58'),(50,'2023-06-12 18:16:00.000','2023-06-12 18:16:00.000',NULL,'jianghao','3875d8a fix: update tab order by id','2022-07-12 12:36:44'),(51,'2023-06-12 18:16:00.000','2023-06-12 18:16:00.000',NULL,'jianghao','4150fd3 fix: 设置工作时间','2022-07-12 16:52:46'),(52,'2023-06-12 18:16:00.000','2023-06-12 18:16:00.000',NULL,'jianghao','45da85f fix: 删除使用组件popconfirm','2022-07-12 19:51:50'),(53,'2023-06-12 18:16:00.000','2023-06-12 18:16:00.000',NULL,'jianghao','a617f03 fix: 标签更新状态','2022-07-14 10:52:22'),(54,'2023-06-12 18:16:00.000','2023-06-12 18:16:00.000',NULL,'jianghao','1fd9cd6 fix: 标签更新报错','2022-07-14 13:42:30'),(55,'2023-06-12 18:16:00.000','2023-06-12 18:16:00.000',NULL,'jianghao','41c4eb3 fix: vue slot','2022-07-15 13:53:39'),(56,'2023-06-12 18:16:00.000','2023-06-12 18:16:00.000',NULL,'jianghao','85464c0 fix: vite 升级','2022-07-20 16:16:14'),(57,'2023-06-12 18:16:00.000','2023-06-12 18:16:00.000',NULL,'jianghao','1fddfad feat: 导出sql数据','2022-07-21 17:54:00'),(58,'2023-06-12 18:16:00.000','2023-06-12 18:16:00.000',NULL,'jianghao','4302f9d fix: bug修改升级 vite','2022-07-24 12:05:48'),(59,'2023-06-12 18:16:00.000','2023-06-12 18:16:00.000',NULL,'jianghao','6c486d6 fix: 不渲染的bug 和 element-plus 的警告','2022-07-24 16:52:28'),(60,'2023-06-12 18:16:00.000','2023-06-12 18:16:00.000',NULL,'jianghao','0f00643 fix: 修改token过期时间 和缓存时间','2022-07-25 15:50:01'),(61,'2023-06-12 18:16:00.000','2023-06-12 18:16:00.000',NULL,'jianghao','d104803 fix: pnpm','2022-07-26 11:07:02'),(62,'2023-06-12 18:16:00.000','2023-06-12 18:16:00.000',NULL,'jianghao','e164e6f fix: update css','2022-07-26 11:41:17'),(63,'2023-06-12 18:16:00.000','2023-06-12 18:16:00.000',NULL,'jianghao','dd74b84 fix: update css','2022-07-26 11:43:47'),(64,'2023-06-12 18:16:00.000','2023-06-12 18:16:00.000',NULL,'jianghao','f3f89d4 fix: update css','2022-07-26 11:44:28'),(65,'2023-06-12 18:16:00.000','2023-06-12 18:16:00.000',NULL,'jianghao','08c8176 fix: update css','2022-07-26 12:36:46'),(66,'2023-06-12 18:16:00.000','2023-06-12 18:16:00.000',NULL,'jianghao','d2e2d8c fix: 修复分页的css 和 创建article表','2022-07-27 16:53:21'),(67,'2023-06-12 18:16:00.000','2023-06-12 18:16:00.000',NULL,'jianghao','838ff3e fix: 文章的标签 article server 服务','2022-07-28 19:32:55'),(68,'2023-06-12 18:16:00.000','2023-06-12 18:16:00.000',NULL,'jianghao','49bf33a update package.json','2022-07-30 09:16:18'),(69,'2023-06-12 18:16:00.000','2023-06-12 18:16:00.000',NULL,'jianghao','ea0e032 change package','2022-07-30 09:18:57'),(70,'2023-06-12 18:16:00.000','2023-06-12 18:16:00.000',NULL,'jianghao','5fa2385 fix: 更新文章','2022-08-03 19:37:41'),(71,'2023-06-12 18:16:00.000','2023-06-12 18:16:00.000',NULL,'jianghao','71872e7 Merge branch main of github.com:JiangHaoCode/server-web into main','2022-08-03 19:39:26'),(72,'2023-06-12 18:16:00.000','2023-06-12 18:16:00.000',NULL,'jianghao','e4ebcca fix: 文章的新增 和编辑','2022-08-04 18:19:28'),(73,'2023-06-12 18:16:00.000','2023-06-12 18:16:00.000',NULL,'jianghao','3ade978 fix: markdown的值 必须为ref','2022-08-04 18:47:28'),(74,'2023-06-12 18:16:00.000','2023-06-12 18:16:00.000',NULL,'jianghao','9986032 fix: 修复点击标签不跳转的bug','2022-08-04 19:28:04'),(75,'2023-06-12 18:16:00.000','2023-06-12 18:16:00.000',NULL,'jianghao','29ea7d0 feat: 新增加载条','2022-08-05 09:52:26'),(76,'2023-06-12 18:16:00.000','2023-06-12 18:16:00.000',NULL,'jianghao','574dfc3 feat: 重新加载','2022-08-05 19:59:49'),(77,'2023-06-12 18:16:00.000','2023-06-12 18:16:00.000',NULL,'jianghao','ff19581 fix: 重新加载','2022-08-08 16:18:43'),(78,'2023-06-12 18:16:00.000','2023-06-12 18:16:00.000',NULL,'jianghao','f2b068d fix: 修复gpls报错','2022-08-09 14:56:15'),(79,'2023-06-12 18:16:00.000','2023-06-12 18:16:00.000',NULL,'jianghao','b168f79 fix: 重新加载延迟','2022-08-09 19:49:53'),(80,'2023-06-12 18:16:00.000','2023-06-12 18:16:00.000',NULL,'jianghao','06ac39a fix: table 加载中','2022-08-10 13:47:06'),(81,'2023-06-12 18:16:00.000','2023-06-12 18:16:00.000',NULL,'jianghao','eb80bb2 feat: add frontend Naive-ui','2022-08-10 19:54:09'),(82,'2023-06-12 18:16:00.000','2023-06-12 18:16:00.000',NULL,'jianghao','1890fae feat: 增加简单的hooks','2022-08-11 08:48:39'),(83,'2023-06-12 18:16:00.000','2023-06-12 18:16:00.000',NULL,'jianghao','f01d06d fix: 首页','2022-08-22 14:12:36'),(84,'2023-06-12 18:16:00.000','2023-06-12 18:16:00.000',NULL,'jianghao','4a2cc7f fix: 导出数据','2022-08-22 14:21:36'),(85,'2023-06-12 18:16:00.000','2023-06-12 18:16:00.000',NULL,'jianghao','7e666b3 fix: frontend 配置 axios','2022-08-22 15:18:46'),(86,'2023-06-12 18:16:00.000','2023-06-12 18:16:00.000',NULL,'jianghao','bed061d fix: 修改vite 配置','2022-08-22 17:08:56'),(87,'2023-06-12 18:16:00.000','2023-06-12 18:16:00.000',NULL,'jianghao','808238e fix: 修改vite 配置','2022-08-22 18:17:22'),(88,'2023-06-12 18:16:00.000','2023-06-12 18:16:00.000',NULL,'jianghao','3809069 fix: 重新格式化 web','2022-08-23 10:20:16'),(89,'2023-06-12 18:16:00.000','2023-06-12 18:16:00.000',NULL,'jianghao','be567ad fix: 删除github 编译','2022-08-23 16:15:56'),(90,'2023-06-12 18:16:00.000','2023-06-12 18:16:00.000',NULL,'jianghao','6544beb fix: github的接口','2022-08-23 17:49:23'),(91,'2023-06-12 18:16:00.000','2023-06-12 18:16:00.000',NULL,'jianghao','24f22a4 fix: 修改css适合手机端','2022-08-24 16:15:22'),(92,'2023-06-12 18:16:00.000','2023-06-12 18:16:00.000',NULL,'jianghao','730f888 feat: 增加包 swiper','2022-08-25 13:53:21'),(93,'2023-06-12 18:16:00.000','2023-06-12 18:16:00.000',NULL,'jianghao','721df0e fix: 调整tabs 的上和下','2022-08-26 15:25:59'),(94,'2023-06-12 18:16:00.000','2023-06-12 18:16:00.000',NULL,'jianghao','0a047da fix: 图片的上传','2022-08-29 09:10:46'),(95,'2023-06-12 18:16:00.000','2023-06-12 18:16:00.000',NULL,'jianghao','8b77ca0 fix: 更新markdown的图片上传','2022-08-29 18:44:56'),(96,'2023-06-12 18:16:00.000','2023-06-12 18:16:00.000',NULL,'jianghao','b55636d fix: 增加标签的loading','2022-08-29 19:18:07'),(97,'2023-06-12 18:16:00.000','2023-06-12 18:16:00.000',NULL,'jianghao','7455d8a fix: 更新文章的查找','2022-08-29 20:00:07'),(98,'2023-06-12 18:16:00.000','2023-06-12 18:16:00.000',NULL,'jianghao','f72c193 fix: 文章标签的搜索','2022-08-29 20:09:03'),(99,'2023-06-12 18:16:00.000','2023-06-12 18:16:00.000',NULL,'jianghao','ed8f009 feat: server tags 列表','2022-08-30 15:38:28'),(100,'2023-06-12 18:16:00.000','2023-06-12 18:16:00.000',NULL,'jianghao','ac5f2a1 feat: server article 列表','2022-08-30 16:18:36'),(101,'2023-06-12 18:16:00.000','2023-06-12 18:16:00.000',NULL,'jianghao','b739c46 feat: server article 列表','2022-08-30 16:25:16'),(102,'2023-06-12 18:16:00.000','2023-06-12 18:16:00.000',NULL,'jianghao','7c6ea91 fix: 重新服务器信息','2022-09-01 10:33:43'),(103,'2023-06-12 18:16:00.000','2023-06-12 18:16:00.000',NULL,'jianghao','e64bc21 fix: 更新关于我','2022-09-01 14:06:17'),(104,'2023-06-12 18:16:00.000','2023-06-12 18:16:00.000',NULL,'jianghao','378befa fix: 增加loading','2022-09-02 15:37:57'),(105,'2023-06-12 18:16:00.000','2023-06-12 18:16:00.000',NULL,'jianghao','0f44cb7 fix: 更新关于我','2022-09-02 19:04:17'),(106,'2023-06-12 18:16:00.000','2023-06-12 18:16:00.000',NULL,'jianghao','3bdde6c fix: 更新关于我','2022-09-02 19:06:21'),(107,'2023-06-12 18:16:00.000','2023-06-12 18:16:00.000',NULL,'jianghao','4d1f98d feat: 增加图片的查看 和 组件','2022-09-04 10:39:49'),(108,'2023-06-12 18:16:00.000','2023-06-12 18:16:00.000',NULL,'jianghao','c17c5bf feat: 增加图片的查看 和 组件','2022-09-04 11:22:14'),(109,'2023-06-12 18:16:00.000','2023-06-12 18:16:00.000',NULL,'jianghao','f0c64c4 feat: update sql','2022-09-04 20:38:52'),(110,'2023-06-12 18:16:00.000','2023-06-12 18:16:00.000',NULL,'jianghao','0d3a239 fix: 评论的模板','2022-09-05 16:59:48'),(111,'2023-06-12 18:16:00.000','2023-06-12 18:16:00.000',NULL,'jianghao','e5cbf76 fix: 评论完成','2022-09-06 10:08:39'),(112,'2023-06-12 18:16:00.000','2023-06-12 18:16:00.000',NULL,'jianghao','767c10b fix: 更新评论的查询和element plus 自动导入','2022-09-07 12:37:50'),(113,'2023-06-12 18:16:00.000','2023-06-12 18:16:00.000',NULL,'jianghao','d90d998 fix: 更新评论的查询和element plus 自动导入','2022-09-07 12:38:45'),(114,'2023-06-12 18:16:00.000','2023-06-12 18:16:00.000',NULL,'jianghao','d60f1a2 fix: 引入css','2022-09-07 12:44:04'),(115,'2023-06-12 18:16:00.000','2023-06-12 18:16:00.000',NULL,'jianghao','8bf69bf fix: 邮件的发送','2022-09-07 14:43:40'),(116,'2023-06-12 18:16:00.000','2023-06-12 18:16:00.000',NULL,'jianghao','934a468 fix: 更新进度条 修复加载慢的问题','2022-09-07 15:47:07'),(117,'2023-06-12 18:16:00.000','2023-06-12 18:16:00.000',NULL,'jianghao','60674a8 fix: 更新进度条 修复加载慢的问题','2022-09-07 16:14:46'),(118,'2023-06-12 18:16:00.000','2023-06-12 18:16:00.000',NULL,'jianghao','f8cf3a4 fix: 自动引入 element plus 的组件','2022-09-08 09:37:15'),(119,'2023-06-12 18:16:00.000','2023-06-12 18:16:00.000',NULL,'jianghao','406da8f fix: 重新加载 增加进度条','2022-09-08 11:41:26'),(120,'2023-06-12 18:16:00.000','2023-06-12 18:16:00.000',NULL,'jianghao','38bb1a9 fix: js 去掉typescript的检查','2022-09-08 11:47:38'),(121,'2023-06-12 18:16:00.000','2023-06-12 18:16:00.000',NULL,'jianghao','75c3ca8 feat: keep-alive component增加key','2022-09-12 08:54:21'),(122,'2023-06-12 18:16:00.000','2023-06-12 18:16:00.000',NULL,'jianghao','8dfad94 fix: 修复变量admin 定义','2022-09-12 12:07:06'),(123,'2023-06-12 18:16:00.000','2023-06-12 18:16:00.000',NULL,'jianghao','3de8a47 fix: update vite.config','2022-09-13 11:07:53'),(124,'2023-06-12 18:16:00.000','2023-06-12 18:16:00.000',NULL,'jianghao','f490846 Merge branch main of github.com:JiangHaoCode/server-web into main','2022-09-13 11:08:12'),(125,'2023-06-12 18:16:00.000','2023-06-12 18:16:00.000',NULL,'jianghao','1b394ca fix: output sql','2022-09-13 11:23:22'),(126,'2023-06-12 18:16:00.000','2023-06-12 18:16:00.000',NULL,'jianghao','672bac5 fix: 还原ELmessage的引入','2022-09-13 17:00:12'),(127,'2023-06-12 18:16:00.000','2023-06-12 18:16:00.000',NULL,'jianghao','5c89cdb fix: form表单的验证规则','2022-09-13 18:17:29'),(128,'2023-06-12 18:16:00.000','2023-06-12 18:16:00.000',NULL,'jianghao','e8c34fc fix: 更新mysql的查询 和swiper的自动autoplay','2022-09-14 12:48:19'),(129,'2023-06-12 18:16:00.000','2023-06-12 18:16:00.000',NULL,'jianghao','c10f8a2 fix: swiper的自动autoplay','2022-09-14 13:51:16'),(130,'2023-06-12 18:16:00.000','2023-06-12 18:16:00.000',NULL,'jianghao','ac65fb2 fix: 更新layout','2022-09-14 14:03:14'),(131,'2023-06-12 18:16:00.000','2023-06-12 18:16:00.000',NULL,'jianghao','2bf726b fix: 更新刷新页面','2022-09-14 14:34:41'),(132,'2023-06-12 18:16:00.000','2023-06-12 18:16:00.000',NULL,'jianghao','c7bff7a feat: 增加包 windicss','2022-09-14 18:43:00'),(133,'2023-06-12 18:16:00.000','2023-06-12 18:16:00.000',NULL,'jianghao','a5d6bef feat: history 增加 loading','2022-09-15 15:06:56'),(134,'2023-06-12 18:16:00.000','2023-06-12 18:16:00.000',NULL,'jianghao','cf77915 feat: 定义数据库密保问题和定义好Model','2022-09-15 17:18:20'),(135,'2023-06-12 18:16:00.000','2023-06-12 18:16:00.000',NULL,'jianghao','79262e5 feat: 获得密保问题','2022-09-20 14:58:28'),(136,'2023-06-12 18:16:00.000','2023-06-12 18:16:00.000',NULL,'jianghao','c9a0ca3 feat: 更新包json数据','2022-09-20 15:10:19'),(137,'2023-06-12 18:16:00.000','2023-06-12 18:16:00.000',NULL,'jianghao','e5fef18 feat: 增加密保问题和验证密保问题','2022-09-23 20:41:09'),(138,'2023-06-12 18:16:00.000','2023-06-12 18:16:00.000',NULL,'jianghao','8492e55 feat: 生成sql','2022-09-25 15:35:00'),(139,'2023-06-12 18:16:00.000','2023-06-12 18:16:00.000',NULL,'jianghao','42456c4 feat: 完成密保问题','2022-09-25 17:41:21'),(140,'2023-06-12 18:16:00.000','2023-06-12 18:16:00.000',NULL,'jianghao','19d3395 feat: change sql','2022-09-25 17:45:38'),(141,'2023-06-12 18:16:00.000','2023-06-12 18:16:00.000',NULL,'jianghao','22248ac feat: update name','2022-09-25 20:28:34'),(142,'2023-06-12 18:16:00.000','2023-06-12 18:16:00.000',NULL,'jianghao','cafd201 feat: crlf to  lf','2022-09-27 22:07:14'),(143,'2023-06-12 18:16:00.000','2023-06-12 18:16:00.000',NULL,'jianghao','8119e30 fix: crlf -> lf','2022-09-27 22:15:27'),(144,'2023-06-12 18:16:00.000','2023-06-12 18:16:00.000',NULL,'jianghao','858fbe4 feat: crlf to  lf','2022-09-27 22:18:13'),(145,'2023-06-12 18:16:00.000','2023-06-12 18:16:00.000',NULL,'jianghao','6393732 feat: 完成密保设置','2022-09-29 11:43:05'),(146,'2023-06-12 18:16:00.000','2023-06-12 18:16:00.000',NULL,'jianghao','cf7a0b4 feat: 修改文章验证','2022-10-04 18:03:34'),(147,'2023-06-12 18:16:00.000','2023-06-12 18:16:00.000',NULL,'jianghao','811dd90 feat: json 改回encoding/json','2022-10-06 11:54:10'),(148,'2023-06-12 18:16:00.000','2023-06-12 18:16:00.000',NULL,'jianghao','f04f44d feat: v-mode to mode-value','2022-10-06 12:04:54'),(149,'2023-06-12 18:16:00.000','2023-06-12 18:16:00.000',NULL,'jianghao','ebb81e2 feat: 修复警告','2022-10-06 12:15:11'),(150,'2023-06-12 18:16:00.000','2023-06-12 18:16:00.000',NULL,'jianghao','d14c578 feat: 修复json','2022-10-07 21:58:52'),(151,'2023-06-12 18:16:00.000','2023-06-12 18:16:00.000',NULL,'jianghao','c9be744 fix: 更新配置','2022-10-08 07:56:51'),(152,'2023-06-12 18:16:00.000','2023-06-12 18:16:00.000',NULL,'jianghao','e23c19c merge main','2022-10-08 07:58:20'),(153,'2023-06-12 18:16:00.000','2023-06-12 18:16:00.000',NULL,'jianghao','453fbbc feat: 点赞的初始化','2022-10-08 18:58:55'),(154,'2023-06-12 18:16:00.000','2023-06-12 18:16:00.000',NULL,'jianghao','71a10e4 feat: gorm 增加是否开启debug','2022-10-09 12:04:43'),(155,'2023-06-12 18:16:00.000','2023-06-12 18:16:00.000',NULL,'jianghao','49229ca feat: css3的左右摆动','2022-10-09 16:29:41'),(156,'2023-06-12 18:16:00.000','2023-06-12 18:16:00.000',NULL,'jianghao','5e976aa feat: 导出sql','2022-10-09 16:31:39'),(157,'2023-06-12 18:16:00.000','2023-06-12 18:16:00.000',NULL,'jianghao','91a54fa feat: 增加包animate和vuedraggable','2022-10-11 10:03:59'),(158,'2023-06-12 18:16:00.000','2023-06-12 18:16:00.000',NULL,'jianghao','b605bf6 feat: 更新摇一摇','2022-10-11 10:07:43'),(159,'2023-06-12 18:16:00.000','2023-06-12 18:16:00.000',NULL,'jianghao','3e164b4 feat: 增加包animate和vuedraggable','2022-10-11 11:16:19'),(160,'2023-06-12 18:16:00.000','2023-06-12 18:16:00.000',NULL,'jianghao','c82c96e feat: 更新拖拽实现元素位置切换','2022-10-11 13:54:40'),(161,'2023-06-12 18:16:00.000','2023-06-12 18:16:00.000',NULL,'jianghao','a089d8b feat: 拖拽位置兑换','2022-10-11 15:13:32'),(162,'2023-06-12 18:16:00.000','2023-06-12 18:16:00.000',NULL,'jianghao','f4308b5 fix: 更新一些获取信息的 POST改为GET','2022-10-14 16:13:49'),(163,'2023-06-12 18:16:00.000','2023-06-12 18:16:00.000',NULL,'jianghao','8fbd3a3 fix: 修改评论文章搜索','2022-10-14 17:58:11'),(164,'2023-06-12 18:16:00.000','2023-06-12 18:16:00.000',NULL,'jianghao','a3ae08c feat: 列表点赞完成','2022-10-14 19:10:00'),(165,'2023-06-12 18:16:00.000','2023-06-12 18:16:00.000',NULL,'jianghao','b279e7f feat: server 增加基本信息','2022-10-17 14:15:49'),(166,'2023-06-12 18:16:00.000','2023-06-12 18:16:00.000',NULL,'jianghao','d740da2 feat: server 修复创建和更新基本信息bug','2022-10-17 14:44:46'),(167,'2023-06-12 18:16:00.000','2023-06-12 18:16:00.000',NULL,'jianghao','e113e8f feat: server 基本信息 upload file','2022-10-17 17:18:01'),(168,'2023-06-12 18:16:00.000','2023-06-12 18:16:00.000',NULL,'jianghao','5c86905 feat: web基本信息完成','2022-10-18 09:07:03'),(169,'2023-06-12 18:16:00.000','2023-06-12 18:16:00.000',NULL,'jianghao','77a4086 feat: 去掉组件v-viewer','2022-10-18 11:16:13'),(170,'2023-06-12 18:16:00.000','2023-06-12 18:16:00.000',NULL,'jianghao','8ca2cfb feat: sql','2022-10-18 16:07:24'),(171,'2023-06-12 18:16:00.000','2023-06-12 18:16:00.000',NULL,'jianghao','1ba4210 feat: 基本信息增加规则','2022-10-18 16:18:58'),(172,'2023-06-12 18:16:00.000','2023-06-12 18:16:00.000',NULL,'jianghao','d0a3021 feat: form表单规则','2022-10-18 17:49:58'),(173,'2023-06-12 18:16:00.000','2023-06-12 18:16:00.000',NULL,'jianghao','a4ef044 feat: 增加点击图标跳转首页','2022-10-19 16:23:13'),(174,'2023-06-12 18:16:00.000','2023-06-12 18:16:00.000',NULL,'jianghao','605bb02 fix: 重新定义搜索项','2022-10-20 18:36:51'),(175,'2023-06-12 18:16:00.000','2023-06-12 18:16:00.000',NULL,'jianghao','f82f999 fix: 修改搜索的图标和样式css','2022-10-20 19:43:13'),(176,'2023-06-12 18:16:00.000','2023-06-12 18:16:00.000',NULL,'jianghao','f5b08cc fix: 修改搜索的图标和样式css','2022-10-20 19:44:27'),(177,'2023-06-12 18:16:00.000','2023-06-12 18:16:00.000',NULL,'jianghao','2358545 fix: 修改搜索的图标和样式css','2022-10-20 19:48:55'),(178,'2023-06-12 18:16:00.000','2023-06-12 18:16:00.000',NULL,'jianghao','de6b09c feat: 搜索的上下移动和 回车触发事件','2022-10-21 11:50:20'),(179,'2023-06-12 18:16:00.000','2023-06-12 18:16:00.000',NULL,'jianghao','d74b345 feat: 搜索的上下移动和 回车触发事件','2022-10-21 11:51:22'),(180,'2023-06-12 18:16:00.000','2023-06-12 18:16:00.000',NULL,'jianghao','11e0c63 feat: 更新基本信息没有的server 返回','2022-10-21 14:06:33'),(181,'2023-06-12 18:16:00.000','2023-06-12 18:16:00.000',NULL,'jianghao','385f691 feat: web增加 Makefile','2022-10-21 14:20:17'),(182,'2023-06-12 18:16:00.000','2023-06-12 18:16:00.000',NULL,'jianghao','0b65db4 fix: 文件的获取列表使用 get','2022-10-21 15:49:11'),(183,'2023-06-12 18:16:00.000','2023-06-12 18:16:00.000',NULL,'jianghao','79f2635 fix: vue console','2022-10-24 12:21:49'),(184,'2023-06-12 18:16:00.000','2023-06-12 18:16:00.000',NULL,'jianghao','44e4eeb feat: 引入i18n','2022-10-25 08:55:16'),(185,'2023-06-12 18:16:00.000','2023-06-12 18:16:00.000',NULL,'jianghao','773d857 feat: 更换点赞css','2022-10-25 09:11:43'),(186,'2023-06-12 18:16:00.000','2023-06-12 18:16:00.000',NULL,'jianghao','19e6a60 feat: 设置时区','2022-10-25 14:19:02'),(187,'2023-06-12 18:16:00.000','2023-06-12 18:16:00.000',NULL,'jianghao','523476e fix: 设置 div 点击禁止','2022-10-25 17:56:37'),(188,'2023-06-12 18:16:00.000','2023-06-12 18:16:00.000',NULL,'jianghao','b2ae6e2 feat: 点赞的关联表和gorm 执行原生SQL','2022-10-26 12:20:14'),(189,'2023-06-12 18:16:00.000','2023-06-12 18:16:00.000',NULL,'jianghao','8d93ed7 fix: 修复评论的编辑','2022-10-26 12:47:47'),(190,'2023-06-12 18:16:00.000','2023-06-12 18:16:00.000',NULL,'jianghao','8951503 fix: 修改css','2022-10-26 14:22:08'),(191,'2023-06-12 18:16:00.000','2023-06-12 18:16:00.000',NULL,'jianghao','81d75d7 fix: 更新点赞的server 执行sql 语句','2022-10-26 17:06:58'),(192,'2023-06-12 18:16:00.000','2023-06-12 18:16:00.000',NULL,'jianghao','020142a feat: 评论的文章作者','2022-10-26 18:45:07'),(193,'2023-06-12 18:16:00.000','2023-06-12 18:16:00.000',NULL,'jianghao','721f90b feat: 修改评论为Tree状','2022-10-27 15:06:49'),(194,'2023-06-12 18:16:00.000','2023-06-12 18:16:00.000',NULL,'jianghao','19d6e81 fix: 修复vue 警告','2022-10-27 16:23:49'),(195,'2023-06-12 18:16:00.000','2023-06-12 18:16:00.000',NULL,'jianghao','468275f fix: 提交增加loading','2022-10-28 10:52:53'),(196,'2023-06-12 18:16:00.000','2023-06-12 18:16:00.000',NULL,'jianghao','a592a6b feat: 更新frontend','2022-10-30 21:16:16'),(197,'2023-06-12 18:16:00.000','2023-06-12 18:16:00.000',NULL,'jianghao','6476943 feat: 路由的排序','2022-10-31 07:33:27'),(198,'2023-06-12 18:16:00.000','2023-06-12 18:16:00.000',NULL,'jianghao','a550974 Merge branch main of github.com:JiangHaoCode/server-web into main','2022-10-31 07:33:38'),(199,'2023-06-12 18:16:00.000','2023-06-12 18:16:00.000',NULL,'jianghao','36f0ad6 feat: 前台雏形','2022-10-31 16:14:46'),(200,'2023-06-12 18:16:00.000','2023-06-12 18:16:00.000',NULL,'jianghao','6d0f3c9 feat: 修改标签和文章的关联 many2many','2022-11-01 12:23:43'),(201,'2023-06-12 18:16:00.000','2023-06-12 18:16:00.000',NULL,'jianghao','ec43251 feat: 更新标签对文章的搜索','2022-11-01 14:12:21'),(202,'2023-06-12 18:16:00.000','2023-06-12 18:16:00.000',NULL,'jianghao','d86f4d6 feat: 前台的 tag 和 article','2022-11-02 08:32:11'),(203,'2023-06-12 18:16:00.000','2023-06-12 18:16:00.000',NULL,'jianghao','9c1e2e5 feat: 更新tag的查询 改成 id查询','2022-11-02 08:41:56'),(204,'2023-06-12 18:16:00.000','2023-06-12 18:16:00.000',NULL,'jianghao','b0f5215 feat: get 文章详情','2022-11-02 09:34:18'),(205,'2023-06-12 18:16:00.000','2023-06-12 18:16:00.000',NULL,'jianghao','46ebee6 feat: 更换文件名','2022-11-02 09:49:50'),(206,'2023-06-12 18:16:00.000','2023-06-12 18:16:00.000',NULL,'jianghao','877a910 feat: 更新布局','2022-11-02 19:01:02'),(207,'2023-06-12 18:16:00.000','2023-06-12 18:16:00.000',NULL,'jianghao','7cb4f62 feat: 前台的axios 请求','2022-11-03 13:52:11'),(208,'2023-06-12 18:16:00.000','2023-06-12 18:16:00.000',NULL,'jianghao','4b03c01 feat: 前台文章的展示','2022-11-03 15:08:49'),(209,'2023-06-12 18:16:00.000','2023-06-12 18:16:00.000',NULL,'jianghao','8091b98 feat: 前台文章的展示','2022-11-03 15:09:42'),(210,'2023-06-12 18:16:00.000','2023-06-12 18:16:00.000',NULL,'jianghao','21fa437 feat: 前台文章的展示','2022-11-03 16:18:44'),(211,'2023-06-12 18:16:00.000','2023-06-12 18:16:00.000',NULL,'jianghao','d8e62c9 feat: 导出SQL','2022-11-03 16:22:41'),(212,'2023-06-12 18:16:00.000','2023-06-12 18:16:00.000',NULL,'jianghao','c99a1d2 feat: 恢复casbin','2022-11-04 09:39:14'),(213,'2023-06-12 18:16:00.000','2023-06-12 18:16:00.000',NULL,'jianghao','f74ab43 feat: 修复casbin和角色和菜单的设置','2022-11-04 15:27:22'),(214,'2023-06-12 18:16:00.000','2023-06-12 18:16:00.000',NULL,'jianghao','629aa47 feat: 修复API 菜单 casbin的互联','2022-11-08 14:54:25'),(215,'2023-06-12 18:16:00.000','2023-06-12 18:16:00.000',NULL,'jianghao','af2e3b7 fix: 按键权限','2022-11-15 14:38:28'),(216,'2023-06-12 18:16:00.000','2023-06-12 18:16:00.000',NULL,'jianghao','7d0ed44 fix: 修改结构体 增加form','2022-11-15 15:44:56'),(217,'2023-06-12 18:16:00.000','2023-06-12 18:16:00.000',NULL,'jianghao','0ff460b feat: 更新swagger','2022-11-15 16:14:40'),(218,'2023-06-12 18:16:00.000','2023-06-12 18:16:00.000',NULL,'jianghao','6d9d9c8 feat: 更新swagger','2022-11-15 16:56:08'),(219,'2023-06-12 18:16:00.000','2023-06-12 18:16:00.000',NULL,'jianghao','b535e78 feat: 更新角色菜单 的有 children 禁止选择首页设置','2022-11-15 17:55:13'),(220,'2023-06-12 18:16:00.000','2023-06-12 18:16:00.000',NULL,'jianghao','a08d0ba feat: 设置权限 角色 api 增加搜索项','2022-11-15 18:40:34'),(221,'2023-06-12 18:16:00.000','2023-06-12 18:16:00.000',NULL,'jianghao','15d853d feat: 设置权限 角色 api 增加搜索项','2022-11-16 08:48:15'),(222,'2023-06-12 18:16:00.000','2023-06-12 18:16:00.000',NULL,'jianghao','7386965 update index.html','2022-11-16 09:36:19'),(223,'2023-06-12 18:16:00.000','2023-06-12 18:16:00.000',NULL,'jianghao','3a7d906 fix: update makefile','2022-11-16 09:41:12'),(224,'2023-06-12 18:16:00.000','2023-06-12 18:16:00.000',NULL,'jianghao','e6456cb fix：增加makefile 更新froentend devolpment 编译','2022-11-16 09:50:20'),(225,'2023-06-12 18:16:00.000','2023-06-12 18:16:00.000',NULL,'jianghao','c779d83 fix：增加makefile','2022-11-16 10:05:11'),(226,'2023-06-12 18:16:00.000','2023-06-12 18:16:00.000',NULL,'jianghao','bf502bf feat: 更新server model comment children gorm many2many foreignKey:ParentId','2022-11-16 12:23:44'),(227,'2023-06-12 18:16:00.000','2023-06-12 18:16:00.000',NULL,'jianghao','b706623 feat: 去掉赞','2022-11-16 14:24:54'),(228,'2023-06-12 18:16:00.000','2023-06-12 18:16:00.000',NULL,'jianghao','48f2b10 feat: 增加用户的选择的动态体验 更新upload上传图片的返回值','2022-11-17 10:33:43'),(229,'2023-06-12 18:16:00.000','2023-06-12 18:16:00.000',NULL,'jianghao','ee119c7 feat: 删除文件的 错误返回','2022-11-17 11:29:55'),(230,'2023-06-12 18:16:00.000','2023-06-12 18:16:00.000',NULL,'jianghao','f502c6a feat: 更新vue','2022-11-18 09:27:13'),(231,'2023-06-12 18:16:00.000','2023-06-12 18:16:00.000',NULL,'jianghao','4505ad9 feat: get button authority list 改为 get','2022-11-19 10:43:10'),(232,'2023-06-12 18:16:00.000','2023-06-12 18:16:00.000',NULL,'jianghao','f7a8caa feat: get button authority list 改为 get','2022-11-19 11:27:56'),(233,'2023-06-12 18:16:00.000','2023-06-12 18:16:00.000',NULL,'jianghao','4460028 Merge branch main of github.com:JiangHaoCode/server-web into main','2022-11-20 15:07:40'),(234,'2023-06-12 18:16:00.000','2023-06-12 18:16:00.000',NULL,'jianghao','01a0ec2 feat: 配置redis','2022-11-20 15:08:26'),(235,'2023-06-12 18:16:00.000','2023-06-12 18:16:00.000',NULL,'jianghao','73d7f21 feat: 增加loading和更新 gorm','2022-11-21 12:17:21'),(236,'2023-06-12 18:16:00.000','2023-06-12 18:16:00.000',NULL,'jianghao','6cc3b06 feat: 更换动态','2022-11-21 15:14:36'),(237,'2023-06-12 18:16:00.000','2023-06-12 18:16:00.000',NULL,'jianghao','ec75204 feat: get button authority list 改为 get','2022-11-21 20:41:42'),(238,'2023-06-12 18:16:00.000','2023-06-12 18:16:00.000',NULL,'jianghao','6a8f747 Merge branch main of github.com:JiangHaoCode/server-web into main','2022-11-21 20:42:16'),(239,'2023-06-12 18:16:00.000','2023-06-12 18:16:00.000',NULL,'jianghao','93ae0cb feat: 更改任务和配置','2022-11-22 15:19:30'),(240,'2023-06-12 18:16:00.000','2023-06-12 18:16:00.000',NULL,'jianghao','b0c6ae9 feat: 增加任务和新的任务执行 前端更改任务','2022-11-22 16:11:18'),(241,'2023-06-12 18:16:00.000','2023-06-12 18:16:00.000',NULL,'jianghao','9047146 feat: 任务','2022-11-22 19:27:08'),(242,'2023-06-12 18:16:00.000','2023-06-12 18:16:00.000',NULL,'jianghao','97fd0ee feat: 新增SQL文件','2022-11-23 08:42:03'),(243,'2023-06-12 18:16:00.000','2023-06-12 18:16:00.000',NULL,'jianghao','5951b80 feat: 开启任务','2022-11-23 10:33:02'),(244,'2023-06-12 18:16:00.000','2023-06-12 18:16:00.000',NULL,'jianghao','14c36cf feat: 前端权限设置','2022-11-23 17:47:01'),(245,'2023-06-12 18:16:00.000','2023-06-12 18:16:00.000',NULL,'jianghao','89c608a feat: 更新菜单 当缩略是有提示','2022-11-24 15:07:06'),(246,'2023-06-12 18:16:00.000','2023-06-12 18:16:00.000',NULL,'jianghao','9835739 feat: 更新菜单 当缩略是有提示 修改css','2022-11-24 15:17:17'),(247,'2023-06-12 18:16:00.000','2023-06-12 18:16:00.000',NULL,'jianghao','66a482d feat: 更新菜单 当缩略是有提示 修改css','2022-11-24 15:32:30'),(248,'2023-06-12 18:16:00.000','2023-06-12 18:16:00.000',NULL,'jianghao','6eb2fa6 feat: 修复getMenu 无权限的 无限循环','2022-11-25 14:55:50'),(249,'2023-06-12 18:16:00.000','2023-06-12 18:16:00.000',NULL,'jianghao','602047e feat: delete sql','2022-11-25 14:59:27'),(250,'2023-06-12 18:16:00.000','2023-06-12 18:16:00.000',NULL,'jianghao','8b0c2de feat: delete sql','2022-11-25 15:00:14'),(251,'2023-06-12 18:16:00.000','2023-06-12 18:16:00.000',NULL,'jianghao','f53574d feat: delete deployment','2022-11-25 16:03:24'),(252,'2023-06-12 18:16:00.000','2023-06-12 18:16:00.000',NULL,'jianghao','d9c6a9b feat: 增加string to number func','2022-11-28 08:43:50'),(253,'2023-06-12 18:16:00.000','2023-06-12 18:16:00.000',NULL,'jianghao','e98e614 feat: 修改db logMode 的选择','2022-12-05 09:06:09'),(254,'2023-06-12 18:16:00.000','2023-06-12 18:16:00.000',NULL,'jianghao','2684319 fix: 更新permission','2022-12-04 22:40:29'),(255,'2023-06-12 18:16:00.000','2023-06-12 18:16:00.000',NULL,'jianghao','ecf63fb fix: 更新字典','2022-12-06 08:56:45'),(256,'2023-06-12 18:16:00.000','2023-06-12 18:16:00.000',NULL,'jianghao','7598a74 feat: 前台的article redis 缓存','2022-12-07 14:01:00'),(257,'2023-06-12 18:16:00.000','2023-06-12 18:16:00.000',NULL,'jianghao','a97b70d Merge branch main of github.com:JiangHaoCode/server-web into main','2022-12-07 14:01:29'),(258,'2023-06-12 18:16:00.000','2023-06-12 18:16:00.000',NULL,'jianghao','0cb577d feat: 更新 go mod','2022-12-07 14:02:38'),(259,'2023-06-12 18:16:00.000','2023-06-12 18:16:00.000',NULL,'jianghao','a06dfcf feat: 增加cache time 的配置','2022-12-07 14:24:47'),(260,'2023-06-12 18:16:00.000','2023-06-12 18:16:00.000',NULL,'jianghao','28ab9d7 feat: 任务定时执行和 tag redis cache','2022-12-07 15:41:19'),(261,'2023-06-12 18:16:00.000','2023-06-12 18:16:00.000',NULL,'jianghao','3a8a6ff feat: 更新element-plus vite','2022-12-08 08:34:45'),(262,'2023-06-12 18:16:00.000','2023-06-12 18:16:00.000',NULL,'jianghao','11bd7ef Merge branch main of github.com:JiangHaoCode/server-web','2022-12-08 08:22:30'),(263,'2023-06-12 18:16:00.000','2023-06-12 18:16:00.000',NULL,'jianghao','618f32f feat: 更新组件的引用 占用cpu降低','2022-12-09 10:37:08'),(264,'2023-06-12 18:16:00.000','2023-06-12 18:16:00.000',NULL,'jianghao','0de71c0 Merge branch main of github.com:JiangHaoCode/server-web into main','2022-12-09 10:37:28'),(265,'2023-06-12 18:16:00.000','2023-06-12 18:16:00.000',NULL,'jianghao','e69032c feat: 更新组件的引用 占用cpu降低','2022-12-09 11:13:32'),(266,'2023-06-12 18:16:00.000','2023-06-12 18:16:00.000',NULL,'jianghao','0e0d022 feat: 更新是否是否初始化','2022-12-09 16:30:47'),(267,'2023-06-12 18:16:00.000','2023-06-12 18:16:00.000',NULL,'jianghao','541ddc0 feat: 更新菜单的css','2022-12-12 19:10:01'),(268,'2023-06-12 18:16:00.000','2023-06-12 18:16:00.000',NULL,'jianghao','66820bb fix: 更新图片加载','2022-12-14 11:05:25'),(269,'2023-06-12 18:16:00.000','2023-06-12 18:16:00.000',NULL,'jianghao','97815f4 feat: 设置redis 缓存的时间','2022-12-14 19:03:29'),(270,'2023-06-12 18:16:00.000','2023-06-12 18:16:00.000',NULL,'jianghao','be8e005 feat: 设置redis 缓存的时间','2022-12-14 19:16:02'),(271,'2023-06-12 18:16:00.000','2023-06-12 18:16:00.000',NULL,'jianghao','a380d02 feat: 系统配置增加缓存时间','2022-12-14 19:21:15'),(272,'2023-06-12 18:16:00.000','2023-06-12 18:16:00.000',NULL,'jianghao','a88df4c feat: 重新加载配置文件和重启服务','2022-12-15 11:40:30'),(273,'2023-06-12 18:16:00.000','2023-06-12 18:16:00.000',NULL,'jianghao','1fc69e4 fix: 删除多余的sql','2022-12-16 10:10:27'),(274,'2023-06-12 18:16:00.000','2023-06-12 18:16:00.000',NULL,'jianghao','f612902 feat: 修复casbin拦截','2022-12-19 15:46:12'),(275,'2023-06-12 18:16:00.000','2023-06-12 18:16:00.000',NULL,'jianghao','5584fe3 fix: 更新tag','2022-12-19 16:23:34'),(276,'2023-06-12 18:16:00.000','2023-06-12 18:16:00.000',NULL,'jianghao','8283106 fix: 更新SQL','2022-12-19 16:31:27'),(277,'2023-06-12 18:16:00.000','2023-06-12 18:16:00.000',NULL,'jianghao','76003cd fix: 更新SQL','2022-12-19 16:41:56'),(278,'2023-06-12 18:16:00.000','2023-06-12 18:16:00.000',NULL,'jianghao','f496e92 fix: 更新github commit','2022-12-19 17:54:38'),(279,'2023-06-12 18:16:00.000','2023-06-12 18:16:00.000',NULL,'jianghao','518a9a2 fix: 更新github commit','2022-12-19 18:01:53'),(280,'2023-06-12 18:16:00.000','2023-06-12 18:16:00.000',NULL,'jianghao','a9bb24d fix: 修复标签的更名','2022-12-21 01:41:30'),(281,'2023-06-12 18:16:00.000','2023-06-12 18:16:00.000',NULL,'jianghao','9bcc3f6 fix: 修复标签的更名','2022-12-21 02:08:02'),(282,'2023-06-12 18:16:00.000','2023-06-12 18:16:00.000',NULL,'jianghao','97c9060 feat: 更新文章的接口','2022-12-26 10:30:43'),(283,'2023-06-12 18:16:00.000','2023-06-12 18:16:00.000',NULL,'jianghao','337229a feat: 新增Table模型','2022-12-26 11:56:54'),(284,'2023-06-12 18:16:00.000','2023-06-12 18:16:00.000',NULL,'jianghao','dac3308 fix: 去掉 更新api 更新casbin','2022-12-26 15:52:43'),(285,'2023-06-12 18:16:00.000','2023-06-12 18:16:00.000',NULL,'jianghao','e9c7231 feat: add component ProTable','2022-12-26 16:53:01'),(286,'2023-06-12 18:16:00.000','2023-06-12 18:16:00.000',NULL,'jianghao','53152e5 feat: 回车触发搜索','2022-12-27 09:55:33'),(287,'2023-06-12 18:16:00.000','2023-06-12 18:16:00.000',NULL,'jianghao','e563d4a feat: 用户的搜索','2022-12-27 10:38:26'),(288,'2023-06-12 18:16:00.000','2023-06-12 18:16:00.000',NULL,'jianghao','79bb3dc feat: 修复article的取消','2022-12-28 11:44:47'),(289,'2023-06-12 18:16:00.000','2023-06-12 18:16:00.000',NULL,'jianghao','589eb7a feat: 更新前台的api router 分组 PublicGroup','2023-01-05 18:53:54'),(290,'2023-06-12 18:16:00.000','2023-06-12 18:16:00.000',NULL,'jianghao','320a53d feat: 基本信息关联用户','2023-01-05 19:38:15'),(291,'2023-06-12 18:16:00.000','2023-06-12 18:16:00.000',NULL,'jianghao','f8c9809 feat: 修复ts错误','2023-01-06 09:35:55'),(292,'2023-06-12 18:16:00.000','2023-06-12 18:16:00.000',NULL,'jianghao','541cc03 feat: 修复基本信息的css','2023-01-06 09:37:51'),(293,'2023-06-12 18:16:00.000','2023-06-12 18:16:00.000',NULL,'jianghao','5c771d5 feat: 导出SQL','2023-01-06 11:46:53'),(294,'2023-06-12 18:16:00.000','2023-06-12 18:16:00.000',NULL,'jianghao','ae888c2 fix: 修复api管理的查询 使用bindquery','2023-01-06 23:36:18'),(295,'2023-06-12 18:16:00.000','2023-06-12 18:16:00.000',NULL,'jianghao','9fbfa9b fix: 配置host 0.0.0.0','2023-01-06 23:42:43'),(296,'2023-06-12 18:16:00.000','2023-06-12 18:16:00.000',NULL,'jianghao','f9e6193 feat: 前台关于我','2023-01-06 23:55:43'),(297,'2023-06-12 18:16:00.000','2023-06-12 18:16:00.000',NULL,'jianghao','ceae722 fix: update sql','2023-01-10 12:16:46'),(298,'2023-06-12 18:16:00.000','2023-06-12 18:16:00.000',NULL,'jianghao','622abf5 feat: 修复加载慢问题','2023-01-10 18:16:12'),(299,'2023-06-12 18:16:00.000','2023-06-12 18:16:00.000',NULL,'jianghao','bf43945 feat: 更新server go 读写警告，导出发生错误的处理','2023-01-12 11:19:36'),(300,'2023-06-12 18:16:00.000','2023-06-12 18:16:00.000',NULL,'jianghao','eb21842 feat: 更新文章的写入的bug 更新jwt配置','2023-01-12 11:33:33'),(301,'2023-06-12 18:16:00.000','2023-06-12 18:16:00.000',NULL,'jianghao','cfe5d20 feat: 更新修改 get post put delete','2023-01-12 14:14:51'),(302,'2023-06-12 18:16:00.000','2023-06-12 18:16:00.000',NULL,'jianghao','963c374 feat: 获取流量','2023-01-12 17:05:42'),(303,'2023-06-12 18:16:00.000','2023-06-12 18:16:00.000',NULL,'jianghao','bce221d feat: 更新命名','2023-01-13 11:12:35'),(304,'2023-06-12 18:16:00.000','2023-06-12 18:16:00.000',NULL,'jianghao','f989c1d feat: 去掉 css命名的前缀','2023-01-13 11:26:37'),(305,'2023-06-12 18:16:00.000','2023-06-12 18:16:00.000',NULL,'jianghao','b45d061 feat: 去掉 css命名的前缀','2023-01-13 11:28:01'),(306,'2023-06-12 18:16:00.000','2023-06-12 18:16:00.000',NULL,'jianghao','35c0357 feat: 去掉 css命名的前缀','2023-01-13 11:40:24'),(307,'2023-06-12 18:16:00.000','2023-06-12 18:16:00.000',NULL,'jianghao','fe7b204 feat: 去掉 css命名的前缀','2023-01-13 11:40:43'),(308,'2023-06-12 18:16:00.000','2023-06-12 18:16:00.000',NULL,'jianghao','d1df9c4 feat: 更新docker-compose','2023-01-13 11:45:38'),(309,'2023-06-12 18:16:00.000','2023-06-12 18:16:00.000',NULL,'jianghao','a5a8d38 feat: 更新 init sql','2023-01-13 11:47:47'),(310,'2023-06-12 18:16:00.000','2023-06-12 18:16:00.000',NULL,'jianghao','ef0ebb3 feat: 前台运行docker','2023-01-13 14:30:15'),(311,'2023-06-12 18:16:00.000','2023-06-12 18:16:00.000',NULL,'jianghao','a3d2a39 feat: 注释log','2023-01-13 16:35:09'),(312,'2023-06-12 18:16:00.000','2023-06-12 18:16:00.000',NULL,'jianghao','031e19e feat: 生成swagger','2023-01-13 16:48:09'),(313,'2023-06-12 18:16:00.000','2023-06-12 18:16:00.000',NULL,'jianghao','94699f6 feat: 删除报错文件','2023-01-13 16:54:41'),(314,'2023-06-12 18:16:00.000','2023-06-12 18:16:00.000',NULL,'jianghao','56f9b5d feat: 修复配置报错','2023-01-13 16:59:24'),(315,'2023-06-12 18:16:00.000','2023-06-12 18:16:00.000',NULL,'jianghao','9e6d9ef feat: 前台标签','2023-01-14 23:39:05'),(316,'2023-06-12 18:16:00.000','2023-06-12 18:16:00.000',NULL,'jianghao','e36ea85 feat: 前台标签','2023-01-16 12:55:32'),(317,'2023-06-12 18:16:00.000','2023-06-12 18:16:00.000',NULL,'jianghao','12da26a feat: 前台的文章页面','2023-01-16 14:11:46'),(318,'2023-06-12 18:16:00.000','2023-06-12 18:16:00.000',NULL,'jianghao','57fbbf4 feat: 前台增加公共函数','2023-01-17 09:37:20'),(319,'2023-06-12 18:16:00.000','2023-06-12 18:16:00.000',NULL,'jianghao','cfcec5a feat: update vite.config','2023-01-17 09:47:54'),(320,'2023-06-12 18:16:00.000','2023-06-12 18:16:00.000',NULL,'jianghao','d7d0640 feat: 更新frontend的title','2023-01-17 14:08:38'),(321,'2023-06-12 18:16:00.000','2023-06-12 18:16:00.000',NULL,'jianghao','428b081 feat: 前台的加载条和文章详情','2023-01-17 15:32:15'),(322,'2023-06-12 18:16:00.000','2023-06-12 18:16:00.000',NULL,'jianghao','c258d18 feat: 修改footer的css','2023-01-17 15:34:16'),(323,'2023-06-12 18:16:00.000','2023-06-12 18:16:00.000',NULL,'jianghao','2d806b3 feat: 修改footer的css','2023-01-17 15:43:30'),(324,'2023-06-12 18:16:00.000','2023-06-12 18:16:00.000',NULL,'jianghao','106e5e0 feat: 文章页面查看详情','2023-01-17 16:33:52'),(325,'2023-06-12 18:16:00.000','2023-06-12 18:16:00.000',NULL,'jianghao','27e5948 feat: 新增搜索页 和标签跳转页面','2023-01-19 11:40:49'),(326,'2023-06-12 18:16:00.000','2023-06-12 18:16:00.000',NULL,'jianghao','3205ade feat: 新增搜索页面','2023-01-19 15:31:24'),(327,'2023-06-12 18:16:00.000','2023-06-12 18:16:00.000',NULL,'jianghao','de0a66c feat: 新增搜索页面','2023-01-19 16:54:22'),(328,'2023-06-12 18:16:00.000','2023-06-12 18:16:00.000',NULL,'jianghao','192a98b (tag: v0.0.1) feat: 前台更换tag的颜色','2023-02-08 12:38:30'),(329,'2023-06-12 18:16:00.000','2023-06-12 18:16:00.000',NULL,'jianghao','130a64e (tag: v0.0.2) feat: 更新设置首页信息','2023-02-08 17:14:23'),(330,'2023-06-12 18:16:00.000','2023-06-12 18:16:00.000',NULL,'jianghao','ad6e0b2 feat: frontend 请求报错显示','2023-02-13 11:45:53'),(331,'2023-06-12 18:16:00.000','2023-06-12 18:16:00.000',NULL,'jianghao','decdf3e feat: frontend 监控搜索','2023-02-13 16:53:32'),(332,'2023-06-12 18:16:00.000','2023-06-12 18:16:00.000',NULL,'jianghao','c25079e feat: frontend更新配置','2023-02-14 10:18:58'),(333,'2023-06-12 18:16:00.000','2023-06-12 18:16:00.000',NULL,'jianghao','4e7490b feat: server更新加载配置文件','2023-02-17 16:28:21'),(334,'2023-06-12 18:16:00.000','2023-06-12 18:16:00.000',NULL,'jianghao','9af7dde build(deps): bump github.com/gin-gonic/gin in /server','2023-02-17 11:06:23'),(335,'2023-06-12 18:16:00.000','2023-06-12 18:16:00.000',NULL,'jianghao','bd689b0 feat: frontend 读取env配置信息','2023-02-20 11:03:46'),(336,'2023-06-12 18:16:00.000','2023-06-12 18:16:00.000',NULL,'jianghao','175c13e feat: frontend 的调整和request的修复','2023-02-23 13:53:35'),(337,'2023-06-12 18:16:00.000','2023-06-12 18:16:00.000',NULL,'jianghao','6529ebc feat: frontend 的调整和request的修复','2023-02-23 16:36:34'),(338,'2023-06-12 18:16:00.000','2023-06-12 18:16:00.000',NULL,'jianghao','7228dbf feat: 更改错误显示','2023-02-24 11:57:13'),(339,'2023-06-12 18:16:00.000','2023-06-12 18:16:00.000',NULL,'jianghao','4ca91c4 feat: 前台的前端的 typescript API去掉','2023-02-25 13:38:54'),(340,'2023-06-12 18:16:00.000','2023-06-12 18:16:00.000',NULL,'jianghao','e3c6bf8 Merge pull request #1 from JiangHaoCode/dependabot/go_modules/server/github.com/gin-gonic/gin-1.7.7','2023-02-28 09:57:06'),(341,'2023-06-12 18:16:00.000','2023-06-12 18:16:00.000',NULL,'jianghao','95a6bc1 feat: frontend 多对多关联查询','2023-02-28 12:09:11'),(342,'2023-06-12 18:16:00.000','2023-06-12 18:16:00.000',NULL,'jianghao','1c1ef3b feat: frontend 增加主题变更','2023-02-28 16:15:38'),(343,'2023-06-12 18:16:00.000','2023-06-12 18:16:00.000',NULL,'jianghao','2a75313 feat: frontend 增加字体的变色','2023-02-28 17:11:16'),(344,'2023-06-12 18:16:00.000','2023-06-12 18:16:00.000',NULL,'jianghao','8fae03f feat: 文章detail随着theme的变更而变更','2023-02-28 18:15:24'),(345,'2023-06-12 18:16:00.000','2023-06-12 18:16:00.000',NULL,'jianghao','64a59ae feat: 更新sql','2023-03-01 09:39:23'),(346,'2023-06-12 18:16:00.000','2023-06-12 18:16:00.000',NULL,'jianghao','5ea3c3d feat: 更新sql, 重命名web to backend','2023-03-01 09:42:18'),(347,'2023-06-12 18:16:00.000','2023-06-12 18:16:00.000',NULL,'jianghao','f7ee755 feat: 更新frontend的标签','2023-03-01 10:10:06'),(348,'2023-06-12 18:16:00.000','2023-06-12 18:16:00.000',NULL,'jianghao','432049c feat: 更新frontend的标签','2023-03-01 10:11:36'),(349,'2023-06-12 18:16:00.000','2023-06-12 18:16:00.000',NULL,'jianghao','b11e769 feat: 修改nginx 配置','2023-03-02 10:37:26'),(350,'2023-06-12 18:16:00.000','2023-06-12 18:16:00.000',NULL,'jianghao','24e16b6 fix: 修复docker部署 和backend主题切换的菜单颜色的bug','2023-03-02 14:21:53'),(351,'2023-06-12 18:16:00.000','2023-06-12 18:16:00.000',NULL,'jianghao','f3c1c19 fix: 修复docker部署 和backend主题切换的菜单颜色的bug','2023-03-02 14:26:42'),(352,'2023-06-12 18:16:00.000','2023-06-12 18:16:00.000',NULL,'jianghao','62709f2 feat: 解决后台加载图片失败的问题','2023-03-03 09:43:35'),(353,'2023-06-12 18:16:00.000','2023-06-12 18:16:00.000',NULL,'jianghao','325b2dd feat: 更新frontend vite配置','2023-03-03 10:17:59'),(354,'2023-06-12 18:16:00.000','2023-06-12 18:16:00.000',NULL,'jianghao','ed70ee1 feat: 后端去掉server对前台对user的请求， 修复前台前端的search article的切换路由对search的请求','2023-03-03 11:22:52'),(355,'2023-06-12 18:16:00.000','2023-06-12 18:16:00.000',NULL,'jianghao','90f8353 feat: 修改backend vite 配置 编译时的警告','2023-03-03 18:46:54'),(356,'2023-06-12 18:16:00.000','2023-06-12 18:16:00.000',NULL,'jianghao','f4c2e81 feat: frontend article使用pinia','2023-03-07 18:33:05'),(357,'2023-06-12 18:16:00.000','2023-06-12 18:16:00.000',NULL,'jianghao','25b8a18 feat: frontend article使用pinia','2023-03-07 18:37:08'),(358,'2023-06-12 18:16:00.000','2023-06-12 18:16:00.000',NULL,'jianghao','a016507 feat: frontend article使用pinia','2023-03-07 18:37:31'),(359,'2023-06-12 18:16:00.000','2023-06-12 18:16:00.000',NULL,'jianghao','98a9bd4 feat: 菜单的按钮删除功能','2023-03-08 10:18:47'),(360,'2023-06-12 18:16:00.000','2023-06-12 18:16:00.000',NULL,'jianghao','3c90eb6 feat: 更新后台vite.config','2023-03-09 10:42:59'),(361,'2023-06-12 18:16:00.000','2023-06-12 18:16:00.000',NULL,'jianghao','23c415e feat: 更新tsconfig jsconfig 适应编辑器','2023-03-13 15:17:26'),(362,'2023-06-12 18:16:00.000','2023-06-12 18:16:00.000',NULL,'jianghao','3055348 feat: 更新配置','2023-03-14 21:30:54'),(363,'2023-06-12 18:16:00.000','2023-06-12 18:16:00.000',NULL,'jianghao','8dad720 feat: 修复报错警告','2023-03-15 09:44:12'),(364,'2023-06-12 18:16:00.000','2023-06-12 18:16:00.000',NULL,'jianghao','f0073fe Merge branch master of github.com:JiangHaoCode/server-web','2023-03-15 09:44:31'),(365,'2023-06-12 18:16:00.000','2023-06-12 18:16:00.000',NULL,'jianghao','964192c feat: 更新配置','2023-03-16 00:07:19'),(366,'2023-06-12 18:16:00.000','2023-06-12 18:16:00.000',NULL,'jianghao','06aeb6f feat: 增加frontend的ant-design-vue包','2023-03-17 15:58:53'),(367,'2023-06-12 18:16:00.000','2023-06-12 18:16:00.000',NULL,'jianghao','adb809d feat: frontend 评论','2023-03-17 17:07:18'),(368,'2023-06-12 18:16:00.000','2023-06-12 18:16:00.000',NULL,'jianghao','5fc6a5c feat: 更新评论搜索','2023-03-19 18:57:30'),(369,'2023-06-12 18:16:00.000','2023-06-12 18:16:00.000',NULL,'jianghao','0e703ca feat: 文章的评论','2023-03-19 22:08:14'),(370,'2023-06-12 18:16:00.000','2023-06-12 18:16:00.000',NULL,'jianghao','99491fe feat: 更新frontend reponse的typescript','2023-03-20 09:12:18'),(371,'2023-06-12 18:16:00.000','2023-06-12 18:16:00.000',NULL,'jianghao','411918b feat: frontend 的评论','2023-03-20 18:38:38'),(372,'2023-06-12 18:16:00.000','2023-06-12 18:16:00.000',NULL,'jianghao','2eb7d73 feat: 文章的评论','2023-03-20 22:21:21'),(373,'2023-06-12 18:16:00.000','2023-06-12 18:16:00.000',NULL,'jianghao','db60d42 feat: frontend 的评论','2023-03-21 10:33:47'),(374,'2023-06-12 18:16:00.000','2023-06-12 18:16:00.000',NULL,'jianghao','52eb8b1 feat: 调整dark和line的切换字体颜色','2023-03-21 14:06:43'),(375,'2023-06-12 18:16:00.000','2023-06-12 18:16:00.000',NULL,'jianghao','5065b1d feat: 更新评论的输入 提交','2023-03-21 15:47:11'),(376,'2023-06-12 18:16:00.000','2023-06-12 18:16:00.000',NULL,'jianghao','d160d1e fix: 修复h标签的字体颜色 不随主题改动而改动','2023-03-22 09:29:04'),(377,'2023-06-12 18:16:00.000','2023-06-12 18:16:00.000',NULL,'jianghao','730ecdb fix: backend 配置unplugin-vue-components 使用组件才加载 使编译后体积更小','2023-03-22 10:05:11'),(378,'2023-06-12 18:16:00.000','2023-06-12 18:16:00.000',NULL,'jianghao','9ceb474 feat: 评论增加用户名','2023-03-23 16:50:58'),(379,'2023-06-12 18:16:00.000','2023-06-12 18:16:00.000',NULL,'jianghao','8c1ffa3 feat: 修复初次评论没有chrildren','2023-03-23 21:46:10'),(380,'2023-06-12 18:16:00.000','2023-06-12 18:16:00.000',NULL,'jianghao','be41dfc feat: 查询评论id排序','2023-03-24 23:36:03'),(381,'2023-06-12 18:16:00.000','2023-06-12 18:16:00.000',NULL,'jianghao','97904da feat: frontend 用户登录','2023-03-25 19:52:30'),(382,'2023-06-12 18:16:00.000','2023-06-12 18:16:00.000',NULL,'jianghao','2e7a569 feat: backend user 后台管理 server','2023-03-25 22:45:10'),(383,'2023-06-12 18:16:00.000','2023-06-12 18:16:00.000',NULL,'jianghao','80808f1 feat: backend user 后台管理 server','2023-03-25 22:53:45'),(384,'2023-06-12 18:16:00.000','2023-06-12 18:16:00.000',NULL,'jianghao','58f83d3 feat: backend user 后台管理前端','2023-03-25 23:19:40'),(385,'2023-06-12 18:16:00.000','2023-06-12 18:16:00.000',NULL,'jianghao','9585f43 feat: backend 前端用户 后台管理','2023-03-26 13:31:53'),(386,'2023-06-12 18:16:00.000','2023-06-12 18:16:00.000',NULL,'jianghao','70b6f58 feat: 修复frontend主题 跟随着浏览器','2023-03-27 14:43:17'),(387,'2023-06-12 18:16:00.000','2023-06-12 18:16:00.000',NULL,'jianghao','4e05002 feat: frontend 增加更换背景图和frontend的用户 backend 的前台用户管理','2023-03-28 19:24:02'),(388,'2023-06-12 18:16:00.000','2023-06-12 18:16:00.000',NULL,'jianghao','6ab6c81 feat: frontend 增加更换背景图和frontend的用户 backend 的前台用户管理','2023-03-28 19:24:23'),(389,'2023-06-12 18:16:00.000','2023-06-12 18:16:00.000',NULL,'jianghao','1582b9d feat: 更新sql','2023-03-28 21:06:21'),(390,'2023-06-12 18:16:00.000','2023-06-12 18:16:00.000',NULL,'jianghao','7083d20 feat: 图片上传更改目录和增加上传图片的高度宽度 长宽比例','2023-03-29 11:39:48'),(391,'2023-06-12 18:16:00.000','2023-06-12 18:16:00.000',NULL,'jianghao','f1e40d8 feat: 背景图片的获取更新条件','2023-03-29 11:59:20'),(392,'2023-06-12 18:16:00.000','2023-06-12 18:16:00.000',NULL,'jianghao','af0223b feat: 更新sql','2023-03-29 12:01:07'),(393,'2023-06-12 18:16:00.000','2023-06-12 18:16:00.000',NULL,'jianghao','99bb079 feat: frontend登录页面','2023-03-29 15:18:10'),(394,'2023-06-12 18:16:00.000','2023-06-12 18:16:00.000',NULL,'jianghao','9b94580 feat: backend server 更新用户的密码','2023-03-29 15:56:56'),(395,'2023-06-12 18:16:00.000','2023-06-12 18:16:00.000',NULL,'jianghao','05b4d77 feat: server 前台登录 生成Token','2023-03-29 18:05:11'),(396,'2023-06-12 18:16:00.000','2023-06-12 18:16:00.000',NULL,'jianghao','5aeef31 feat: 更新后台的前台图片显示','2023-03-29 19:25:09'),(397,'2023-06-12 18:16:00.000','2023-06-12 18:16:00.000',NULL,'jianghao','174c01a feat: server 端的frontend登录','2023-03-29 21:35:53'),(398,'2023-06-12 18:16:00.000','2023-06-12 18:16:00.000',NULL,'jianghao','b76e517 feat: frontend 登录的 server端和前台端','2023-03-30 10:05:23'),(399,'2023-06-12 18:16:00.000','2023-06-12 18:16:00.000',NULL,'jianghao','a885446 feat: frontend 登录和获取用户信息','2023-03-30 11:51:29'),(400,'2023-06-12 18:16:00.000','2023-06-12 18:16:00.000',NULL,'jianghao','cf4c090 feat: frontend 登录后初始化登录信息','2023-03-30 12:52:07'),(401,'2023-06-12 18:16:00.000','2023-06-12 18:16:00.000',NULL,'jianghao','bba90a0 feat: frontend 首页的初始化和登录background的更换和设置','2023-03-30 13:53:55'),(402,'2023-06-12 18:16:00.000','2023-06-12 18:16:00.000',NULL,'jianghao','bbde48e feat: 更新sql','2023-03-30 13:55:42'),(403,'2023-06-12 18:16:00.000','2023-06-12 18:16:00.000',NULL,'jianghao','6fb2c1b feat: frontend 更新logout的图标','2023-03-30 15:19:41'),(404,'2023-06-12 18:16:00.000','2023-06-12 18:16:00.000',NULL,'jianghao','c7d3b75 feat: frontend keep-alive更改使得id的更新 文章的更新','2023-03-30 15:35:54'),(405,'2023-06-12 18:16:00.000','2023-06-12 18:16:00.000',NULL,'jianghao','6529add feat: frontend 关于我','2023-03-30 15:44:03'),(406,'2023-06-12 18:16:00.000','2023-06-12 18:16:00.000',NULL,'jianghao','14ee9ec feat: frontend 更新切换动画','2023-03-30 15:55:19'),(407,'2023-06-12 18:16:00.000','2023-06-12 18:16:00.000',NULL,'jianghao','6929634 feat: frontend 更新切换动画','2023-03-30 15:55:56'),(408,'2023-06-12 18:16:00.000','2023-06-12 18:16:00.000',NULL,'jianghao','937b7c1 feat: 关于我的设置','2023-03-30 16:40:04'),(409,'2023-06-12 18:16:00.000','2023-06-12 18:16:00.000',NULL,'jianghao','f0ee6ce feat: 更新更换背景图片','2023-03-30 16:46:02'),(410,'2023-06-12 18:16:00.000','2023-06-12 18:16:00.000',NULL,'jianghao','9934d6f feat: frontend components.d.ts','2023-03-30 17:00:37'),(411,'2023-06-12 18:16:00.000','2023-06-12 18:16:00.000',NULL,'jianghao','b94b5b6 feat: 更改前端访问后台域名','2023-03-30 17:18:40'),(412,'2023-06-12 18:16:00.000','2023-06-12 18:16:00.000',NULL,'jianghao','f405078 feat: 解决在部署 前后台的访问限制','2023-03-30 18:07:21'),(413,'2023-06-12 18:16:00.000','2023-06-12 18:16:00.000',NULL,'jianghao','875c47c feat: 解决图片加载错误','2023-03-30 18:33:21'),(414,'2023-06-12 18:16:00.000','2023-06-12 18:16:00.000',NULL,'jianghao','f9963a3 feat: 更新sql','2023-03-30 18:42:57'),(415,'2023-06-12 18:16:00.000','2023-06-12 18:16:00.000',NULL,'jianghao','a2ee45f feat: 增加阅读量和表table ip 修复router更新是tabs的颜色消失','2023-03-31 17:14:30'),(416,'2023-06-12 18:16:00.000','2023-06-12 18:16:00.000',NULL,'jianghao','d6fd3ed feat: 更改jwt 采用RegisteredClaims','2023-03-31 19:09:59'),(417,'2023-06-12 18:16:00.000','2023-06-12 18:16:00.000',NULL,'jianghao','dbb8605 feat: 更改jwt 采用RegisteredClaims','2023-03-31 19:21:09'),(418,'2023-06-12 18:16:00.000','2023-06-12 18:16:00.000',NULL,'jianghao','4cf6e72 feat: 更新component.d.ts','2023-03-31 19:33:14'),(419,'2023-06-12 18:16:00.000','2023-06-12 18:16:00.000',NULL,'jianghao','795bc1b feat: 更新sql','2023-03-31 20:02:16'),(420,'2023-06-12 18:16:00.000','2023-06-12 18:16:00.000',NULL,'jianghao','6c20f28 feat: 同一IP不同日期查看 视为阅读','2023-03-31 20:07:47'),(421,'2023-06-12 18:16:00.000','2023-06-12 18:16:00.000',NULL,'jianghao','75e56f8 fix: 修复文章的评价','2023-03-31 20:39:14'),(422,'2023-06-12 18:16:00.000','2023-06-12 18:16:00.000',NULL,'jianghao','2210fa6 feat: 更新frontend server 的访问阅读量更新为事务更新','2023-04-01 22:07:18'),(423,'2023-06-12 18:16:00.000','2023-06-12 18:16:00.000',NULL,'jianghao','3e9c58a feat: 更新frontend评论 表情的显示','2023-04-02 19:05:53'),(424,'2023-06-12 18:16:00.000','2023-06-12 18:16:00.000',NULL,'jianghao','dae9e50 feat: 更改前缀frontend -> api','2023-04-03 10:04:15'),(425,'2023-06-12 18:16:00.000','2023-06-12 18:16:00.000',NULL,'jianghao','2c67f15 feat: 增加请求包alova','2023-04-03 14:57:28'),(426,'2023-06-12 18:16:00.000','2023-06-12 18:16:00.000',NULL,'jianghao','84ff375 feat: 修复图片的查看和评论的user一起返回','2023-04-05 21:38:58'),(427,'2023-06-12 18:16:00.000','2023-06-12 18:16:00.000',NULL,'jianghao','dd87148 feat: 更新request','2023-04-06 09:11:32'),(428,'2023-06-12 18:16:00.000','2023-06-12 18:16:00.000',NULL,'jianghao','33ab134 feat: frontend 登录显示头像','2023-04-06 11:57:00'),(429,'2023-06-12 18:16:00.000','2023-06-12 18:16:00.000',NULL,'jianghao','10d2022 feat: frontend评论的头像','2023-04-06 12:16:50'),(430,'2023-06-12 18:16:00.000','2023-06-12 18:16:00.000',NULL,'jianghao','f53056d feat: 评论增加表情回答','2023-04-07 16:22:54'),(431,'2023-06-12 18:16:00.000','2023-06-12 18:16:00.000',NULL,'jianghao','67731dc feat: 增加前台的token验证','2023-04-07 17:40:52'),(432,'2023-06-12 18:16:00.000','2023-06-12 18:16:00.000',NULL,'jianghao','e62695f feat: frontend token失效删除本地token','2023-04-07 17:59:05'),(433,'2023-06-12 18:16:00.000','2023-06-12 18:16:00.000',NULL,'jianghao','3e1f65e feat: 修复backend tag type错误','2023-04-09 20:53:05'),(434,'2023-06-12 18:16:00.000','2023-06-12 18:16:00.000',NULL,'jianghao','0a9c56d feat: 上传文章增加文件名后缀 避免重复','2023-04-10 08:57:29'),(435,'2023-06-12 18:16:00.000','2023-06-12 18:16:00.000',NULL,'jianghao','7193d83 feat: backend用户的搜索和frontend回车提交','2023-04-10 09:32:35'),(436,'2023-06-12 18:16:00.000','2023-06-12 18:16:00.000',NULL,'jianghao','e2fa697 (tag: v0.0.3) feat: 调整提交显示','2023-04-10 09:37:44'),(437,'2023-06-12 18:16:00.000','2023-06-12 18:16:00.000',NULL,'jianghao','db4ffc7 feat: 更新frontend title','2023-04-10 16:38:54'),(438,'2023-06-12 18:16:00.000','2023-06-12 18:16:00.000',NULL,'jianghao','b788e4d feat: server端的注册','2023-04-11 21:18:46'),(439,'2023-06-12 18:16:00.000','2023-06-12 18:16:00.000',NULL,'jianghao','5b348c0 feat: frontend注册 server注册修改规则','2023-04-12 11:23:22'),(440,'2023-06-12 18:16:00.000','2023-06-12 18:16:00.000',NULL,'jianghao','3aff3c6 feat: frontend 去掉alova','2023-04-12 11:28:54'),(441,'2023-06-12 18:16:00.000','2023-06-12 18:16:00.000',NULL,'jianghao','24fa0be feat: frontend登录默认头像 后台默认图片','2023-04-12 11:51:05'),(442,'2023-06-12 18:16:00.000','2023-06-12 18:16:00.000',NULL,'jianghao','dba018a Create LICENSE','2023-04-12 12:17:50'),(443,'2023-06-12 18:16:00.000','2023-06-12 18:16:00.000',NULL,'jianghao','a82ea14 feat: 默认frontend图片','2023-04-12 12:27:06'),(444,'2023-06-12 18:16:00.000','2023-06-12 18:16:00.000',NULL,'jianghao','12a3587 feat: 前台增加操作记录','2023-04-12 17:51:35'),(445,'2023-06-12 18:16:00.000','2023-06-12 18:16:00.000',NULL,'jianghao','b776000 fix: 修复登录使用中间件','2023-04-12 18:26:30'),(446,'2023-06-12 18:16:00.000','2023-06-12 18:16:00.000',NULL,'jianghao','adcd1d6 feat: sql','2023-04-12 18:28:34'),(447,'2023-06-12 18:16:00.000','2023-06-12 18:16:00.000',NULL,'jianghao','c3b751b feat: 更改中间的operation frontend位置','2023-04-13 09:02:40'),(448,'2023-06-12 18:16:00.000','2023-06-12 18:16:00.000',NULL,'jianghao','1d22f77 feat: 后台制作动画','2023-04-13 13:04:35'),(449,'2023-06-12 18:16:00.000','2023-06-12 18:16:00.000',NULL,'jianghao','98ba493 feat: frontend 注册图片上传','2023-04-13 18:41:59'),(450,'2023-06-12 18:16:00.000','2023-06-12 18:16:00.000',NULL,'jianghao','b364dd9 feat: sql','2023-04-13 18:42:39'),(451,'2023-06-12 18:16:00.000','2023-06-12 18:16:00.000',NULL,'jianghao','1a142ad fix: 修复上传头像 不显示上传图片','2023-04-13 20:16:55'),(452,'2023-06-12 18:16:00.000','2023-06-12 18:16:00.000',NULL,'jianghao','18d62a0 feat: 后台个人信息的图片加载和前台的修改个人信息和密码（frontend）','2023-04-14 09:20:58'),(453,'2023-06-12 18:16:00.000','2023-06-12 18:16:00.000',NULL,'jianghao','0db2d49 fix: 修复后台的表单生成器的 页面访问 正常加载','2023-04-14 10:03:36'),(454,'2023-06-12 18:16:00.000','2023-06-12 18:16:00.000',NULL,'jianghao','b8f9f35 fix: 修复后台的表单生成器的 页面访问 正常加载','2023-04-14 10:33:12'),(455,'2023-06-12 18:16:00.000','2023-06-12 18:16:00.000',NULL,'jianghao','e18925a feat: 增加数据库表','2023-04-14 16:15:05'),(456,'2023-06-12 18:16:00.000','2023-06-12 18:16:00.000',NULL,'jianghao','abc108a fix: 更新数据库的配置','2023-04-14 16:19:28'),(457,'2023-06-12 18:16:00.000','2023-06-12 18:16:00.000',NULL,'jianghao','118b3d7 fix: 修复文章评论不方便','2023-04-14 16:46:35'),(458,'2023-06-12 18:16:00.000','2023-06-12 18:16:00.000',NULL,'jianghao','f31863e feat: frontend新增个人信息','2023-04-14 17:50:01'),(459,'2023-06-12 18:16:00.000','2023-06-12 18:16:00.000',NULL,'jianghao','4684ab9 feat: 更新文章作者','2023-04-14 18:01:05'),(460,'2023-06-12 18:16:00.000','2023-06-12 18:16:00.000',NULL,'jianghao','3645d7e feat: 更新backend的背景图','2023-04-14 18:35:27'),(461,'2023-06-12 18:16:00.000','2023-06-12 18:16:00.000',NULL,'jianghao','872b3bf feat: 更新上传列表的图片加载','2023-04-14 18:40:27'),(462,'2023-06-12 18:16:00.000','2023-06-12 18:16:00.000',NULL,'jianghao','a0f77d7 feat: frontend 个人信息修改','2023-04-16 22:13:12'),(463,'2023-06-12 18:16:00.000','2023-06-12 18:16:00.000',NULL,'jianghao','0061367 fix: 修复评论必须登录的提示','2023-04-17 09:48:34'),(464,'2023-06-12 18:16:00.000','2023-06-12 18:16:00.000',NULL,'jianghao','43cc1b8 feat: 重置密码','2023-04-17 18:37:57'),(465,'2023-06-12 18:16:00.000','2023-06-12 18:16:00.000',NULL,'jianghao','e2b6bdb feat: frontend重置密码','2023-04-18 10:18:18'),(466,'2023-06-12 18:16:00.000','2023-06-12 18:16:00.000',NULL,'jianghao','5c0502d feat: frontend重置密码','2023-04-18 10:18:59'),(467,'2023-06-12 18:16:00.000','2023-06-12 18:16:00.000',NULL,'jianghao','2259c28 feat: 格式化和适应goland','2023-04-18 16:17:14'),(468,'2023-06-12 18:16:00.000','2023-06-12 18:16:00.000',NULL,'jianghao','cdd9eea feat: 修改.gitignore','2023-04-18 16:53:23'),(469,'2023-06-12 18:16:00.000','2023-06-12 18:16:00.000',NULL,'jianghao','cc83193 feat: 修改.gitignore','2023-04-18 16:59:34'),(470,'2023-06-12 18:16:00.000','2023-06-12 18:16:00.000',NULL,'jianghao','377a31e feat: 修改.gitignore','2023-04-18 19:11:33'),(471,'2023-06-12 18:16:00.000','2023-06-12 18:16:00.000',NULL,'jianghao','53a7e4a feat: upload file','2023-04-18 21:13:20'),(472,'2023-06-12 18:16:00.000','2023-06-12 18:16:00.000',NULL,'jianghao','3266255 feat: 修改.gitignore','2023-04-19 09:39:50'),(473,'2023-06-12 18:16:00.000','2023-06-12 18:16:00.000',NULL,'jianghao','4df4f47 feat: 修改.gitignore','2023-04-19 10:05:42'),(474,'2023-06-12 18:16:00.000','2023-06-12 18:16:00.000',NULL,'jianghao','66d1ea8 feat: 修改ts对应的类型','2023-04-19 10:35:04'),(475,'2023-06-12 18:16:00.000','2023-06-12 18:16:00.000',NULL,'jianghao','7cac2e3 feat: frontend 使用useosTheme 获得浏览器主题','2023-04-19 11:17:03'),(476,'2023-06-12 18:16:00.000','2023-06-12 18:16:00.000',NULL,'jianghao','ceb9352 feat: frontend个人信息','2023-04-19 18:58:28'),(477,'2023-06-12 18:16:00.000','2023-06-12 18:16:00.000',NULL,'jianghao','0fe914b feat: frontend 个人信息','2023-04-19 21:11:06'),(478,'2023-06-12 18:16:00.000','2023-06-12 18:16:00.000',NULL,'jianghao','22bf184 feat: frontend 更改个人信息','2023-04-20 10:47:08'),(479,'2023-06-12 18:16:00.000','2023-06-12 18:16:00.000',NULL,'jianghao','89ff2e1 feat: frontend 更改个人信息 server端验证','2023-04-20 17:39:27'),(480,'2023-06-12 18:16:00.000','2023-06-12 18:16:00.000',NULL,'jianghao','d4f45e6 feat: updateUser 增加中间件','2023-04-20 21:25:10'),(481,'2023-06-12 18:16:00.000','2023-06-12 18:16:00.000',NULL,'jianghao','2cb8ade feat: 更新评论光标的插入','2023-04-22 13:57:25'),(482,'2023-06-12 18:16:00.000','2023-06-12 18:16:00.000',NULL,'jianghao','ff12bdd feat: 更新评论光标的插入','2023-04-22 14:25:18'),(483,'2023-06-12 18:16:00.000','2023-06-12 18:16:00.000',NULL,'jianghao','ed364f3 feat: server 删除editorconfig backend frontend格式化','2023-04-23 09:11:14'),(484,'2023-06-12 18:16:00.000','2023-06-12 18:16:00.000',NULL,'jianghao','8bb0e78 Merge branch master of github.com:JiangHaoCode/server-web','2023-04-23 09:11:33'),(485,'2023-06-12 18:16:00.000','2023-06-12 18:16:00.000',NULL,'jianghao','52d22cb fix: 修复变异解析（新）的初始化','2023-04-23 11:31:32'),(486,'2023-06-12 18:16:00.000','2023-06-12 18:16:00.000',NULL,'jianghao','5d3e676 feat: 更新favicon','2023-04-23 21:42:11'),(487,'2023-06-12 18:16:00.000','2023-06-12 18:16:00.000',NULL,'jianghao','e4984f8 feat: backend更新包','2023-04-24 14:35:50'),(488,'2023-06-12 18:16:00.000','2023-06-12 18:16:00.000',NULL,'jianghao','6547a0b feat: backend vue slot','2023-04-24 15:29:47'),(489,'2023-06-12 18:16:00.000','2023-06-12 18:16:00.000',NULL,'jianghao','3564492 feat: frontend about 使用slot','2023-04-24 16:24:35'),(490,'2023-06-12 18:16:00.000','2023-06-12 18:16:00.000',NULL,'jianghao','4883e03 feat: frontend about 使用slot','2023-04-24 17:17:18'),(491,'2023-06-12 18:16:00.000','2023-06-12 18:16:00.000',NULL,'jianghao','5c9758b feat: slot 动态插口','2023-04-25 10:48:54'),(492,'2023-06-12 18:16:00.000','2023-06-12 18:16:00.000',NULL,'jianghao','353c1ad feat: 修复评论的姓名和评论','2023-04-25 11:49:09'),(493,'2023-06-12 18:16:00.000','2023-06-12 18:16:00.000',NULL,'jianghao','e517f79 feat: 更新dockerfile','2023-04-25 14:25:10'),(494,'2023-06-12 18:16:00.000','2023-06-12 18:16:00.000',NULL,'jianghao','5f25163 feat: 更新 server dockerfile','2023-04-25 19:10:46'),(495,'2023-06-12 18:16:00.000','2023-06-12 18:16:00.000',NULL,'jianghao','f65910f feat: 更新 server config.yaml','2023-04-25 19:11:47'),(496,'2023-06-12 18:16:00.000','2023-06-12 18:16:00.000',NULL,'jianghao','037518f (origin/master, origin/HEAD) feat: en to zh','2023-04-25 20:44:50'),(497,'2023-06-12 18:16:00.000','2023-06-12 18:16:00.000',NULL,'jianghao','d66b9a3 feat: backend server端 token改为 Authorization','2023-04-26 08:49:13'),(498,'2023-06-12 18:16:00.000','2023-06-12 18:16:00.000',NULL,'jianghao','8981c83 fix: 修复图片加载错误','2023-04-26 10:05:18'),(499,'2023-06-12 18:16:00.000','2023-06-12 18:16:00.000',NULL,'jianghao','c0584da feat: 重新生成swagger','2023-04-26 10:26:40'),(500,'2023-06-12 18:16:00.000','2023-06-12 18:16:00.000',NULL,'jianghao','c38e713 feat: 配置docker','2023-04-27 10:07:06'),(501,'2023-06-12 18:16:00.000','2023-06-12 18:16:00.000',NULL,'jianghao','9c04905 feat: 修改nginx配置','2023-04-27 10:21:29'),(502,'2023-06-12 18:16:00.000','2023-06-12 18:16:00.000',NULL,'jianghao','2819c21 fix: 修复评论名字的显示错误','2023-04-27 15:38:41'),(503,'2023-06-12 18:16:00.000','2023-06-12 18:16:00.000',NULL,'jianghao','07558b2 fix: sql','2023-04-28 16:35:53'),(504,'2023-06-12 18:16:00.000','2023-06-12 18:16:00.000',NULL,'jianghao','d55fa96 fix: update config.docker.yaml','2023-04-28 17:31:37'),(505,'2023-06-12 18:16:00.000','2023-06-12 18:16:00.000',NULL,'jianghao','9d49369 fix: 去除GinRecovery','2023-04-28 17:44:46'),(506,'2023-06-12 18:16:00.000','2023-06-12 18:16:00.000',NULL,'jianghao','91303e3 feat: frontend token值得有无','2023-04-30 21:19:07'),(507,'2023-06-12 18:16:00.000','2023-06-12 18:16:00.000',NULL,'jianghao','ccf8cb5 feat: frontend token值得有无','2023-05-02 06:54:52'),(508,'2023-06-12 18:16:00.000','2023-06-12 18:16:00.000',NULL,'jianghao','ab17f40 fix: 登录增加loading','2023-05-03 21:59:45'),(509,'2023-06-12 18:16:00.000','2023-06-12 18:16:00.000',NULL,'jianghao','96d9b5f feat: 解决引入遇到ElLoading、ElMessage、ElNotification、ElMessageBox样式丢失的问题','2023-05-06 11:11:08'),(510,'2023-06-12 18:16:00.000','2023-06-12 18:16:00.000',NULL,'jianghao','2bfdede fix: 底部的更新','2023-05-06 16:03:19'),(511,'2023-06-12 18:16:00.000','2023-06-12 18:16:00.000',NULL,'jianghao','77a2dda feat: 升级vite 和 重启服务 和任务的考开始启动','2023-05-08 10:55:00'),(512,'2023-06-12 18:16:00.000','2023-06-12 18:16:00.000',NULL,'jianghao','3e4336b feat: 设置development config 文件','2023-05-08 12:04:22'),(513,'2023-06-12 18:16:00.000','2023-06-12 18:16:00.000',NULL,'jianghao','1281278 fix: 更改article的user为系统user','2023-05-08 17:33:33'),(514,'2023-06-12 18:16:00.000','2023-06-12 18:16:00.000',NULL,'jianghao','4e55827 fix: 修复server中间件jwt报错','2023-05-09 08:49:32'),(515,'2023-06-12 18:16:00.000','2023-06-12 18:16:00.000',NULL,'jianghao','d6f62bc fix: 修复后台的评论','2023-05-09 09:47:05'),(516,'2023-06-12 18:16:00.000','2023-06-12 18:16:00.000',NULL,'jianghao','4703434 fix: server.sql','2023-05-10 22:00:06'),(517,'2023-06-12 18:16:00.000','2023-06-12 18:16:00.000',NULL,'jianghao','ddfa0d4 Merge branch main of github.com:JiangHaoCode/server-web','2023-05-10 22:01:11'),(518,'2023-06-12 18:16:00.000','2023-06-12 18:16:00.000',NULL,'jianghao','c1b8e0d feat: 新增移动模型','2023-05-11 18:18:36'),(519,'2023-06-12 18:16:00.000','2023-06-12 18:16:00.000',NULL,'jianghao','790b474 fix: 修复前台前端和后端的评论','2023-05-13 18:49:59'),(520,'2023-06-12 18:16:00.000','2023-06-12 18:16:00.000',NULL,'jianghao','ebb13e0 feat: server 开启debug','2023-05-24 11:52:29'),(521,'2023-06-12 18:16:00.000','2023-06-12 18:16:00.000',NULL,'jianghao','f02c0a5 feat: moblie 增加makefile','2023-05-24 11:56:16'),(522,'2023-06-12 18:16:00.000','2023-06-12 18:16:00.000',NULL,'jianghao','e059806 feat: 增加中间件 限制同时访问的用户数 避免服务器压力过大','2023-05-25 15:48:35'),(523,'2023-06-12 18:16:00.000','2023-06-12 18:16:00.000',NULL,'jianghao','803e9c2 feat: 增加中间件 限制同时访问的用户数 避免服务器压力过大','2023-05-25 15:54:38'),(524,'2023-06-12 18:16:00.000','2023-06-12 18:16:00.000',NULL,'jianghao','b12454a fix: 移动端','2023-05-29 08:09:39'),(525,'2023-06-12 18:16:00.000','2023-06-12 18:16:00.000',NULL,'jianghao','cf23947 fix: 移动端','2023-05-29 08:11:39'),(526,'2023-06-12 18:16:00.000','2023-06-12 18:16:00.000',NULL,'jianghao','0335c56 fix: 修复移动端的报错','2023-05-30 09:26:55'),(527,'2023-06-12 18:16:00.000','2023-06-12 18:16:00.000',NULL,'jianghao','7cab6bb fix: 图片裁剪','2023-05-30 19:00:20'),(528,'2023-06-12 18:16:00.000','2023-06-12 18:16:00.000',NULL,'jianghao','40fcc18 feat: 裁剪图片','2023-06-01 16:12:04'),(529,'2023-06-12 18:16:00.000','2023-06-12 18:16:00.000',NULL,'jianghao','bd8174c feat: 更新sql','2023-06-02 15:39:38'),(530,'2023-06-12 18:16:00.000','2023-06-12 18:16:00.000',NULL,'jianghao','7a74ee3 fix: 配置环境','2023-06-02 20:45:53'),(531,'2023-06-12 18:16:00.000','2023-06-12 18:16:00.000',NULL,'jianghao','d07bc5d fix: 更新comment model','2023-06-02 21:20:03'),(532,'2023-06-12 18:16:00.000','2023-06-12 18:16:00.000',NULL,'jianghao','1f1432d feat: 更新token 和 验证规则','2023-06-03 20:21:40'),(533,'2023-06-12 18:16:00.000','2023-06-12 18:16:00.000',NULL,'jianghao','e7bca36 feat: 修复删除文件的 delete','2023-06-03 21:34:05'),(534,'2023-06-12 18:16:00.000','2023-06-12 18:16:00.000',NULL,'jianghao','5f3c47c feat: 修复删除文件的 delete','2023-06-03 21:47:46'),(535,'2023-06-12 18:16:00.000','2023-06-12 18:16:00.000',NULL,'jianghao','713fd48 feat: 修复删除文件的 delete','2023-06-03 21:52:26'),(536,'2023-06-12 18:16:00.000','2023-06-12 18:16:00.000',NULL,'jianghao','2f0b21f fix: 修复图片的下载','2023-06-03 22:04:59'),(537,'2023-06-12 18:16:00.000','2023-06-12 18:16:00.000',NULL,'jianghao','817c7c2 fix: 修复图片的下载','2023-06-03 22:22:10'),(538,'2023-06-12 18:16:00.000','2023-06-12 18:16:00.000',NULL,'jianghao','2f56794 fix: 修复server 错误返回','2023-06-04 21:56:02'),(539,'2023-06-12 18:16:00.000','2023-06-12 18:16:00.000',NULL,'jianghao','568c234 fix: 修复推拽错误','2023-06-06 21:34:14'),(540,'2023-06-12 18:16:00.000','2023-06-12 18:16:00.000',NULL,'jianghao','b22353b feat: 生产doc','2023-06-07 22:24:50'),(541,'2023-06-12 18:16:00.000','2023-06-12 18:16:00.000',NULL,'jianghao','92f2a50 fix: 更新环境配置','2023-06-08 09:47:51'),(542,'2023-06-12 18:16:00.000','2023-06-12 18:16:00.000',NULL,'jianghao','126d62c feat: 后台截图成功','2023-06-08 21:51:48'),(543,'2023-06-12 18:16:00.000','2023-06-12 18:16:00.000',NULL,'jianghao','2214d0e feat: 后台截图成功','2023-06-08 21:53:04'),(544,'2023-06-12 18:16:00.000','2023-06-12 18:16:00.000',NULL,'jianghao','ba89b22 feat: 取消设置头像设置后el-drawer 设置true','2023-06-08 22:09:06'),(545,'2023-06-12 18:16:00.000','2023-06-12 18:16:00.000',NULL,'jianghao','c5e22ec feat: 设置个人信息裁剪头像图片','2023-06-09 14:02:56'),(546,'2023-06-12 18:16:00.000','2023-06-12 18:16:00.000',NULL,'jianghao','f105bec feat: 图片增加是否为裁剪图','2023-06-09 15:27:52'),(547,'2023-06-12 18:16:00.000','2023-06-12 18:16:00.000',NULL,'jianghao','d0cda5d feat: 图片增加是否为裁剪图','2023-06-09 15:29:30'),(548,'2023-06-12 18:16:00.000','2023-06-12 18:16:00.000',NULL,'jianghao','96ffc87 (HEAD -> main, origin/main) feat: 更新提交记录','2023-06-11 15:48:27'),(579,'2023-06-15 09:04:37.064','2023-06-15 09:04:37.064',NULL,'jianghao','fix: 修复github commit 错误插入和select','2023-06-14 22:57:00'),(580,'2023-06-15 09:04:37.064','2023-06-15 09:04:37.064',NULL,'jianghao','fix: update sql','2023-06-14 14:13:07'),(581,'2023-06-15 09:04:37.064','2023-06-15 09:04:37.064',NULL,'jianghao','fix: 修改css','2023-06-14 11:52:03'),(582,'2023-06-15 09:04:37.064','2023-06-15 09:04:37.064',NULL,'jianghao','fix: 修复后台的github查询和insert','2023-06-14 11:47:53'),(583,'2023-06-15 09:04:37.064','2023-06-15 09:04:37.064',NULL,'jianghao','feat: github commit 存入本地','2023-06-13 18:25:03'),(584,'2023-06-15 09:04:37.064','2023-06-15 09:04:37.064',NULL,'jianghao','feat: github commit 存入本地','2023-06-13 18:23:48'),(585,'2023-06-15 09:04:37.064','2023-06-15 09:04:37.064',NULL,'jianghao','feat: github commit 存入本地','2023-06-13 18:22:28'),(587,'2023-06-25 09:47:48.114','2023-06-25 09:47:48.114',NULL,'jianghao','fix: 更新 github 提交记录','2023-06-24 12:31:37'),(588,'2023-06-25 09:47:48.114','2023-06-25 09:47:48.114',NULL,'jianghao','fix: 更新 github 提交记录','2023-06-24 11:26:29'),(589,'2023-06-25 09:47:48.114','2023-06-25 09:47:48.114',NULL,'jianghao','fix: 了解mobile','2023-06-24 07:34:46'),(590,'2023-06-25 09:47:48.114','2023-06-25 09:47:48.114',NULL,'jianghao','fix: 更新mock数据','2023-06-23 13:18:55'),(591,'2023-06-25 09:47:48.114','2023-06-25 09:47:48.114',NULL,'jianghao','feat: 更新commit的提交更新','2023-06-21 10:00:32'),(593,'2023-06-25 10:00:17.639','2023-06-25 10:00:17.639',NULL,'jianghao','fix: 修复GitHub commit 提交信息插入数据库','2023-06-25 01:59:48'),(594,'2023-06-25 10:01:41.727','2023-06-25 10:01:41.727',NULL,'jianghao','fix: 修复GitHub commit 的总条数','2023-06-25 02:01:26'),(595,'2023-06-25 10:03:31.388','2023-06-25 10:03:31.388',NULL,'jianghao','fix: 修复GitHub commit 的总条数','2023-06-25 02:03:14'),(596,'2023-06-25 10:08:45.803','2023-06-25 10:08:45.803',NULL,'jianghao','fix: 修复backend GitHub commit 的更新commit 的loading','2023-06-25 02:08:30'),(597,'2023-06-25 18:49:41.621','2023-06-25 18:49:41.621',NULL,'jianghao','fix: 修复重置密码的校验','2023-06-25 09:13:42'),(598,'2023-06-25 18:49:41.629','2023-06-25 18:49:41.629',NULL,'jianghao','fix: vue-vant-moblie更新 change Password','2023-06-25 03:43:59'),(599,'2023-06-28 12:40:31.963','2023-06-28 12:40:31.963',NULL,'jianghao','fix: 更新vue的版本','2023-06-28 03:45:43'),(600,'2023-06-30 10:19:50.876','2023-06-30 10:19:50.876',NULL,'jianghao','fix: 修复mobile的typescript报错','2023-06-29 13:17:46'),(601,'2023-06-30 10:19:50.883','2023-06-30 10:19:50.883',NULL,'jianghao','fix: 修复mobile的typescript报错','2023-06-29 13:15:42'),(602,'2023-06-30 15:48:52.870','2023-06-30 15:48:52.870',NULL,'jianghao','feat: server端新增移动端user','2023-06-30 07:48:18'),(603,'2023-06-30 17:57:27.482','2023-06-30 17:57:27.482',NULL,'jianghao','feat: 后台前端增加移动用户','2023-06-30 09:56:12'),(604,'2023-07-03 08:28:40.274','2023-07-03 08:28:40.274',NULL,'jianghao','feat: 更新READMD.md','2023-07-02 12:10:39'),(605,'2023-07-03 08:28:40.283','2023-07-03 08:28:40.283',NULL,'jianghao','feat: 新增发送信息组件','2023-07-02 11:51:06'),(606,'2023-07-03 08:28:40.284','2023-07-03 08:28:40.284',NULL,'jianghao','fix: 修复重制密码的错误提示','2023-07-02 10:32:12'),(607,'2023-07-03 08:28:40.285','2023-07-03 08:28:40.285',NULL,'jianghao','fix: 更新重制密码','2023-07-02 10:19:42'),(608,'2023-07-03 08:28:40.286','2023-07-03 08:28:40.286',NULL,'jianghao','fix: 移动用户增加搜索','2023-06-30 14:00:01'),(609,'2023-07-04 09:35:40.909','2023-07-04 09:35:40.909',NULL,'jianghao','fix: 更新手机号的验证','2023-07-03 09:44:19'),(612,'2023-07-04 09:35:40.919','2023-07-04 09:35:40.919',NULL,'jianghao','fix: moblie h()渲染','2023-07-03 06:41:37'),(613,'2023-07-04 09:35:40.921','2023-07-04 09:35:40.921',NULL,'jianghao','fix: moblie 固定登录的渲染','2023-07-03 06:22:03'),(625,'2023-07-04 11:49:24.663','2023-07-04 11:49:24.663',NULL,'jianghao','feat: backend移动用端的头像上传','2023-07-03 16:34:01'),(626,'2023-07-04 11:49:24.671','2023-07-04 11:49:24.671',NULL,'jianghao','feat: 整理隐私政策','2023-07-03 17:32:45'),(627,'2023-07-04 11:49:24.673','2023-07-04 11:49:24.673',NULL,'jianghao','fix: 更新手机号的验证','2023-07-03 17:44:19'),(628,'2023-07-04 11:49:24.674','2023-07-04 11:49:24.674',NULL,'jianghao','fix: github 更新时区','2023-07-04 11:06:09'),(629,'2023-07-04 11:49:24.675','2023-07-04 11:49:24.675',NULL,'jianghao','fix: 关闭mock','2023-07-04 11:09:39'),(630,'2023-07-04 11:51:52.045','2023-07-04 11:51:52.045',NULL,'jianghao','fix: 修复commit 提交顺序','2023-07-04 11:51:15'),(631,'2023-07-05 09:12:43.325','2023-07-05 09:12:43.325',NULL,'jianghao','feat: 去掉mobile密码 增加mobile中间件 登录的model','2023-07-04 17:40:53'),(632,'2023-07-05 09:12:43.334','2023-07-05 09:12:43.334',NULL,'jianghao','fix: 更新sql','2023-07-04 17:41:53'),(633,'2023-07-07 09:18:45.084','2023-07-07 09:18:45.084',NULL,'jianghao','feat: 移动端个人信息','2023-07-05 18:08:32'),(634,'2023-07-07 09:18:45.092','2023-07-07 09:18:45.092',NULL,'jianghao','fix: 修复用户详情被 函数屏蔽','2023-07-05 20:02:27'),(635,'2023-07-07 09:18:45.094','2023-07-07 09:18:45.094',NULL,'jianghao','feat: 移动端的上传文件','2023-07-06 11:34:55'),(636,'2023-07-07 09:18:45.095','2023-07-07 09:18:45.095',NULL,'jianghao','feat: 移动端的个人信息更新','2023-07-06 15:28:27'),(637,'2023-07-07 09:18:45.096','2023-07-07 09:18:45.096',NULL,'jianghao','feat: 移动端增加修改手机号','2023-07-06 16:18:40'),(638,'2023-07-07 09:47:51.129','2023-07-07 09:47:51.129',NULL,'jianghao','feat: 更新sql','2023-07-07 09:20:38'),(639,'2023-07-07 09:47:51.130','2023-07-07 09:47:51.130',NULL,'jianghao','fix: 修复首页的图片统一为proportion 大于1.5','2023-07-07 09:47:08'),(640,'2023-07-10 16:31:58.470','2023-07-10 16:31:58.470',NULL,'jianghao','fix: 更新mobile的配置','2023-07-07 17:08:53'),(641,'2023-07-10 16:31:58.480','2023-07-10 16:31:58.480',NULL,'jianghao','fix: 修复 mobile request报错','2023-07-09 09:17:11'),(642,'2023-07-10 16:31:58.482','2023-07-10 16:31:58.482',NULL,'jianghao','fix: 修复移动端的user详情和server 端c.Get和c.Set使用','2023-07-10 14:43:00'),(643,'2023-07-10 16:31:58.484','2023-07-10 16:31:58.484',NULL,'jianghao','fix: 修改requst错误返回','2023-07-10 14:57:26'),(644,'2023-07-10 16:31:58.486','2023-07-10 16:31:58.486',NULL,'jianghao','fix: 修改requst错误返回','2023-07-10 14:58:05'),(645,'2023-07-14 13:57:00.378','2023-07-14 13:57:00.378',NULL,'jianghao','fix: 修改密码','2023-07-10 18:14:08'),(646,'2023-07-14 13:57:00.387','2023-07-14 13:57:00.387',NULL,'jianghao','feat: 更新mobile编译','2023-07-11 11:41:25'),(647,'2023-07-14 13:57:00.388','2023-07-14 13:57:00.388',NULL,'jianghao','feat: update Makefile','2023-07-11 11:48:44'),(648,'2023-07-14 13:57:00.390','2023-07-14 13:57:00.390',NULL,'jianghao','feat: 修复mobile type','2023-07-11 13:53:40'),(649,'2023-07-14 13:57:00.391','2023-07-14 13:57:00.391',NULL,'jianghao','fix: vue版本升级','2023-07-13 16:42:40'),(650,'2023-07-17 08:40:35.152','2023-07-17 08:40:35.152',NULL,'jianghao','feat: 更换json包 sonic','2023-07-14 13:58:05'),(651,'2023-07-17 08:40:35.161','2023-07-17 08:40:35.161',NULL,'jianghao','fix: format','2023-07-14 17:59:53'),(652,'2023-07-17 08:40:35.162','2023-07-17 08:40:35.162',NULL,'jianghao','fix: server 增加sonic','2023-07-14 20:44:59'),(653,'2023-07-17 08:40:35.163','2023-07-17 08:40:35.163',NULL,'jianghao','fix: 修复退出mobile的跳转','2023-07-16 18:44:59'),(654,'2023-07-17 08:40:35.165','2023-07-17 08:40:35.165',NULL,'jianghao','fix: 修复更新性别','2023-07-16 19:21:10'),(655,'2023-07-19 11:46:41.089','2023-07-19 11:46:41.089',NULL,'jianghao','fix：更新mobile端token过时的验证','2023-07-17 09:49:57'),(656,'2023-07-19 11:46:41.098','2023-07-19 11:46:41.098',NULL,'jianghao','feat: 新增路由转回','2023-07-18 10:56:20'),(657,'2023-07-19 11:46:41.099','2023-07-19 11:46:41.099',NULL,'jianghao','feat: 后台请求的权限','2023-07-18 17:46:21'),(658,'2023-07-19 11:46:41.100','2023-07-19 11:46:41.100',NULL,'jianghao','feat: 更换frontend 评论组件','2023-07-19 10:15:24'),(659,'2023-07-19 11:46:41.102','2023-07-19 11:46:41.102',NULL,'jianghao','fix: 修复frontend评论','2023-07-19 11:10:58'),(660,'2023-07-21 14:25:57.936','2023-07-21 14:25:57.936',NULL,'jianghao','fix: mobile server SigningMethodHS256 -> SigningMethodRS256 中间件更新','2023-07-21 12:49:34'),(661,'2023-07-21 14:25:57.944','2023-07-21 14:25:57.944',NULL,'jianghao','fix: 更新对userinfo的请求','2023-07-21 12:58:06'),(662,'2023-07-21 14:25:57.946','2023-07-21 14:25:57.946',NULL,'jianghao','feat: 更改mobile端错误返回和mobile返回错误时的正确处理','2023-07-21 14:18:22'),(663,'2023-07-21 14:25:57.947','2023-07-21 14:25:57.947',NULL,'jianghao','fix: 修复mobiled 登录的跳转错误','2023-07-21 14:21:01'),(664,'2023-07-21 14:25:57.948','2023-07-21 14:25:57.948',NULL,'jianghao','fix: 修复mobiled 登录的跳转错误','2023-07-21 14:25:02'),(665,'2023-07-21 14:54:34.555','2023-07-21 14:54:34.555',NULL,'jianghao','fix: 修复swiper的错乱','2023-07-21 14:54:22'),(666,'2023-07-24 14:27:46.366','2023-07-24 14:27:46.366',NULL,'jianghao','fix: backend 移动用户 修复图片显示','2023-07-22 09:54:37'),(667,'2023-07-24 14:27:46.374','2023-07-24 14:27:46.374',NULL,'jianghao','fix: 修复mobile登陆没有请求userinfo','2023-07-22 10:08:27'),(668,'2023-07-24 14:27:46.376','2023-07-24 14:27:46.376',NULL,'jianghao','fix: 省略自动生成的文件的提交','2023-07-23 09:54:46'),(669,'2023-07-24 14:27:46.377','2023-07-24 14:27:46.377',NULL,'jianghao','feat: mobile 端增加注册','2023-07-23 12:01:39'),(670,'2023-07-25 10:10:25.109','2023-07-25 10:10:25.109',NULL,'jianghao','fix: 修复mobile注册','2023-07-24 14:28:27'),(671,'2023-07-25 10:10:25.117','2023-07-25 10:10:25.117',NULL,'jianghao','fix: 修复mobile注册','2023-07-24 14:37:11'),(672,'2023-07-25 10:10:25.118','2023-07-25 10:10:25.118',NULL,'jianghao','fix: update sql','2023-07-24 16:31:18'),(673,'2023-07-25 10:10:25.119','2023-07-25 10:10:25.119',NULL,'jianghao','fix: 修复frontend更新个人信息','2023-07-24 17:21:55'),(674,'2023-08-15 15:39:28.608','2023-08-15 15:39:28.608',NULL,'jianghao','feat: 动态移动div','2023-08-10 17:12:14'),(675,'2023-08-15 15:39:28.616','2023-08-15 15:39:28.616',NULL,'jianghao','feat: 更新gitignore','2023-08-11 20:15:35'),(676,'2023-08-15 15:39:28.618','2023-08-15 15:39:28.618',NULL,'jianghao','feat: 更新frontend server article detail','2023-08-15 15:27:21'),(677,'2023-08-15 15:39:28.619','2023-08-15 15:39:28.619',NULL,'jianghao','Merge branch \'main\' of github.com:JiangHaoCode/server-web into main','2023-08-15 15:39:01'),(678,'2023-08-15 15:39:28.620','2023-08-15 15:39:28.620',NULL,'jianghao','feat: 更新frontend server article detail','2023-08-15 15:39:12'),(679,'2023-08-17 17:41:05.433','2023-08-17 17:41:05.433',NULL,'jianghao','feat: update sql','2023-08-16 09:01:36'),(680,'2023-08-17 17:41:05.442','2023-08-17 17:41:05.442',NULL,'jianghao','fix: server 更新logger 为 slog','2023-08-17 14:13:34'),(681,'2023-08-30 14:27:01.343','2023-08-30 14:27:01.343',NULL,'jianghao','feat: 去掉server logger','2023-08-22 21:51:09'),(682,'2023-08-30 14:27:01.352','2023-08-30 14:27:01.352',NULL,'jianghao','feat: frontend 增加组件回到顶部','2023-08-28 14:53:15'),(683,'2023-08-30 14:27:01.353','2023-08-30 14:27:01.353',NULL,'jianghao','feat: frontend 增加组件回到顶部','2023-08-28 15:04:58'),(684,'2023-08-30 14:27:01.354','2023-08-30 14:27:01.354',NULL,'jianghao','feat: frontend 升级包','2023-08-29 21:43:52'),(685,'2023-08-30 14:27:01.355','2023-08-30 14:27:01.355',NULL,'jianghao','Merge branch \'main\' of github.com:JiangHaoCode/server-web','2023-08-29 21:44:16'),(686,'2023-08-30 14:34:58.128','2023-08-30 14:34:58.128',NULL,'jianghao','feat: update sql','2023-08-30 14:33:34'),(687,'2023-08-30 14:34:58.136','2023-08-30 14:34:58.136',NULL,'jianghao','Merge branch \'main\' of github.com:JiangHaoCode/server-web into main','2023-08-30 14:33:58'),(688,'2023-09-06 16:33:04.322','2023-09-06 16:33:04.322',NULL,'jianghao','feat: 更新backend按钮权限','2023-08-30 15:20:01'),(689,'2023-09-06 16:33:04.324','2023-09-06 16:33:04.324',NULL,'jianghao','feat: 更新backend按钮权限','2023-08-30 16:02:58'),(690,'2023-09-06 16:33:04.325','2023-09-06 16:33:04.325',NULL,'jianghao','feat: update package','2023-08-30 16:26:29'),(691,'2023-09-06 16:33:04.326','2023-09-06 16:33:04.326',NULL,'jianghao','fix: frontend 登录初始化','2023-09-06 16:30:54'),(692,'2023-09-21 16:19:27.943','2023-09-21 16:19:27.943',NULL,'jianghao','fix: frontend 更新redis缓存','2023-09-08 11:29:41'),(693,'2023-09-21 16:19:27.957','2023-09-21 16:19:27.957',NULL,'jianghao','feat: 更新autocomponent','2023-09-08 21:56:06'),(694,'2023-09-21 16:19:27.964','2023-09-21 16:19:27.964',NULL,'jianghao','feat: 更新mobile','2023-09-08 22:00:00'),(695,'2023-09-21 16:19:27.971','2023-09-21 16:19:27.971',NULL,'jianghao','fix: 更新gitignore','2023-09-15 14:04:35'),(696,'2023-09-21 16:19:27.977','2023-09-21 16:19:27.977',NULL,'jianghao','feat: update pnpm-lock','2023-09-18 21:44:54'),(697,'2023-09-26 11:23:13.616','2023-09-26 11:23:13.616',NULL,'jianghao','fix: 更新sql','2023-09-21 18:11:17'),(698,'2023-09-26 11:23:13.630','2023-09-26 11:23:13.630',NULL,'jianghao','fix: 更新sql','2023-09-21 18:17:42'),(699,'2023-09-26 11:23:13.637','2023-09-26 11:23:13.637',NULL,'jianghao','feat: 更新frontend article页面和server返回数据','2023-09-22 18:07:17'),(700,'2023-09-26 11:23:13.643','2023-09-26 11:23:13.643',NULL,'jianghao','feat: 更新frontend的回到article 页面的重复','2023-09-23 14:38:48'),(701,'2023-09-26 11:23:13.651','2023-09-26 11:23:13.651',NULL,'jianghao','feat: 更新frontend 搜索默认时间评选','2023-09-24 08:50:48'),(702,'2023-10-08 16:53:36.679','2023-10-08 16:53:36.679',NULL,'jianghao','fix: 修复typescript 报错','2023-10-06 20:07:19'),(703,'2023-10-08 16:53:36.694','2023-10-08 16:53:36.694',NULL,'jianghao','fix: 修改Makefile','2023-10-07 10:41:25'),(704,'2023-10-08 16:53:36.700','2023-10-08 16:53:36.700',NULL,'jianghao','fix: frontend 增加md5','2023-10-07 11:27:45'),(705,'2023-10-08 16:53:36.706','2023-10-08 16:53:36.706',NULL,'jianghao','feat: server后端去掉md5 加密 由前端生成md5','2023-10-07 11:53:20'),(706,'2023-10-08 16:53:36.712','2023-10-08 16:53:36.712',NULL,'jianghao','fix: 更新移动端vant','2023-10-08 10:27:12'),(707,'2023-10-09 08:55:42.092','2023-10-09 08:55:42.092',NULL,'jianghao','fix: 统计表的总条数','2023-10-08 17:59:56'),(708,'2023-10-20 10:59:54.230','2023-10-20 10:59:54.230',NULL,'jianghao','fix: 修复frontend搜索','2023-10-15 20:55:34'),(709,'2023-10-20 10:59:54.237','2023-10-20 10:59:54.237',NULL,'jianghao','fix: 修复frontend article defailt goback','2023-10-15 21:21:42'),(710,'2023-10-20 10:59:54.243','2023-10-20 10:59:54.243',NULL,'jianghao','feat: 新增搜索史','2023-10-17 10:51:06'),(711,'2023-10-20 10:59:54.250','2023-10-20 10:59:54.250',NULL,'jianghao','fix: 修复typescript版本问题','2023-10-17 11:15:39'),(712,'2023-10-20 10:59:54.256','2023-10-20 10:59:54.256',NULL,'jianghao','feat: 修复搜索的不间断','2023-10-18 17:49:19'),(713,'2023-11-17 10:29:46.740','2023-11-17 10:29:46.740',NULL,'jianghao','feat: server 更新log 的日志生成','2023-11-10 10:53:11'),(714,'2023-11-17 10:29:46.747','2023-11-17 10:29:46.747',NULL,'jianghao','fix: 更新frontend about','2023-11-12 13:24:46'),(715,'2023-11-17 10:29:46.753','2023-11-17 10:29:46.753',NULL,'jianghao','fix:更新服务的限制','2023-11-13 14:11:52'),(716,'2023-11-17 10:29:46.759','2023-11-17 10:29:46.759',NULL,'jianghao','fix: 增加 加密函数','2023-11-13 17:45:42'),(717,'2023-11-17 10:29:46.768','2023-11-17 10:29:46.768',NULL,'jianghao','fix: 增加 list to tree 泛型','2023-11-14 09:35:27'),(718,'2024-03-29 12:00:00.710','2024-03-29 12:00:00.710',NULL,'','',''),(719,'2024-03-29 12:00:00.710','2024-03-29 12:00:00.710',NULL,'jianghao','feat: 更新备注和注释','2024-03-29 10:46:28'),(720,'2024-03-29 12:00:00.710','2024-03-29 12:00:00.710',NULL,'jianghao','fix: 修改验证规则','2024-03-28 15:56:30'),(721,'2024-03-29 12:00:00.710','2024-03-29 12:00:00.710',NULL,'jianghao','fix: 更新验证','2024-03-28 15:41:52'),(722,'2024-03-29 12:00:00.710','2024-03-29 12:00:00.710',NULL,'jianghao','fix: 更新报错信息和 fiber的配置','2024-03-28 14:34:00'),(723,'2024-03-29 12:00:00.710','2024-03-29 12:00:00.710',NULL,'jianghao','fix: 修复中间件operation的错误使用','2024-03-24 16:57:40'),(797,'2024-05-08 01:30:00.892','2024-05-08 01:30:00.892',NULL,'jianghao','feat: 统一返回类型 字段','2024-04-19 15:31:38'),(798,'2024-05-08 01:30:00.897','2024-05-08 01:30:00.897',NULL,'jianghao','feat: 增加frontend article 备注 生成swagger','2024-04-20 14:13:04'),(799,'2024-05-08 01:30:00.899','2024-05-08 01:30:00.899',NULL,'jianghao','feat: 增加frontend article 生成swagger','2024-04-20 16:15:22'),(800,'2024-05-08 01:30:00.901','2024-05-08 01:30:00.901',NULL,'jianghao','fix: 修复dockerfile 中的CMD','2024-04-22 09:20:57'),(801,'2024-05-08 01:30:00.902','2024-05-08 01:30:00.902',NULL,'jianghao','fix: 修复dockerfile 中的CMD','2024-04-22 10:58:26'),(802,'2024-05-08 01:30:00.903','2024-05-08 01:30:00.903',NULL,'jianghao','fix: go test','2024-04-23 15:57:59'),(803,'2024-05-08 01:30:00.905','2024-05-08 01:30:00.905',NULL,'jianghao','feat: 重构查询','2024-04-24 15:19:07'),(804,'2024-05-08 01:30:00.906','2024-05-08 01:30:00.906',NULL,'jianghao','fix: 修复frontend 401 报错','2024-04-25 11:15:23'),(805,'2024-05-08 01:30:00.908','2024-05-08 01:30:00.908',NULL,'jianghao','fix: 返回错误信息及code','2024-04-25 17:32:23'),(806,'2024-05-08 01:30:00.909','2024-05-08 01:30:00.909',NULL,'jianghao','fix: token失效返回401','2024-04-25 18:02:57'),(807,'2024-05-08 01:30:00.910','2024-05-08 01:30:00.910',NULL,'jianghao','fix: 更新初始化router','2024-04-26 10:29:50'),(808,'2024-05-08 01:30:00.912','2024-05-08 01:30:00.912',NULL,'jianghao','fix: log.Error 取代 log.Println','2024-04-28 14:04:07'),(809,'2024-05-08 01:30:00.914','2024-05-08 01:30:00.914',NULL,'jianghao','fix: file open and close','2024-04-28 14:10:00'),(810,'2024-05-08 01:30:00.915','2024-05-08 01:30:00.915',NULL,'jianghao','fix: 更新golang 版本','2024-04-28 17:20:36'),(811,'2024-05-08 01:30:00.917','2024-05-08 01:30:00.917',NULL,'jianghao','feat: 限制固定IP访问次数','2024-04-29 09:16:52'),(812,'2024-05-08 01:30:00.918','2024-05-08 01:30:00.918',NULL,'jianghao','feat: 更新导出文件','2024-05-05 17:27:08'),(813,'2024-05-08 01:30:00.920','2024-05-08 01:30:00.920',NULL,'jianghao','feat: 去掉导出文件的操作历史','2024-05-05 17:30:57'),(814,'2024-05-08 01:30:00.921','2024-05-08 01:30:00.921',NULL,'jianghao','feat: 添加文字点击验证','2024-05-07 09:47:50'),(815,'2024-05-08 01:30:00.923','2024-05-08 01:30:00.923',NULL,'jianghao','feat: update config','2024-05-07 19:18:06'),(816,'2024-05-08 01:30:00.924','2024-05-08 01:30:00.924',NULL,'jianghao','fix: 修复文件不存在 数据表中有数据的bug','2024-05-07 21:44:31'),(817,'2024-05-09 01:30:00.889','2024-05-09 01:30:00.889',NULL,'jianghao','fix: 更新 model 表名','2024-05-08 22:22:23'),(818,'2024-05-09 09:10:43.190','2024-05-09 09:10:43.190',NULL,'jianghao','fix: 修复server middlware eamil','2024-03-08 09:21:42'),(819,'2024-05-09 09:10:43.193','2024-05-09 09:10:43.193',NULL,'jianghao','fix: server-fiber 修复middleware','2024-03-08 11:38:56'),(820,'2024-05-09 09:10:43.195','2024-05-09 09:10:43.195',NULL,'jianghao','fix: delete server-fiber','2024-03-08 15:39:56'),(821,'2024-05-09 09:10:43.199','2024-05-09 09:10:43.199',NULL,'jianghao','fix: 修复版本不同引起的bug','2024-03-08 16:04:21'),(822,'2024-05-09 09:10:43.201','2024-05-09 09:10:43.201',NULL,'jianghao','fix: 更新frontend vite 的版本','2024-03-13 16:04:18'),(823,'2024-05-16 03:07:26.824','2024-05-16 03:07:26.824',NULL,'jianghao','fix: 修复golang 版本','2024-05-09 10:22:22'),(824,'2024-05-16 03:07:26.831','2024-05-16 03:07:26.831',NULL,'jianghao','Merge branch \'master\' of github.com:JiangHaoCode/server-fiber','2024-05-09 10:23:00'),(825,'2024-05-16 03:07:26.833','2024-05-16 03:07:26.833',NULL,'jianghao','fix: 修复图片没找到 返回401错误','2024-05-09 15:42:32'),(826,'2024-05-16 03:07:26.835','2024-05-16 03:07:26.835',NULL,'jianghao','fix: delete images','2024-05-10 20:02:40'),(827,'2024-05-16 03:07:26.836','2024-05-16 03:07:26.836',NULL,'jianghao','fix: update disk message','2024-05-11 11:30:40'),(828,'2024-05-16 03:07:26.838','2024-05-16 03:07:26.838',NULL,'jianghao','fix: 更新dockerfile','2024-05-13 10:50:15'),(829,'2024-05-16 03:07:26.840','2024-05-16 03:07:26.840',NULL,'jianghao','fix: update router returns result','2024-05-15 11:04:12'),(830,'2024-05-16 03:07:26.841','2024-05-16 03:07:26.841',NULL,'jianghao','fix: update config file','2024-05-15 17:02:33'),(831,'2024-05-16 03:07:26.843','2024-05-16 03:07:26.843',NULL,'jianghao','fix: update config file','2024-05-15 17:10:23'),(832,'2024-05-16 03:07:26.844','2024-05-16 03:07:26.844',NULL,'jianghao','fix: 修复 uploadfile file没接受到','2024-05-15 17:45:42'),(833,'2024-05-18 08:01:34.941','2024-05-18 08:01:34.941',NULL,'jianghao','fix: 修复评论的API cdus','2024-05-16 14:27:13'),(834,'2024-05-18 08:01:34.949','2024-05-18 08:01:34.949',NULL,'jianghao','fix: 更新 frontend comment API','2024-05-16 16:34:04'),(835,'2024-05-18 08:01:34.951','2024-05-18 08:01:34.951',NULL,'jianghao','fix: delete grom debug','2024-05-16 20:08:50'),(836,'2024-05-18 08:01:34.953','2024-05-18 08:01:34.953',NULL,'jianghao','fix: 解决图片没找到 而返回的401错误','2024-05-17 09:42:42'),(837,'2024-05-18 08:01:34.954','2024-05-18 08:01:34.954',NULL,'jianghao','feat: 生成test','2024-05-17 15:41:54'),(838,'2024-05-19 08:01:34.753','2024-05-19 08:01:34.753',NULL,'jianghao','fix: 注释 config','2024-05-18 19:42:24'),(839,'2024-05-19 08:01:34.756','2024-05-19 08:01:34.756',NULL,'jianghao','fix: 更新frontend 中间件 jwt','2024-05-19 08:43:17'),(840,'2024-05-22 06:09:38.888','2024-05-22 06:09:38.888',NULL,'jianghao','fix: update frontend comment','2024-05-19 22:41:48'),(841,'2024-05-22 06:09:38.898','2024-05-22 06:09:38.898',NULL,'jianghao','feat: comment','2024-05-20 11:49:27'),(842,'2024-05-22 06:09:38.900','2024-05-22 06:09:38.900',NULL,'jianghao','fix: backend返回错误信息','2024-05-20 21:47:44'),(843,'2024-05-22 06:09:38.902','2024-05-22 06:09:38.902',NULL,'jianghao','feat: update sql','2024-05-21 10:59:03'),(844,'2024-05-22 06:09:38.905','2024-05-22 06:09:38.905',NULL,'jianghao','feat: 集中service 服务的统一','2024-05-21 11:16:55'),(845,'2024-05-28 02:31:14.420','2024-05-28 02:31:14.420',NULL,'jianghao','fit: 修复断续上传的错误返回','2024-05-23 17:43:45'),(846,'2024-05-28 02:31:14.426','2024-05-28 02:31:14.426',NULL,'jianghao','fit: 上传文件限制文件大小','2024-05-24 09:19:46'),(847,'2024-05-28 02:31:14.428','2024-05-28 02:31:14.428',NULL,'jianghao','feat: 更新文件上传的限制','2024-05-24 10:15:31'),(848,'2024-05-28 02:31:14.430','2024-05-28 02:31:14.430',NULL,'jianghao','feat: 断点上传文件(进行中)','2024-05-24 17:31:24'),(849,'2024-05-28 02:31:14.432','2024-05-28 02:31:14.432',NULL,'jianghao','fix: 修复断点上传的验证md5','2024-05-25 10:22:00'),(850,'2024-05-28 02:31:14.434','2024-05-28 02:31:14.434',NULL,'jianghao','fix: 修复删除断点上传缓存','2024-05-25 11:24:36'),(851,'2024-05-28 02:31:14.435','2024-05-28 02:31:14.435',NULL,'jianghao','feat: 修复断点上传文件 的删除中间文件','2024-05-25 11:59:50'),(852,'2024-05-28 02:31:14.437','2024-05-28 02:31:14.437',NULL,'jianghao','feat: 检查config 文件是否存在','2024-05-26 14:21:05'),(853,'2024-05-28 02:31:14.439','2024-05-28 02:31:14.439',NULL,'jianghao','feat: 重新定义断点上传数据的方法','2024-05-27 10:25:48'),(854,'2024-05-28 02:31:14.440','2024-05-28 02:31:14.440',NULL,'jianghao','feat: 断点上传 删除缓存的报错','2024-05-27 21:11:33'),(855,'2024-06-04 00:18:31.226','2024-06-04 00:18:31.226',NULL,'jianghao','fix: 断点上传文件列表和bug修复','2024-05-30 12:03:53'),(856,'2024-06-04 00:18:31.233','2024-06-04 00:18:31.233',NULL,'jianghao','fix: 修复删除断点上传文件','2024-05-31 17:24:18'),(857,'2024-06-04 00:18:31.235','2024-06-04 00:18:31.235',NULL,'jianghao','feat: 增加403错误','2024-06-01 22:07:49'),(858,'2024-06-04 00:18:31.237','2024-06-04 00:18:31.237',NULL,'jianghao','fix: 区分错误401和403','2024-06-03 10:20:04');
/*!40000 ALTER TABLE `githubs` ENABLE KEYS */;
UNLOCK TABLES;

--
-- Table structure for table `ips`
--

DROP TABLE IF EXISTS `ips`;
/*!40101 SET @saved_cs_client     = @@character_set_client */;
/*!50503 SET character_set_client = utf8mb4 */;
CREATE TABLE `ips` (
  `id` int unsigned NOT NULL AUTO_INCREMENT,
  `created_at` datetime(3) DEFAULT NULL,
  `updated_at` datetime(3) DEFAULT NULL,
  `deleted_at` datetime(3) DEFAULT NULL,
  `ip` varchar(50) CHARACTER SET utf8mb4 COLLATE utf8mb4_general_ci NOT NULL COMMENT 'IP',
  `article_id` int NOT NULL COMMENT '文章的ID',
  PRIMARY KEY (`id`)
) ENGINE=InnoDB AUTO_INCREMENT=1 DEFAULT CHARSET=utf8mb4 COLLATE=utf8mb4_general_ci COMMENT='文章的阅读量';
/*!40101 SET character_set_client = @saved_cs_client */;

--
-- Dumping data for table `ips`
--

LOCK TABLES `ips` WRITE;
/*!40000 ALTER TABLE `ips` DISABLE KEYS */;
INSERT INTO `ips` VALUES (4,'2023-03-30 15:11:01.000','2023-03-31 15:11:01.585',NULL,'192.168.11.181',5),(5,'2023-03-31 16:09:08.792','2023-03-31 16:09:08.792',NULL,'192.168.11.181',3),(6,'2023-03-31 16:09:14.165','2023-03-31 16:09:14.165',NULL,'192.168.11.181',1),(7,'2023-03-31 17:08:49.002','2023-03-31 17:08:49.002',NULL,'192.168.11.181',2),(8,'2023-03-31 20:08:27.070','2023-03-31 20:08:27.070',NULL,'172.17.0.1',7),(9,'2023-03-31 20:08:30.741','2023-03-31 20:08:30.741',NULL,'172.17.0.1',5),(10,'2023-04-03 09:58:43.047','2023-04-03 09:58:43.047',NULL,'192.168.11.181',7),(11,'2023-04-03 09:59:02.842','2023-04-03 09:59:02.842',NULL,'192.168.11.181',5),(12,'2023-04-06 10:03:00.945','2023-04-06 10:03:00.945',NULL,'192.168.11.181',5),(13,'2023-04-06 16:44:47.258','2023-04-06 16:44:47.258',NULL,'192.168.11.181',7),(14,'2023-04-07 10:13:18.423','2023-04-07 10:13:18.423',NULL,'192.168.11.181',5),(15,'2023-04-10 08:41:01.543','2023-04-10 08:41:01.543',NULL,'192.168.11.181',5),(16,'2023-04-10 16:48:11.362','2023-04-10 16:48:11.362',NULL,'192.168.11.181',7),(17,'2023-04-12 16:33:27.550','2023-04-12 16:33:27.550',NULL,'192.168.11.181',5),(18,'2023-04-14 16:28:46.737','2023-04-14 16:28:46.737',NULL,'192.168.11.181',5),(19,'2023-04-14 16:29:25.052','2023-04-14 16:29:25.052',NULL,'192.168.11.181',8),(20,'2023-04-14 17:35:18.104','2023-04-14 17:35:18.104',NULL,'192.168.11.181',9),(21,'2023-04-17 08:45:15.917','2023-04-17 08:45:15.917',NULL,'192.168.11.181',9),(22,'2023-04-18 10:07:04.805','2023-04-18 10:07:04.805',NULL,'192.168.11.181',2),(23,'2023-04-18 10:07:29.775','2023-04-18 10:07:29.775',NULL,'192.168.11.181',9),(24,'2023-04-23 09:23:35.030','2023-04-23 09:23:35.030',NULL,'192.168.11.181',9),(25,'2023-04-24 09:16:59.339','2023-04-24 09:16:59.339',NULL,'192.168.11.181',5),(26,'2023-04-25 11:28:51.737','2023-04-25 11:28:51.737',NULL,'192.168.11.181',5),(27,'2023-04-27 10:02:18.766','2023-04-27 10:02:18.766',NULL,'192.168.11.181',9),(28,'2023-04-27 02:23:37.842','2023-04-27 02:23:37.842',NULL,'172.17.0.1',5),(29,'2023-04-27 02:33:45.895','2023-04-27 02:33:45.895',NULL,'192.168.11.181',5),(30,'2023-05-08 10:38:38.016','2023-05-08 10:38:38.016',NULL,'192.168.11.181',9),(31,'2023-05-08 10:53:09.144','2023-05-08 10:53:09.144',NULL,'192.168.11.181',5),(32,'2023-05-08 06:02:39.418','2023-05-08 06:02:39.418',NULL,'172.17.0.1',5),(33,'2023-06-16 11:34:37.757','2023-06-16 11:34:37.757',NULL,'127.0.0.1',9),(34,'2023-06-16 11:39:03.837','2023-06-16 11:39:03.837',NULL,'127.0.0.1',8),(35,'2023-06-29 17:44:32.850','2023-06-29 17:44:32.850',NULL,'127.0.0.1',7),(36,'2023-06-29 17:45:00.107','2023-06-29 17:45:00.107',NULL,'127.0.0.1',5),(37,'2023-07-19 09:21:16.750','2023-07-19 09:21:16.750',NULL,'127.0.0.1',9),(38,'2023-07-19 17:52:24.084','2023-07-19 17:52:24.084',NULL,'127.0.0.1',5),(39,'2023-07-20 16:11:25.525','2023-07-20 16:11:25.525',NULL,'127.0.0.1',5),(40,'2023-07-21 11:47:10.682','2023-07-21 11:47:10.682',NULL,'127.0.0.1',5),(41,'2023-07-24 14:47:09.934','2023-07-24 14:47:09.934',NULL,'127.0.0.1',8),(42,'2023-07-25 13:40:56.764','2023-07-25 13:40:56.764',NULL,'127.0.0.1',8),(43,'2023-08-07 15:09:10.234','2023-08-07 15:09:10.234',NULL,'127.0.0.1',9),(44,'2023-08-15 11:21:40.380','2023-08-15 11:21:40.380',NULL,'127.0.0.1',9),(45,'2023-08-15 15:25:34.783','2023-08-15 15:25:34.783',NULL,'127.0.0.1',7),(46,'2023-08-15 15:25:43.598','2023-08-15 15:25:43.598',NULL,'127.0.0.1',5),(47,'2023-08-28 10:34:13.160','2023-08-28 10:34:13.160',NULL,'127.0.0.1',8),(48,'2023-08-28 10:35:49.486','2023-08-28 10:35:49.486',NULL,'127.0.0.1',5),(49,'2023-09-06 14:14:11.415','2023-09-06 14:14:11.415',NULL,'127.0.0.1',8),(50,'2023-09-06 14:46:29.486','2023-09-06 14:46:29.486',NULL,'127.0.0.1',5),(51,'2023-09-11 17:32:38.702','2023-09-11 17:32:38.702',NULL,'127.0.0.1',14),(52,'2023-09-21 16:03:25.623','2023-09-21 16:03:25.623',NULL,'127.0.0.1',15),(53,'2023-09-21 16:11:43.248','2023-09-21 16:11:43.248',NULL,'127.0.0.1',5),(54,'2023-09-22 14:11:13.757','2023-09-22 14:11:13.757',NULL,'127.0.0.1',10),(55,'2023-09-22 14:18:24.834','2023-09-22 14:18:24.834',NULL,'127.0.0.1',15),(56,'2023-09-22 15:19:29.720','2023-09-22 15:19:29.720',NULL,'127.0.0.1',13),(57,'2023-09-22 18:04:13.702','2023-09-22 18:04:13.702',NULL,'127.0.0.1',1),(58,'2023-09-26 11:25:53.139','2023-09-26 11:25:53.139',NULL,'127.0.0.1',2),(59,'2023-09-26 11:26:27.055','2023-09-26 11:26:27.055',NULL,'127.0.0.1',15),(60,'2023-09-26 11:26:57.258','2023-09-26 11:26:57.258',NULL,'127.0.0.1',13),(61,'2023-09-26 13:45:00.431','2023-09-26 13:45:00.431',NULL,'127.0.0.1',16),(62,'2023-09-26 13:45:04.604','2023-09-26 13:45:04.604',NULL,'127.0.0.1',14),(63,'2023-10-09 16:18:52.242','2023-10-09 16:18:52.242',NULL,'127.0.0.1',17),(64,'2023-10-13 07:45:12.038','2023-10-13 07:45:12.038',NULL,'127.0.0.1',17),(65,'2023-10-13 08:06:46.834','2023-10-13 08:06:46.834',NULL,'127.0.0.1',5),(66,'2023-10-16 15:18:08.836','2023-10-16 15:18:08.836',NULL,'127.0.0.1',17),(67,'2023-10-16 15:18:16.813','2023-10-16 15:18:16.813',NULL,'127.0.0.1',15),(68,'2023-10-16 15:18:37.151','2023-10-16 15:18:37.151',NULL,'127.0.0.1',9),(69,'2023-10-16 15:19:53.285','2023-10-16 15:19:53.285',NULL,'127.0.0.1',7),(70,'2023-10-17 11:08:56.391','2023-10-17 11:08:56.391',NULL,'127.0.0.1',3),(71,'2023-10-31 17:26:34.360','2023-10-31 17:26:34.360',NULL,'127.0.0.1',17),(72,'2023-10-31 17:26:40.342','2023-10-31 17:26:40.342',NULL,'127.0.0.1',16),(73,'2023-10-31 17:26:49.071','2023-10-31 17:26:49.071',NULL,'127.0.0.1',15),(74,'2023-10-31 17:27:01.137','2023-10-31 17:27:01.137',NULL,'127.0.0.1',5),(75,'2023-11-02 13:53:26.805','2023-11-02 13:53:26.805',NULL,'127.0.0.1',17),(76,'2023-11-06 08:55:47.807','2023-11-06 08:55:47.807',NULL,'127.0.0.1',17),(77,'2023-11-06 08:56:21.493','2023-11-06 08:56:21.493',NULL,'127.0.0.1',16),(78,'2023-11-08 13:45:30.833','2023-11-08 13:45:30.833',NULL,'127.0.0.1',17),(79,'2023-11-08 13:45:44.920','2023-11-08 13:45:44.920',NULL,'127.0.0.1',5),(80,'2023-11-08 14:15:30.748','2023-11-08 14:15:30.748',NULL,'127.0.0.1',9),(81,'2023-11-08 14:22:26.122','2023-11-08 14:22:26.122',NULL,'127.0.0.1',7),(82,'2023-11-08 15:34:15.544','2023-11-08 15:34:15.544',NULL,'127.0.0.1',16),(83,'2023-11-09 14:57:01.241','2023-11-09 14:57:01.241',NULL,'127.0.0.1',17),(84,'2023-11-09 15:12:29.453','2023-11-09 15:12:29.453',NULL,'127.0.0.1',14),(85,'2023-11-09 15:12:36.517','2023-11-09 15:12:36.517',NULL,'127.0.0.1',5),(86,'2023-11-09 17:04:07.080','2023-11-09 17:04:07.080',NULL,'127.0.0.1',16),(87,'2023-11-09 17:04:28.991','2023-11-09 17:04:28.991',NULL,'127.0.0.1',11),(88,'2023-11-09 17:04:33.993','2023-11-09 17:04:33.993',NULL,'127.0.0.1',10),(89,'2023-11-09 17:04:37.671','2023-11-09 17:04:37.671',NULL,'127.0.0.1',8),(90,'2023-11-17 08:48:38.605','2023-11-17 08:48:38.605',NULL,'127.0.0.1',5),(91,'2023-11-17 10:24:47.249','2023-11-17 10:24:47.249',NULL,'127.0.0.1',15),(92,'2023-11-17 10:24:51.916','2023-11-17 10:24:51.916',NULL,'127.0.0.1',17),(93,'2023-11-17 10:25:00.042','2023-11-17 10:25:00.042',NULL,'127.0.0.1',16),(94,'2023-11-20 09:13:02.155','2023-11-20 09:13:02.155',NULL,'127.0.0.1',15),(95,'2023-11-20 11:41:05.612','2023-11-20 11:41:05.612',NULL,'127.0.0.1',17),(96,'2023-11-22 14:15:17.893','2023-11-22 14:15:17.893',NULL,'127.0.0.1',9),(97,'2023-11-23 11:01:17.515','2023-11-23 11:01:17.515',NULL,'127.0.0.1',17),(98,'2023-11-23 11:01:23.136','2023-11-23 11:01:23.136',NULL,'127.0.0.1',15),(99,'2023-11-23 11:12:17.316','2023-11-23 11:12:17.316',NULL,'127.0.0.1',5),(100,'2023-11-24 08:41:03.991','2023-11-24 08:41:03.991',NULL,'127.0.0.1',16),(101,'2023-11-24 09:42:40.091','2023-11-24 09:42:40.091',NULL,'127.0.0.1',17),(102,'2023-11-27 14:46:15.032','2023-11-27 14:46:15.032',NULL,'127.0.0.1',6),(103,'2023-11-27 14:57:42.343','2023-11-27 14:57:42.343',NULL,'127.0.0.1',13),(104,'2023-11-27 15:03:03.632','2023-11-27 15:03:03.632',NULL,'127.0.0.1',5),(105,'2024-01-09 08:17:06.002','2024-01-09 08:17:06.002',NULL,'127.0.0.1',17),(106,'2024-01-24 02:57:48.688','2024-01-24 02:57:48.688',NULL,'127.0.0.1',17),(107,'2024-01-24 02:57:54.308','2024-01-24 02:57:54.308',NULL,'127.0.0.1',14),(108,'2024-01-24 02:57:57.993','2024-01-24 02:57:57.993',NULL,'127.0.0.1',8),(109,'2024-01-24 03:15:20.921','2024-01-24 03:15:20.921',NULL,'127.0.0.1',15),(110,'2024-01-25 14:24:10.472','2024-01-25 14:24:10.472',NULL,'127.0.0.1',9),(111,'2024-01-25 14:24:25.900','2024-01-25 14:24:25.900',NULL,'127.0.0.1',7),(112,'2024-01-25 14:24:46.553','2024-01-25 14:24:46.553',NULL,'127.0.0.1',5),(113,'2024-01-30 15:22:39.248','2024-01-30 15:22:39.248',NULL,'127.0.0.1',17),(114,'2024-01-30 15:22:48.612','2024-01-30 15:22:48.612',NULL,'127.0.0.1',14),(115,'2024-01-30 15:22:55.166','2024-01-30 15:22:55.166',NULL,'127.0.0.1',5),(116,'2024-02-06 15:20:22.329','2024-02-06 15:20:22.329',NULL,'127.0.0.1',17),(117,'2024-02-06 15:20:30.127','2024-02-06 15:20:30.127',NULL,'127.0.0.1',15),(118,'2024-02-06 20:06:59.487','2024-02-06 20:06:59.487',NULL,'127.0.0.1',18),(119,'2024-02-19 04:23:57.964','2024-02-19 04:23:57.964',NULL,'127.0.0.1',14),(120,'2024-02-19 04:24:21.536','2024-02-19 04:24:21.536',NULL,'127.0.0.1',1),(121,'2024-02-20 23:35:31.999','2024-02-20 23:35:31.999',NULL,'127.0.0.1',1),(122,'2024-02-20 23:35:38.874','2024-02-20 23:35:38.874',NULL,'127.0.0.1',18),(123,'2024-02-21 05:46:50.634','2024-02-21 05:46:50.634',NULL,'127.0.0.1',1),(124,'2024-02-27 16:49:18.876','2024-02-27 16:49:18.876',NULL,'127.0.0.1',17),(125,'2024-02-27 16:57:45.296','2024-02-27 16:57:45.296',NULL,'127.0.0.1',16),(126,'2024-03-08 18:28:36.134','2024-03-08 18:28:36.134',NULL,'127.0.0.1',18),(127,'2024-03-11 09:10:45.586','2024-03-11 09:10:45.586',NULL,'127.0.0.1',10),(128,'2024-03-11 09:12:03.183','2024-03-11 09:12:03.183',NULL,'127.0.0.1',9),(129,'2024-03-12 08:13:33.857','2024-03-12 08:13:33.857',NULL,'127.0.0.1',14),(130,'2024-03-13 11:09:55.735','2024-03-13 11:09:55.735',NULL,'127.0.0.1',18),(131,'2024-03-13 13:54:46.214','2024-03-13 13:54:46.214',NULL,'127.0.0.1',7),(132,'2024-03-13 13:55:02.211','2024-03-13 13:55:02.211',NULL,'127.0.0.1',5),(133,'2024-03-18 16:58:54.839','2024-03-18 16:58:54.839',NULL,'127.0.0.1',3),(134,'2024-03-22 17:15:35.782','2024-03-22 17:15:35.782',NULL,'127.0.0.1',12),(135,'2024-03-22 17:15:44.546','2024-03-22 17:15:44.546',NULL,'127.0.0.1',10),(136,'2024-03-22 17:15:48.529','2024-03-22 17:15:48.529',NULL,'127.0.0.1',9),(137,'2024-03-22 17:16:01.813','2024-03-22 17:16:01.813',NULL,'127.0.0.1',4),(138,'2024-03-22 17:16:18.313','2024-03-22 17:16:18.313',NULL,'127.0.0.1',3),(139,'2024-03-24 08:46:55.763','2024-03-24 08:46:55.763',NULL,'127.0.0.1',3),(140,'2024-03-25 09:12:14.024','2024-03-25 09:12:14.024',NULL,'127.0.0.1',17),(141,'2024-03-25 09:12:25.913','2024-03-25 09:12:25.913',NULL,'127.0.0.1',18),(142,'2024-03-25 09:12:33.743','2024-03-25 09:12:33.743',NULL,'127.0.0.1',19),(143,'2024-04-01 09:24:30.726','2024-04-01 09:24:30.726',NULL,'127.0.0.1',19),(144,'2024-04-01 09:29:21.048','2024-04-01 09:29:21.048',NULL,'127.0.0.1',12),(145,'2024-04-25 10:37:26.142','2024-04-25 10:37:26.142',NULL,'172.17.0.2',19),(146,'2024-04-25 10:37:32.086','2024-04-25 10:37:32.086',NULL,'172.17.0.2',12),(147,'2024-04-25 10:37:35.535','2024-04-25 10:37:35.535',NULL,'172.17.0.2',11),(148,'2024-04-29 09:07:28.085','2024-04-29 09:07:28.085',NULL,'172.17.0.4',18),(149,'2024-04-29 09:07:31.612','2024-04-29 09:07:31.612',NULL,'172.17.0.4',12),(150,'2024-04-29 09:07:34.862','2024-04-29 09:07:34.862',NULL,'172.17.0.4',11),(151,'2024-04-29 05:47:01.564','2024-04-29 05:47:01.564',NULL,'172.17.0.1',19),(152,'2024-04-29 05:47:10.345','2024-04-29 05:47:10.345',NULL,'172.17.0.1',5),(153,'2024-05-07 02:30:54.978','2024-05-07 02:30:54.978',NULL,'172.17.0.1',19),(154,'2024-05-07 02:30:58.170','2024-05-07 02:30:58.170',NULL,'172.17.0.1',18),(155,'2024-05-07 02:31:01.743','2024-05-07 02:31:01.743',NULL,'172.17.0.1',15),(156,'2024-05-14 02:37:35.459','2024-05-14 02:37:35.459',NULL,'172.17.0.1',18),(157,'2024-05-15 09:56:05.079','2024-05-15 09:56:05.079',NULL,'172.17.0.4',19),(158,'2024-05-15 09:56:31.306','2024-05-15 09:56:31.306',NULL,'172.17.0.4',5),(159,'2024-05-15 02:15:04.002','2024-05-15 02:15:04.002',NULL,'172.17.0.1',5),(160,'2024-05-15 02:15:27.787','2024-05-15 02:15:27.787',NULL,'172.17.0.1',3),(161,'2024-05-15 10:58:35.600','2024-05-15 10:58:35.600',NULL,'172.17.0.4',3),(162,'2024-05-20 10:10:25.624','2024-05-20 10:10:25.624',NULL,'172.17.0.4',19),(163,'2024-05-20 10:31:48.837','2024-05-20 10:31:48.837',NULL,'127.0.0.1',19),(164,'2024-05-20 11:13:22.500','2024-05-20 11:13:22.500',NULL,'172.17.0.4',1),(165,'2024-05-20 11:14:01.806','2024-05-20 11:14:01.806',NULL,'127.0.0.1',1),(166,'2024-05-20 03:54:52.375','2024-05-20 03:54:52.375',NULL,'172.17.0.1',19);
/*!40000 ALTER TABLE `ips` ENABLE KEYS */;
UNLOCK TABLES;

--
-- Table structure for table `jwt_blacklists`
--

DROP TABLE IF EXISTS `jwt_blacklists`;
/*!40101 SET @saved_cs_client     = @@character_set_client */;
/*!50503 SET character_set_client = utf8mb4 */;
CREATE TABLE `jwt_blacklists` (
  `id` bigint unsigned NOT NULL AUTO_INCREMENT,
  `created_at` datetime(3) DEFAULT NULL,
  `updated_at` datetime(3) DEFAULT NULL,
  `deleted_at` datetime(3) DEFAULT NULL,
  `jwt` text CHARACTER SET utf8mb4 COLLATE utf8mb4_general_ci COMMENT 'jwt',
  PRIMARY KEY (`id`),
  KEY `idx_jwt_blacklists_deleted_at` (`deleted_at`)
) ENGINE=InnoDB AUTO_INCREMENT=1 DEFAULT CHARSET=utf8mb4 COLLATE=utf8mb4_general_ci;
/*!40101 SET character_set_client = @saved_cs_client */;

--
-- Dumping data for table `jwt_blacklists`
--

LOCK TABLES `jwt_blacklists` WRITE;
/*!40000 ALTER TABLE `jwt_blacklists` DISABLE KEYS */;
INSERT INTO `jwt_blacklists` VALUES (12,'2022-11-17 11:33:31.087','2022-11-17 11:33:31.087','2023-05-03 00:00:00.000','eyJhbGciOiJIUzI1NiIsInR5cCI6IkpXVCJ9.eyJVVUlEIjoiNzMzYzk2NzUtODNmYS00NzBhLThhN2YtZTAwZWI1YzdlMDIxIiwiSUQiOjMsIlVzZXJuYW1lIjoid3VoYW8iLCJOaWNrTmFtZSI6IuWQtOaYiiIsIkF1dGhvcml0eUlkIjoiODg4IiwiQnVmZmVyVGltZSI6NjAsImV4cCI6MTY2ODY2OTU4MCwiaXNzIjoiamlhbmdoYW8iLCJuYmYiOjE2Njg1ODIxODB9.4wk9y7pedBtj49_Q505YYAixeE2qLPalr8niIZQ6JjM'),(13,'2022-11-22 09:34:58.836','2022-11-22 09:34:58.836','2023-05-03 00:00:00.000','eyJhbGciOiJIUzI1NiIsInR5cCI6IkpXVCJ9.eyJVVUlEIjoiNzMzYzk2NzUtODNmYS00NzBhLThhN2YtZTAwZWI1YzdlMDIxIiwiSUQiOjMsIlVzZXJuYW1lIjoid3VoYW8iLCJOaWNrTmFtZSI6IuWQtOaYiiIsIkF1dGhvcml0eUlkIjoiODg4IiwiQnVmZmVyVGltZSI6NjAsImV4cCI6MTY2OTA4Mzg1OCwiaXNzIjoiamlhbmdoYW8iLCJuYmYiOjE2Njg5OTY0NTh9.WrvcMBXAEMu72uO0ZqdHshtDn_wMNTYdffvkdYd4pvU'),(14,'2022-11-22 09:37:21.732','2022-11-22 09:37:21.732','2023-05-03 00:00:00.000','eyJhbGciOiJIUzI1NiIsInR5cCI6IkpXVCJ9.eyJVVUlEIjoiNzMzYzk2NzUtODNmYS00NzBhLThhN2YtZTAwZWI1YzdlMDIxIiwiSUQiOjMsIlVzZXJuYW1lIjoid3VoYW8iLCJOaWNrTmFtZSI6IuWQtOaYiiIsIkF1dGhvcml0eUlkIjoiODg4IiwiQnVmZmVyVGltZSI6NjAsImV4cCI6MTY2OTE2NzMxOSwiaXNzIjoiamlhbmdoYW8iLCJuYmYiOjE2NjkwNzk5MTl9.WnbvI7igrhvp0q9SsvsF61uInrkL5EKVdn0F0AKuh9s'),(15,'2022-11-22 11:36:46.671','2022-11-22 11:36:46.671','2023-05-03 00:00:00.000','eyJhbGciOiJIUzI1NiIsInR5cCI6IkpXVCJ9.eyJVVUlEIjoiNzMzYzk2NzUtODNmYS00NzBhLThhN2YtZTAwZWI1YzdlMDIxIiwiSUQiOjMsIlVzZXJuYW1lIjoid3VoYW8iLCJOaWNrTmFtZSI6IuWQtOaYiiIsIkF1dGhvcml0eUlkIjoiODg4IiwiQnVmZmVyVGltZSI6NjAsImV4cCI6MTY2OTE2OTE1MCwiaXNzIjoiamlhbmdoYW8iLCJuYmYiOjE2NjkwODE3NTB9.8Vh0XCSCD_sDDtoE9KrEBPOGMW72KT51JFNihjIsI_A'),(16,'2022-11-23 13:39:09.635','2022-11-23 13:39:09.635','2023-05-03 00:00:00.000','eyJhbGciOiJIUzI1NiIsInR5cCI6IkpXVCJ9.eyJVVUlEIjoiNzMzYzk2NzUtODNmYS00NzBhLThhN2YtZTAwZWI1YzdlMDIxIiwiSUQiOjMsIlVzZXJuYW1lIjoid3VoYW8iLCJOaWNrTmFtZSI6IuWQtOaYiiIsIkF1dGhvcml0eUlkIjoiODg4IiwiQnVmZmVyVGltZSI6NjAsImV4cCI6MTY2OTE4Mjc4MiwiaXNzIjoiamlhbmdoYW8iLCJuYmYiOjE2NjkwOTUzODJ9.MUOH5ppXwVtak9ihiBHaVMRHOBSxwje4z98yejbD3EQ'),(17,'2022-11-23 14:34:27.685','2022-11-23 14:34:27.685','2023-05-03 00:00:00.000','eyJhbGciOiJIUzI1NiIsInR5cCI6IkpXVCJ9.eyJVVUlEIjoiNzMzYzk2NzUtODNmYS00NzBhLThhN2YtZTAwZWI1YzdlMDIxIiwiSUQiOjMsIlVzZXJuYW1lIjoid3VoYW8iLCJOaWNrTmFtZSI6IuWQtOaYiiIsIkF1dGhvcml0eUlkIjoiODg4IiwiQnVmZmVyVGltZSI6NjAsImV4cCI6MTY2OTI2OTg0OSwiaXNzIjoiamlhbmdoYW8iLCJuYmYiOjE2NjkxODI0NDl9.mWRO4guEuGTaFMMGwjl1DhoJen4h56Iu7ETQILKJbtw'),(18,'2022-11-23 17:50:46.690','2022-11-23 17:50:46.690','2023-05-03 00:00:00.000','eyJhbGciOiJIUzI1NiIsInR5cCI6IkpXVCJ9.eyJVVUlEIjoiNzMzYzk2NzUtODNmYS00NzBhLThhN2YtZTAwZWI1YzdlMDIxIiwiSUQiOjMsIlVzZXJuYW1lIjoid3VoYW8iLCJOaWNrTmFtZSI6IuWQtOaYiiIsIkF1dGhvcml0eUlkIjoiOTUyOCIsIkJ1ZmZlclRpbWUiOjYwLCJleHAiOjE2NjkyNzE2NzksImlzcyI6ImppYW5naGFvIiwibmJmIjoxNjY5MTg0Mjc5fQ.Me_mAy3PFVQJhwuiyGxsy7sVv8LW3-U4CVY4h8MHxoo'),(19,'2022-11-23 17:55:33.839','2022-11-23 17:55:33.839','2023-05-03 00:00:00.000','eyJhbGciOiJIUzI1NiIsInR5cCI6IkpXVCJ9.eyJVVUlEIjoiMzIzOWVmZTItYTgxYi00YWRhLWJhMWItMjY4OGZhNWJiNmUwIiwiSUQiOjEsIlVzZXJuYW1lIjoiYWRtaW4iLCJOaWNrTmFtZSI6ImhhbyIsIkF1dGhvcml0eUlkIjoiODg4IiwiQnVmZmVyVGltZSI6NjAsImV4cCI6MTY2OTI4MzQ2MSwiaXNzIjoiamlhbmdoYW8iLCJuYmYiOjE2NjkxOTYwNjF9.BcHwebgwg-Vpq2Em4DTSnA-ZLN0RnqpJEstrryFaImw'),(20,'2022-11-25 10:31:55.154','2022-11-25 10:31:55.154','2023-05-03 00:00:00.000','eyJhbGciOiJIUzI1NiIsInR5cCI6IkpXVCJ9.eyJVVUlEIjoiMzIzOWVmZTItYTgxYi00YWRhLWJhMWItMjY4OGZhNWJiNmUwIiwiSUQiOjEsIlVzZXJuYW1lIjoiYWRtaW4iLCJOaWNrTmFtZSI6ImhhbyIsIkF1dGhvcml0eUlkIjoiODg4IiwiQnVmZmVyVGltZSI6NjAsImV4cCI6MTY2OTQyOTUzMywiaXNzIjoiamlhbmdoYW8iLCJuYmYiOjE2NjkzNDIxMzN9.INeB52Wwg-RfRS84TXFIwZHCVpBZs3sgyvy17Uz_j04'),(21,'2022-11-25 14:53:35.033','2022-11-25 14:53:35.033','2023-05-03 00:00:00.000','eyJhbGciOiJIUzI1NiIsInR5cCI6IkpXVCJ9.eyJVVUlEIjoiMzIzOWVmZTItYTgxYi00YWRhLWJhMWItMjY4OGZhNWJiNmUwIiwiSUQiOjEsIlVzZXJuYW1lIjoiYWRtaW4iLCJOaWNrTmFtZSI6ImhhbyIsIkF1dGhvcml0eUlkIjoiODg4IiwiQnVmZmVyVGltZSI6NjAsImV4cCI6MTY2OTQ0NTU5MSwiaXNzIjoiamlhbmdoYW8iLCJuYmYiOjE2NjkzNTgxOTF9.ELKmxbjxoXQU_5qyWxsfmcLmCGYXSy-uD9hWZezmwnQ'),(22,'2022-11-25 14:56:20.235','2022-11-25 14:56:20.235','2023-05-03 00:00:00.000','eyJhbGciOiJIUzI1NiIsInR5cCI6IkpXVCJ9.eyJVVUlEIjoiNzMzYzk2NzUtODNmYS00NzBhLThhN2YtZTAwZWI1YzdlMDIxIiwiSUQiOjMsIlVzZXJuYW1lIjoid3VoYW8iLCJOaWNrTmFtZSI6IuWQtOaYiiIsIkF1dGhvcml0eUlkIjoiODg4IiwiQnVmZmVyVGltZSI6NjAsImV4cCI6MTY2OTQ0NTYyNSwiaXNzIjoiamlhbmdoYW8iLCJuYmYiOjE2NjkzNTgyMjV9.KKPSMrDk7vvHJFWRO2IU47pujcdmjcFlpPnGygaRMf8'),(23,'2022-11-25 18:22:43.134','2022-11-25 18:22:43.134','2023-05-03 00:00:00.000','eyJhbGciOiJIUzI1NiIsInR5cCI6IkpXVCJ9.eyJVVUlEIjoiNzMzYzk2NzUtODNmYS00NzBhLThhN2YtZTAwZWI1YzdlMDIxIiwiSUQiOjMsIlVzZXJuYW1lIjoid3VoYW8iLCJOaWNrTmFtZSI6IuWQtOaYiiIsIkF1dGhvcml0eUlkIjoiODg4IiwiQnVmZmVyVGltZSI6NjAsImV4cCI6MTY2OTQ1NzU1NiwiaXNzIjoiamlhbmdoYW8iLCJuYmYiOjE2NjkzNzAxNTZ9.x0SmtwREl1mCUG_0en6HMR47xYz8wdcdjthIVjxDoNg'),(24,'2022-12-09 16:25:47.034','2022-12-09 16:25:47.034','2023-05-03 00:00:00.000','eyJhbGciOiJIUzI1NiIsInR5cCI6IkpXVCJ9.eyJVVUlEIjoiNzMzYzk2NzUtODNmYS00NzBhLThhN2YtZTAwZWI1YzdlMDIxIiwiSUQiOjMsIlVzZXJuYW1lIjoid3VoYW8iLCJOaWNrTmFtZSI6IuWQtOaYiiIsIkF1dGhvcml0eUlkIjoiODg4IiwiQnVmZmVyVGltZSI6NjAsImV4cCI6MTY3MDYzNTU0NywiaXNzIjoiamlhbmdoYW8iLCJuYmYiOjE2NzA1NDgxNDd9.UnvSJkQM8_DF2R-FxpZpNZ2d2SxFuxD-I260QrsMphE'),(25,'2022-12-14 10:32:18.226','2022-12-14 10:32:18.226','2023-05-03 00:00:00.000','eyJhbGciOiJIUzI1NiIsInR5cCI6IkpXVCJ9.eyJVVUlEIjoiNzMzYzk2NzUtODNmYS00NzBhLThhN2YtZTAwZWI1YzdlMDIxIiwiSUQiOjMsIlVzZXJuYW1lIjoid3VoYW8iLCJOaWNrTmFtZSI6IuWQtOaYiiIsIkF1dGhvcml0eUlkIjoiODg4IiwiQnVmZmVyVGltZSI6NjAsImV4cCI6MTY3MTAxNTY0MywiaXNzIjoiamlhbmdoYW8iLCJuYmYiOjE2NzA5MjgyNDN9.XHGLYPxYahK1NrUEpcxujOb8PIidkIIgIDvdu-eyIhU'),(26,'2022-12-14 10:44:03.707','2022-12-14 10:44:03.707','2023-05-03 00:00:00.000','eyJhbGciOiJIUzI1NiIsInR5cCI6IkpXVCJ9.eyJVVUlEIjoiNzMzYzk2NzUtODNmYS00NzBhLThhN2YtZTAwZWI1YzdlMDIxIiwiSUQiOjMsIlVzZXJuYW1lIjoid3VoYW8iLCJOaWNrTmFtZSI6IuWQtOaYiiIsIkF1dGhvcml0eUlkIjoiODg4IiwiQnVmZmVyVGltZSI6NjAsImV4cCI6MTY3MTA3MjE4NywiaXNzIjoiamlhbmdoYW8iLCJuYmYiOjE2NzA5ODQ3ODd9.wJAjDTlTKsgDQhmAo7N6Lzzaw4qJmmnVAPc8ndJa0dU'),(27,'2023-01-17 16:59:27.358','2023-01-17 16:59:27.358','2023-05-03 00:00:00.000','eyJhbGciOiJIUzI1NiIsInR5cCI6IkpXVCJ9.eyJVVUlEIjoiNzMzYzk2NzUtODNmYS00NzBhLThhN2YtZTAwZWI1YzdlMDIxIiwiSUQiOjMsIlVzZXJuYW1lIjoid3VoYW8iLCJOaWNrTmFtZSI6IuWQtOaYiiIsIkF1dGhvcml0eUlkIjoiODg4IiwiQnVmZmVyVGltZSI6NjAsImV4cCI6MTY3NDAzMjM0OCwiaXNzIjoiamlhbmdoYW8iLCJuYmYiOjE2NzM5NDQ5NDh9.kwoSQQfeQLF720Y2xyX06JKViE4ah18erIExXrunpd8'),(28,'2023-03-29 16:46:50.243','2023-03-29 16:46:50.243','2023-05-03 00:00:00.000','eyJhbGciOiJIUzI1NiIsInR5cCI6IkpXVCJ9.eyJVVUlEIjoiNzMzYzk2NzUtODNmYS00NzBhLThhN2YtZTAwZWI1YzdlMDIxIiwiSUQiOjMsIlVzZXJuYW1lIjoid3VoYW8iLCJOaWNrTmFtZSI6IuWQtOaYiiIsIkF1dGhvcml0eUlkIjoiODg4IiwiQnVmZmVyVGltZSI6NjAsImV4cCI6MTY4MDE2MDczNiwiaXNzIjoiamlhbmdoYW8iLCJuYmYiOjE2ODAwNzMzMzZ9.NrA9FB1VoutLMUM0vgGXxjwNNfSa3Y0JiVBeefTssEE'),(29,'2023-03-29 16:47:27.651','2023-03-29 16:47:27.651','2023-05-03 00:00:00.000','eyJhbGciOiJIUzI1NiIsInR5cCI6IkpXVCJ9.eyJVVUlEIjoiNzMzYzk2NzUtODNmYS00NzBhLThhN2YtZTAwZWI1YzdlMDIxIiwiSUQiOjMsIlVzZXJuYW1lIjoid3VoYW8iLCJOaWNrTmFtZSI6IuWQtOaYiiIsIkF1dGhvcml0eUlkIjoiODg4IiwiQnVmZmVyVGltZSI6NjAsImV4cCI6MTY4MDE2NjAyNCwiaXNzIjoiamlhbmdoYW8iLCJuYmYiOjE2ODAwNzg2MjR9.FXAzqMcxzp63KJq0FvDHYUk6tktLG6bFCSjLMH5YqPA'),(30,'2023-03-29 17:47:46.837','2023-03-29 17:47:46.837','2023-05-03 00:00:00.000','eyJhbGciOiJIUzI1NiIsInR5cCI6IkpXVCJ9.eyJVVUlEIjoiNzMzYzk2NzUtODNmYS00NzBhLThhN2YtZTAwZWI1YzdlMDIxIiwiSUQiOjMsIlVzZXJuYW1lIjoid3VoYW8iLCJOaWNrTmFtZSI6IuWQtOaYiiIsIkF1dGhvcml0eUlkIjoiODg4IiwiQnVmZmVyVGltZSI6NjAsImV4cCI6MTY4MDE2OTU2NywiaXNzIjoiamlhbmdoYW8iLCJuYmYiOjE2ODAwODIxNjd9.jOOmA49GvkuyeyCuz47JXks39o5K7nG8s6mrkHTTsuA'),(31,'2023-03-31 19:02:59.647','2023-03-31 19:02:59.647','2023-05-03 00:00:00.000','eyJhbGciOiJIUzI1NiIsInR5cCI6IkpXVCJ9.eyJVVUlEIjoiNzMzYzk2NzUtODNmYS00NzBhLThhN2YtZTAwZWI1YzdlMDIxIiwiSUQiOjMsIlVzZXJuYW1lIjoid3VoYW8iLCJOaWNrTmFtZSI6IuWQtOaYiiIsIkF1dGhvcml0eUlkIjoiODg4IiwiQnVmZmVyVGltZSI6NjAsImlzcyI6ImppYW5naGFvIiwiZXhwIjoxOTkxMjk2Nzc1LCJuYmYiOjE2ODAyNTY3NzUsImlhdCI6MTY4MDI1Njc3NX0.VvZ9biyYrpXyHkojxLzWxmx-geYL8BEvLgCzdutxxkI'),(32,'2023-03-31 19:20:25.165','2023-03-31 19:20:25.165','2023-05-03 00:00:00.000','eyJhbGciOiJIUzI1NiIsInR5cCI6IkpXVCJ9.eyJVVUlEIjoiNzMzYzk2NzUtODNmYS00NzBhLThhN2YtZTAwZWI1YzdlMDIxIiwiSUQiOjMsIlVzZXJuYW1lIjoid3VoYW8iLCJOaWNrTmFtZSI6IuWQtOaYiiIsIkF1dGhvcml0eUlkIjoiODg4IiwiQnVmZmVyVGltZSI6NjAsImlzcyI6ImppYW5naGFvIiwiZXhwIjoxNjgwMzQ3MTkzLCJuYmYiOjE2ODAyNjA3OTMsImlhdCI6MTY4MDI2MDc5M30.Ow0KCLZxiQNiIMj7N-uDUx0txU8O2jLFJaMJ4KacLUw'),(33,'2023-04-25 09:45:18.090','2023-04-25 09:45:18.090','2023-05-03 00:00:00.000','eyJhbGciOiJIUzI1NiIsInR5cCI6IkpXVCJ9.eyJVVUlEIjoiNzMzYzk2NzUtODNmYS00NzBhLThhN2YtZTAwZWI1YzdlMDIxIiwiSUQiOjMsIlVzZXJuYW1lIjoid3VoYW8iLCJOaWNrTmFtZSI6IuWQtOaYiiIsIkF1dGhvcml0eUlkIjoiODg4IiwiQnVmZmVyVGltZSI6NjAsImlzcyI6ImppYW5naGFvIiwiZXhwIjoxNjgyNDMwMzA3LCJuYmYiOjE2ODIzODcxMDcsImlhdCI6MTY4MjM4NzEwN30.lXGizyGFbwkpLXf-9k2CPUdTzf4qZwOwPdsdffhYkPk'),(34,'2023-04-25 11:12:18.239','2023-04-25 11:12:18.239','2023-05-03 00:00:00.000','eyJhbGciOiJIUzI1NiIsInR5cCI6IkpXVCJ9.eyJVVUlEIjoiMzIzOWVmZTItYTgxYi00YWRhLWJhMWItMjY4OGZhNWJiNmUwIiwiSUQiOjEsIlVzZXJuYW1lIjoiYWRtaW4iLCJOaWNrTmFtZSI6ImhhbyIsIkF1dGhvcml0eUlkIjoiODg4IiwiQnVmZmVyVGltZSI6NjAsImlzcyI6ImppYW5naGFvIiwiZXhwIjoxNjgyNDYzMDA3LCJuYmYiOjE2ODI0MTk4MDcsImlhdCI6MTY4MjQxOTgwN30._-YfzCsSvVPQ0bUr2kTHQgzqbBhrBvMs0_YxdXofcLY'),(35,'2023-04-28 09:34:15.352','2023-04-28 09:34:15.352','2023-05-03 00:00:00.000','eyJhbGciOiJIUzI1NiIsInR5cCI6IkpXVCJ9.eyJVVUlEIjoiNzMzYzk2NzUtODNmYS00NzBhLThhN2YtZTAwZWI1YzdlMDIxIiwiSUQiOjMsIlVzZXJuYW1lIjoid3VoYW8iLCJOaWNrTmFtZSI6IuWQtOaYiiIsIkF1dGhvcml0eUlkIjoiODg4IiwiQnVmZmVyVGltZSI6NjAsImlzcyI6ImppYW5naGFvIiwiZXhwIjoxNjgyNzE3NTg0LCJuYmYiOjE2ODI2NzQzODQsImlhdCI6MTY4MjY3NDM4NH0.7wqlM-ENJXM3OFzvJ505Dv4UuEQTP-12GScOmmBH71A'),(36,'2023-05-06 10:40:09.213','2023-05-06 10:40:09.213',NULL,'eyJhbGciOiJIUzI1NiIsInR5cCI6IkpXVCJ9.eyJVVUlEIjoiNzMzYzk2NzUtODNmYS00NzBhLThhN2YtZTAwZWI1YzdlMDIxIiwiSUQiOjMsIlVzZXJuYW1lIjoid3VoYW8iLCJOaWNrTmFtZSI6IuWQtOaYiiIsIkF1dGhvcml0eUlkIjoiODg4IiwiQnVmZmVyVGltZSI6NjAsImlzcyI6ImppYW5naGFvIiwiZXhwIjoxNjgzMzgzOTkwLCJuYmYiOjE2ODMzNDA3OTAsImlhdCI6MTY4MzM0MDc5MH0.50zbUEzICDuKfjE9tMyRHt4NV78PgoSpsGmZ57I5n5s'),(37,'2023-05-06 10:53:48.737','2023-05-06 10:53:48.737',NULL,'eyJhbGciOiJIUzI1NiIsInR5cCI6IkpXVCJ9.eyJVVUlEIjoiNzMzYzk2NzUtODNmYS00NzBhLThhN2YtZTAwZWI1YzdlMDIxIiwiSUQiOjMsIlVzZXJuYW1lIjoid3VoYW8iLCJOaWNrTmFtZSI6IuWQtOaYiiIsIkF1dGhvcml0eUlkIjoiODg4IiwiQnVmZmVyVGltZSI6NjAsImlzcyI6ImppYW5naGFvIiwiZXhwIjoxNjgzMzg0NzgzLCJuYmYiOjE2ODMzNDE1ODMsImlhdCI6MTY4MzM0MTU4M30.ze5R5VJX2X2AB0aFQKLY63eQFq8vqRCCyfrAl56KwYI'),(38,'2023-05-06 11:11:23.325','2023-05-06 11:11:23.325',NULL,'eyJhbGciOiJIUzI1NiIsInR5cCI6IkpXVCJ9.eyJVVUlEIjoiNzMzYzk2NzUtODNmYS00NzBhLThhN2YtZTAwZWI1YzdlMDIxIiwiSUQiOjMsIlVzZXJuYW1lIjoid3VoYW8iLCJOaWNrTmFtZSI6IuWQtOaYiiIsIkF1dGhvcml0eUlkIjoiODg4IiwiQnVmZmVyVGltZSI6NjAsImlzcyI6ImppYW5naGFvIiwiZXhwIjoxNjgzMzg1MTEzLCJuYmYiOjE2ODMzNDE5MTMsImlhdCI6MTY4MzM0MTkxM30.DbgGFoFyfgylMNmt8yDPH7ct53D5Zjaoxk_eJ7wm5B4'),(39,'2023-05-06 11:44:26.999','2023-05-06 11:44:26.999',NULL,'eyJhbGciOiJIUzI1NiIsInR5cCI6IkpXVCJ9.eyJVVUlEIjoiNzMzYzk2NzUtODNmYS00NzBhLThhN2YtZTAwZWI1YzdlMDIxIiwiSUQiOjMsIlVzZXJuYW1lIjoid3VoYW8iLCJOaWNrTmFtZSI6IuWQtOaYiiIsIkF1dGhvcml0eUlkIjoiODg4IiwiQnVmZmVyVGltZSI6NjAsImlzcyI6ImppYW5naGFvIiwiZXhwIjoxNjgzMzg3NjkwLCJuYmYiOjE2ODMzNDQ0OTAsImlhdCI6MTY4MzM0NDQ5MH0.4nad1et6jqGDZ2BeKnrYHYKD41tf2RqCt9qvmCYmoXs'),(40,'2023-05-08 10:36:08.579','2023-05-08 10:36:08.579',NULL,'eyJhbGciOiJIUzI1NiIsInR5cCI6IkpXVCJ9.eyJVVUlEIjoiNzMzYzk2NzUtODNmYS00NzBhLThhN2YtZTAwZWI1YzdlMDIxIiwiSUQiOjMsIlVzZXJuYW1lIjoid3VoYW8iLCJOaWNrTmFtZSI6IuWQtOaYiiIsIkF1dGhvcml0eUlkIjoiODg4IiwiQnVmZmVyVGltZSI6NjAsImlzcyI6ImppYW5naGFvIiwiZXhwIjoxNjgzNTU2NTY2LCJuYmYiOjE2ODM1MDM4MTEsImlhdCI6MTY4MzUwMzgxMX0.ILZF-83Q3VQlpvi7HEHuPwKFIcQNnDzhbxuyeXnodb0'),(41,'2023-05-08 11:51:52.205','2023-05-08 11:51:52.205',NULL,'eyJhbGciOiJIUzI1NiIsInR5cCI6IkpXVCJ9.eyJVVUlEIjoiNzMzYzk2NzUtODNmYS00NzBhLThhN2YtZTAwZWI1YzdlMDIxIiwiSUQiOjMsIlVzZXJuYW1lIjoid3VoYW8iLCJOaWNrTmFtZSI6IuWQtOaYiiIsIkF1dGhvcml0eUlkIjoiODg4IiwiQnVmZmVyVGltZSI6NjAsImlzcyI6ImppYW5naGFvIiwiZXhwIjoxNjgzNTYxMTA2LCJuYmYiOjE2ODM1MTMzODEsImlhdCI6MTY4MzUxMzM4MX0.BH8x7Forca1XhMj7CX2QcvunuLiaidbjo7E7qvERIzY'),(42,'2023-07-25 19:38:06.669','2023-07-25 19:38:06.669',NULL,'eyJhbGciOiJSUzI1NiIsInR5cCI6IkpXVCJ9.eyJVVUlEIjoiNzMzYzk2NzUtODNmYS00NzBhLThhN2YtZTAwZWI1YzdlMDIxIiwiSUQiOjMsIlVzZXJuYW1lIjoid3VoYW8iLCJOaWNrTmFtZSI6IuWQtOaYiiIsIkF1dGhvcml0eUlkIjoiODg4IiwiQnVmZmVyVGltZSI6NjAsImlzcyI6ImppYW5naGFvIiwiZXhwIjoxNjkwMzcxMzk0LCJuYmYiOjE2OTAxODAwNTgsImlhdCI6MTY5MDE4MDA1OH0.Gjn3psfrXRvNjXOBqwOk0S8B7SRpCmZQJM-PcQwRQ7NflHnlW1bf-zeLFuDSI_c1YN6Dy2ep2ULRsqbqUmesW5rR--_Z3QdLWXT9cHr2ytvlWU66afpCdYBMX54XDPQGkHW9FG8G9VFqBqAGHnoMfO0MToXzRFMMKRYm4uZq9gY'),(43,'2023-10-20 11:12:49.346','2023-10-20 11:12:49.346',NULL,'eyJhbGciOiJSUzI1NiIsInR5cCI6IkpXVCJ9.eyJVVUlEIjoiNzMzYzk2NzUtODNmYS00NzBhLThhN2YtZTAwZWI1YzdlMDIxIiwiSUQiOjMsIlVzZXJuYW1lIjoid3VoYW8iLCJOaWNrTmFtZSI6IuWQtOaYiiIsIkF1dGhvcml0eUlkIjoiODg4IiwiQnVmZmVyVGltZSI6NjAsImlzcyI6ImppYW5naGFvIiwiZXhwIjoxNjk3ODU3MTg1LCJuYmYiOjE2OTc3NzA3ODUsImlhdCI6MTY5Nzc3MDc4NX0.hSDQV2VIQhnze4SruyTjd2YRfOpfNz1D6CSsBKTVLP9eCFP5gA277Awx3dgPNU5TFyeuD01Gv2Wc0kJW0ZUCmZhudsKDJLaxzm3r2z4mcMRHv9T2zRuh27DLDv4iHxiH2AK9XnoR_wLYwyDwaQMZXmzNXj_AHuPZ46KMtFaZKho'),(44,'2023-11-09 14:22:16.312','2023-11-09 14:22:16.312',NULL,'eyJhbGciOiJSUzI1NiIsInR5cCI6IkpXVCJ9.eyJVVUlEIjoiNzMzYzk2NzUtODNmYS00NzBhLThhN2YtZTAwZWI1YzdlMDIxIiwiSUQiOjMsIlVzZXJuYW1lIjoid3VoYW8iLCJOaWNrTmFtZSI6IuWQtOaYiiIsIkF1dGhvcml0eUlkIjoiODg4IiwiQnVmZmVyVGltZSI6NjAsImlzcyI6ImppYW5naGFvIiwiZXhwIjoxNjk5NTk3MzIxLCJuYmYiOjE2OTk0MzAyODIsImlhdCI6MTY5OTQzMDI4Mn0.b0ys2M1tOFQ74jVM6J0sIUpmHCrxHTRFIK4sBM-p9AGDE2brNpW1f4lHHDxt0oY4zdElaNBd0sBBaNUXHTZKasLyUU6H-Zk_x7uZbFha1rQqtaM6WoDNK1RhIxXrEFVGGBZfGlMH9S2yDFr2shAQw1vbBvF2sxSZ9Ai2tkyoq4E'),(45,'2023-11-23 14:20:44.692','2023-11-23 14:20:44.692',NULL,'eyJhbGciOiJSUzI1NiIsInR5cCI6IkpXVCJ9.eyJVVUlEIjoiNzMzYzk2NzUtODNmYS00NzBhLThhN2YtZTAwZWI1YzdlMDIxIiwiSUQiOjMsIlVzZXJuYW1lIjoid3VoYW8iLCJOaWNrTmFtZSI6IuWQtOaYiiIsIkF1dGhvcml0eUlkIjoiODg4IiwiQnVmZmVyVGltZSI6NjAsImlzcyI6ImppYW5naGFvIiwiZXhwIjoxNzAwODA2NTg4LCJuYmYiOjE3MDA3MDMwNzksImlhdCI6MTcwMDcwMzA3OX0.cvzQbQqaNix5iqs9_nqe3RqiiQK7NMxvwPmSn6S2TwJfoTKcn8ShbOGIbFlAcDUI4PsgLNxQyW0gIeDrtlRCDhQzAAyhaor45O5G4Sat3UyfT0Yy1MdqmK6Wz-KsDQmT0YnacBsFgZLn2cbQ0DmaeLb2slUdGl0fjpIYQbqVuNc'),(46,'2024-04-25 18:04:30.703','2024-04-25 18:04:30.703',NULL,'eyJhbGciOiJSUzI1NiIsInR5cCI6IkpXVCJ9.eyJVVUlEIjoiNzMzYzk2NzUtODNmYS00NzBhLThhN2YtZTAwZWI1YzdlMDIxIiwiSUQiOjMsIlVzZXJuYW1lIjoid3VoYW8iLCJOaWNrTmFtZSI6IuWQtOaYiiIsIkF1dGhvcml0eUlkIjoiODg4IiwiQnVmZmVyVGltZSI6NjAsImlzcyI6ImppYW5naGFvIiwiZXhwIjoxNzE0MTI0MzM5LCJuYmYiOjE3MTQwMzc5MzksImlhdCI6MTcxNDAzNzkzOX0.lzRhsjygWWueRpOpN4VeOcVnAJS_k_WhjKB2ZX_E6uV6_Pv3AjfkagIXkvZB-OIvH1VEapv4q3hRtf3oHtyqyQIWUEQV9E8Erc5MEs6Yv68fn5LHiui1hjYdBEZYTpTZFzBFlmQYYsYjVjNmG_Vhl1lsI8eYSPdCr6XW0iPYMXw');
/*!40000 ALTER TABLE `jwt_blacklists` ENABLE KEYS */;
UNLOCK TABLES;

--
-- Table structure for table `meta`
--

DROP TABLE IF EXISTS `meta`;
/*!40101 SET @saved_cs_client     = @@character_set_client */;
/*!50503 SET character_set_client = utf8mb4 */;
CREATE TABLE `meta` (
  `keep_alive` tinyint(1) DEFAULT NULL COMMENT '是否缓存',
  `default_menu` tinyint(1) DEFAULT NULL COMMENT '是否是基础路由（开发中）',
  `title` varchar(191) CHARACTER SET utf8mb4 COLLATE utf8mb4_general_ci DEFAULT NULL COMMENT '菜单名',
  `icon` varchar(191) CHARACTER SET utf8mb4 COLLATE utf8mb4_general_ci DEFAULT NULL COMMENT '菜单图标',
  `close_tab` tinyint(1) DEFAULT NULL COMMENT '自动关闭tab'
) ENGINE=InnoDB DEFAULT CHARSET=utf8mb4 COLLATE=utf8mb4_general_ci;
/*!40101 SET character_set_client = @saved_cs_client */;

--
-- Dumping data for table `meta`
--

LOCK TABLES `meta` WRITE;
/*!40000 ALTER TABLE `meta` DISABLE KEYS */;
/*!40000 ALTER TABLE `meta` ENABLE KEYS */;
UNLOCK TABLES;

--
-- Table structure for table `mobile_users`
--

DROP TABLE IF EXISTS `mobile_users`;
/*!40101 SET @saved_cs_client     = @@character_set_client */;
/*!50503 SET character_set_client = utf8mb4 */;
CREATE TABLE `mobile_users` (
  `id` int unsigned NOT NULL AUTO_INCREMENT,
  `created_at` datetime(3) NOT NULL,
  `updated_at` datetime(3) DEFAULT NULL,
  `deleted_at` datetime(3) DEFAULT NULL,
  `username` varchar(50) CHARACTER SET utf8mb4 COLLATE utf8mb4_general_ci NOT NULL COMMENT '用户名',
  `nickname` varchar(50) CHARACTER SET utf8mb4 COLLATE utf8mb4_general_ci DEFAULT NULL COMMENT '昵称',
  `realname` varchar(50) CHARACTER SET utf8mb4 COLLATE utf8mb4_general_ci NOT NULL COMMENT '真实姓名',
  `avatar` varchar(255) CHARACTER SET utf8mb4 COLLATE utf8mb4_general_ci DEFAULT NULL COMMENT '头像',
  `sign` varchar(255) CHARACTER SET utf8mb4 COLLATE utf8mb4_general_ci DEFAULT NULL COMMENT '简介',
  `cover` varchar(255) CHARACTER SET utf8mb4 COLLATE utf8mb4_general_ci DEFAULT NULL COMMENT '主页封面',
  `content` text CHARACTER SET utf8mb4 COLLATE utf8mb4_general_ci COMMENT '用户信息',
  `password` varchar(100) CHARACTER SET utf8mb4 COLLATE utf8mb4_general_ci NOT NULL COMMENT '密码',
  `industry` tinyint DEFAULT '0' COMMENT '行业',
  `gender` tinyint DEFAULT '1' COMMENT '性别',
  `phone` char(11) CHARACTER SET utf8mb4 COLLATE utf8mb4_general_ci NOT NULL COMMENT '电话',
  PRIMARY KEY (`id`),
  UNIQUE KEY `uniq_username` (`username`)
) ENGINE=InnoDB AUTO_INCREMENT=1 DEFAULT CHARSET=utf8mb4 COLLATE=utf8mb4_general_ci COMMENT='移动用户';
/*!40101 SET character_set_client = @saved_cs_client */;

--
-- Dumping data for table `mobile_users`
--

LOCK TABLES `mobile_users` WRITE;
/*!40000 ALTER TABLE `mobile_users` DISABLE KEYS */;
INSERT INTO `mobile_users` VALUES (1,'2023-06-30 15:54:35.000','2023-08-18 13:38:04.826',NULL,'admin','孤独','1211111','uploads/file/2023/07/06/f26ef914245883c80f181c4aade2ed04_152519.jpeg','我就是我 你？是个屁','uploads/file/2023/07/06/3e313b9badf12632cdae5452d20e1af6_152524.jpg','12322','e10adc3949ba59abbe56e057f20f883e',8,1,'13211223344'),(2,'2023-06-30 17:20:49.754','2023-06-30 17:20:49.754','2023-06-30 17:37:17.066','test','tes','tes','test','test','tes','test','tes',0,0,''),(3,'2023-07-24 14:24:38.116','2023-07-24 14:24:38.116',NULL,'test1',NULL,'test55',NULL,NULL,NULL,NULL,'123456',0,1,'13244554466'),(5,'2023-07-24 14:25:33.112','2023-07-24 14:25:33.112',NULL,'test13',NULL,'test55',NULL,NULL,NULL,NULL,'123456',0,1,'13244554466'),(7,'2023-07-24 14:26:22.032','2023-07-24 14:26:22.032',NULL,'test15',NULL,'test55',NULL,NULL,NULL,NULL,'123456',0,1,'13244554466'),(8,'2023-07-24 14:27:10.953','2023-07-24 14:27:10.953',NULL,'test32',NULL,'test55',NULL,NULL,NULL,NULL,'123123',0,1,'13244554466');
/*!40000 ALTER TABLE `mobile_users` ENABLE KEYS */;
UNLOCK TABLES;

--
-- Table structure for table `praise`
--

DROP TABLE IF EXISTS `praise`;
/*!40101 SET @saved_cs_client     = @@character_set_client */;
/*!50503 SET character_set_client = utf8mb4 */;
CREATE TABLE `praise` (
  `comment_id` bigint NOT NULL,
  `user_id` bigint NOT NULL,
  `id` bigint NOT NULL AUTO_INCREMENT,
  PRIMARY KEY (`id`),
  UNIQUE KEY `UK_praise` (`comment_id`,`user_id`),
  KEY `FK_praise_comment` (`comment_id`),
  KEY `FK_praise_user` (`user_id`)
) ENGINE=InnoDB AUTO_INCREMENT=1 DEFAULT CHARSET=utf8mb4 COLLATE=utf8mb4_general_ci;
/*!40101 SET character_set_client = @saved_cs_client */;

--
-- Dumping data for table `praise`
--

LOCK TABLES `praise` WRITE;
/*!40000 ALTER TABLE `praise` DISABLE KEYS */;
INSERT INTO `praise` VALUES (1,1,1),(1,3,2),(2,1,3),(2,3,4),(6,1,5),(6,3,6),(7,1,7),(7,3,8),(10,1,9),(10,3,10),(11,1,11),(11,3,12);
/*!40000 ALTER TABLE `praise` ENABLE KEYS */;
UNLOCK TABLES;

--
-- Table structure for table `reply`
--

DROP TABLE IF EXISTS `reply`;
/*!40101 SET @saved_cs_client     = @@character_set_client */;
/*!50503 SET character_set_client = utf8mb4 */;
CREATE TABLE `reply` (
  `id` bigint unsigned NOT NULL AUTO_INCREMENT COMMENT '评论表id',
  `business` varchar(64) CHARACTER SET utf8mb4 COLLATE utf8mb4_general_ci NOT NULL DEFAULT '' COMMENT '评论业务类型',
  `targetid` bigint unsigned NOT NULL DEFAULT '0' COMMENT '评论目标id',
  `reply_userid` bigint unsigned NOT NULL DEFAULT '0' COMMENT '回复用户id',
  `be_reply_userid` bigint unsigned NOT NULL DEFAULT '0' COMMENT '被回复用户id',
  `parentid` bigint unsigned NOT NULL DEFAULT '0' COMMENT '父评论id',
  `content` varchar(255) CHARACTER SET utf8mb4 COLLATE utf8mb4_general_ci NOT NULL DEFAULT '' COMMENT '评论内容',
  `image` varchar(255) CHARACTER SET utf8mb4 COLLATE utf8mb4_general_ci NOT NULL DEFAULT '' COMMENT '评论图片',
  `create_time` timestamp NOT NULL DEFAULT CURRENT_TIMESTAMP COMMENT '创建时间',
  `update_time` timestamp NOT NULL DEFAULT CURRENT_TIMESTAMP ON UPDATE CURRENT_TIMESTAMP COMMENT '更新时间',
  PRIMARY KEY (`id`),
  KEY `ix_targetid` (`targetid`)
) ENGINE=InnoDB DEFAULT CHARSET=utf8mb4 COLLATE=utf8mb4_general_ci COMMENT='评论列表';
/*!40101 SET character_set_client = @saved_cs_client */;

--
-- Dumping data for table `reply`
--

LOCK TABLES `reply` WRITE;
/*!40000 ALTER TABLE `reply` DISABLE KEYS */;
/*!40000 ALTER TABLE `reply` ENABLE KEYS */;
UNLOCK TABLES;

--
-- Table structure for table `sys_apis`
--

DROP TABLE IF EXISTS `sys_apis`;
/*!40101 SET @saved_cs_client     = @@character_set_client */;
/*!50503 SET character_set_client = utf8mb4 */;
CREATE TABLE `sys_apis` (
  `id` bigint unsigned NOT NULL AUTO_INCREMENT,
  `created_at` datetime(3) DEFAULT NULL,
  `updated_at` datetime(3) DEFAULT NULL,
  `deleted_at` datetime(3) DEFAULT NULL,
  `path` varchar(191) CHARACTER SET utf8mb4 COLLATE utf8mb4_general_ci DEFAULT NULL COMMENT 'api路径',
  `description` varchar(191) CHARACTER SET utf8mb4 COLLATE utf8mb4_general_ci DEFAULT NULL COMMENT 'api中文描述',
  `api_group` varchar(191) CHARACTER SET utf8mb4 COLLATE utf8mb4_general_ci DEFAULT NULL COMMENT 'api组',
  `method` varchar(191) CHARACTER SET utf8mb4 COLLATE utf8mb4_general_ci DEFAULT 'POST' COMMENT '方法',
  PRIMARY KEY (`id`),
  KEY `idx_sys_apis_deleted_at` (`deleted_at`)
) ENGINE=InnoDB AUTO_INCREMENT=1 DEFAULT CHARSET=utf8mb4 COLLATE=utf8mb4_general_ci;
/*!40101 SET character_set_client = @saved_cs_client */;

--
-- Dumping data for table `sys_apis`
--

LOCK TABLES `sys_apis` WRITE;
/*!40000 ALTER TABLE `sys_apis` DISABLE KEYS */;
INSERT INTO `sys_apis` VALUES (1,'2022-04-15 17:31:14.854','2022-04-15 17:31:14.854',NULL,'/backend/base/login','用户登录(必选)','base','POST'),(2,'2022-04-15 17:31:14.854','2022-04-15 17:31:14.854',NULL,'/backend/jwt/jsonInBlacklist','jwt加入黑名单(退出，必选)','jwt','POST'),(3,'2022-04-15 17:31:14.854','2022-04-15 17:31:14.854',NULL,'/backend/user/deleteUser','删除用户','系统用户','DELETE'),(4,'2022-04-15 17:31:14.854','2022-04-15 17:31:14.854',NULL,'/backend/user/admin_register','用户注册','系统用户','POST'),(5,'2022-04-15 17:31:14.854','2022-11-08 11:47:02.250',NULL,'/backend/user/getUserList','获取用户列表','系统用户','GET'),(6,'2022-04-15 17:31:14.854','2022-04-15 17:31:14.854',NULL,'/backend/user/setUserInfo','设置用户信息','系统用户','PUT'),(7,'2022-04-15 17:31:14.854','2022-04-15 17:31:14.854',NULL,'/backend/user/setSelfInfo','设置自身信息(必选)','系统用户','PUT'),(8,'2022-04-15 17:31:14.854','2022-04-15 17:31:14.854',NULL,'/backend/user/getUserInfo','获取自身信息(必选)','系统用户','GET'),(9,'2022-04-15 17:31:14.854','2022-04-15 17:31:14.854',NULL,'/backend/user/setUserAuthorities','设置权限组','系统用户','POST'),(10,'2022-04-15 17:31:14.854','2022-04-15 17:31:14.854',NULL,'/backend/user/changePassword','修改密码（建议选择)','系统用户','POST'),(11,'2022-04-15 17:31:14.854','2022-04-15 17:31:14.854',NULL,'/backend/user/setUserAuthority','修改用户角色(必选)','系统用户','POST'),(12,'2022-04-15 17:31:14.854','2022-04-15 17:31:14.854',NULL,'/backend/user/resetPassword','重置用户密码','系统用户','POST'),(13,'2022-04-15 17:31:14.854','2022-11-08 11:46:00.241',NULL,'/backend/api/createApi','创建api','api','POST'),(14,'2022-04-15 17:31:14.854','2022-05-27 17:51:11.682',NULL,'/backend/api/deleteApi/:id','删除Api','api','DELETE'),(15,'2022-04-15 17:31:14.854','2022-12-26 15:06:01.545',NULL,'/backend/api/updateApi/:id','更新Api','api','PUT'),(16,'2022-04-15 17:31:14.854','2022-04-15 17:31:14.854',NULL,'/backend/api/getApiList','获取api列表','api','GET'),(17,'2022-04-15 17:31:14.854','2022-04-15 17:31:14.854',NULL,'/backend/api/getAllApis','获取所有api','api','GET'),(18,'2022-04-15 17:31:14.854','2022-04-15 17:31:14.854',NULL,'/backend/api/getApiById/:id','获取api详细信息','api','GET'),(19,'2022-04-15 17:31:14.854','2022-04-15 17:31:14.854',NULL,'/backend/api/deleteApisByIds','批量删除api','api','DELETE'),(20,'2022-04-15 17:31:14.854','2022-04-15 17:31:14.854',NULL,'/backend/authority/copyAuthority','拷贝角色','角色','POST'),(21,'2022-04-15 17:31:14.854','2022-04-15 17:31:14.854',NULL,'/backend/authority/createAuthority','创建角色','角色','POST'),(22,'2022-04-15 17:31:14.854','2023-01-12 14:10:12.284',NULL,'/backend/authority/deleteAuthority','删除角色','角色','DELETE'),(23,'2022-04-15 17:31:14.854','2022-04-15 17:31:14.854',NULL,'/backend/authority/updateAuthority','更新角色信息','角色','PUT'),(24,'2022-04-15 17:31:14.854','2022-04-15 17:31:14.854',NULL,'/backend/authority/getAuthorityList','获取角色列表','角色','GET'),(25,'2022-04-15 17:31:14.854','2022-04-15 17:31:14.854',NULL,'/backend/authority/setDataAuthority','设置角色资源权限','角色','POST'),(26,'2022-04-15 17:31:14.854','2022-04-15 17:31:14.854',NULL,'/backend/casbin/updateCasbin','更改角色api权限','casbin','POST'),(27,'2022-04-15 17:31:14.854','2022-11-22 08:37:50.114',NULL,'/backend/casbin/getPolicyPathByAuthorityId/:id','获取权限列表','casbin','GET'),(28,'2022-04-15 17:31:14.854','2022-04-15 17:31:14.854',NULL,'/backend/menu/addBaseMenu','新增菜单','菜单','POST'),(29,'2022-04-15 17:31:14.854','2022-10-14 15:41:03.128',NULL,'/backend/menu/getMenu','获取菜单树(必选)','菜单','GET'),(30,'2022-04-15 17:31:14.854','2022-11-08 12:04:46.417',NULL,'/backend/menu/deleteBaseMenu/:id','删除菜单','菜单','DELETE'),(31,'2022-04-15 17:31:14.854','2022-10-14 15:41:22.678',NULL,'/backend/menu/updateBaseMenu','更新菜单','菜单','PUT'),(32,'2022-04-15 17:31:14.854','2022-10-14 15:41:48.505',NULL,'/backend/menu/getBaseMenuById/:id','根据id获取菜单','菜单','GET'),(33,'2022-04-15 17:31:14.854','2022-11-08 11:50:07.775',NULL,'/backend/menu/getMenuList','分页获取基础menu列表','菜单','GET'),(34,'2022-04-15 17:31:14.854','2022-11-08 11:50:14.770',NULL,'/backend/menu/getBaseMenuTree','获取用户动态路由','菜单','GET'),(35,'2022-04-15 17:31:14.854','2022-11-08 11:50:24.567',NULL,'/backend/menu/getMenuAuthority','获取指定角色menu','菜单','GET'),(36,'2022-04-15 17:31:14.854','2022-04-15 17:31:14.854',NULL,'/backend/menu/addMenuAuthority','增加menu和角色关联关系','菜单','POST'),(37,'2022-04-15 17:31:14.854','2022-11-08 14:00:08.362',NULL,'/backend/fileUploadAndDownload/findFile','寻找目标文件（秒传）','分片上传','GET'),(38,'2022-04-15 17:31:14.854','2022-04-15 17:31:14.854',NULL,'/backend/fileUploadAndDownload/breakpointContinue','断点续传','分片上传','POST'),(39,'2022-04-15 17:31:14.854','2022-04-15 17:31:14.854',NULL,'/backend/fileUploadAndDownload/breakpointContinueFinish','断点续传完成','分片上传','POST'),(40,'2022-04-15 17:31:14.854','2022-04-15 17:31:14.854',NULL,'/backend/fileUploadAndDownload/removeChunk','上传完成移除文件','分片上传','POST'),(41,'2022-04-15 17:31:14.854','2022-04-15 17:31:14.854',NULL,'/backend/fileUploadAndDownload/upload','文件上传示例','文件上传与下载','POST'),(42,'2022-04-15 17:31:14.854','2022-11-08 13:51:20.334',NULL,'/backend/fileUploadAndDownload/deleteFile/:id','删除文件','文件上传与下载','DELETE'),(43,'2022-04-15 17:31:14.854','2022-11-08 13:49:02.690',NULL,'/backend/fileUploadAndDownload/editFileName','文件名或者备注编辑','文件上传与下载','PUT'),(44,'2022-04-15 17:31:14.854','2022-11-08 13:47:18.201',NULL,'/backend/fileUploadAndDownload/getFileList','获取上传文件列表','文件上传与下载','GET'),(45,'2022-04-15 17:31:14.854','2022-11-22 08:36:52.059',NULL,'/backend/system/getServerInfo','获取服务器信息','系统服务','GET'),(46,'2022-04-15 17:31:14.854','2022-11-22 08:37:12.745',NULL,'/backend/system/getSystemConfig','获取配置文件内容','系统服务','GET'),(47,'2022-04-15 17:31:14.854','2022-11-22 14:39:43.724',NULL,'/backend/system/setSystemConfig','设置配置文件内容','系统服务','PUT'),(48,'2022-04-15 17:31:14.854','2022-04-15 17:31:14.854',NULL,'/backend/customer/customer','更新客户','客户','PUT'),(49,'2022-04-15 17:31:14.854','2022-04-15 17:31:14.854',NULL,'/backend/customer/customer','创建客户','客户','POST'),(50,'2022-04-15 17:31:14.854','2022-04-15 17:31:14.854',NULL,'/backend/customer/customer','删除客户','客户','DELETE'),(51,'2022-04-15 17:31:14.854','2022-04-15 17:31:14.854',NULL,'/backend/customer/customer','获取单一客户','客户','GET'),(52,'2022-04-15 17:31:14.854','2022-04-15 17:31:14.854',NULL,'/backend/customer/customerList','获取客户列表','客户','GET'),(53,'2022-04-15 17:31:14.854','2022-04-15 17:31:14.854',NULL,'/backend/autoCode/getDB','获取所有数据库','代码生成器','GET'),(54,'2022-04-15 17:31:14.854','2022-04-15 17:31:14.854',NULL,'/backend/autoCode/getTables','获取数据库表','代码生成器','GET'),(55,'2022-04-15 17:31:14.854','2022-04-15 17:31:14.854',NULL,'/backend/autoCode/createTemp','自动化代码','代码生成器','POST'),(56,'2022-04-15 17:31:14.854','2022-04-15 17:31:14.854',NULL,'/backend/autoCode/preview','预览自动化代码','代码生成器','POST'),(57,'2022-04-15 17:31:14.854','2022-04-15 17:31:14.854',NULL,'/backend/autoCode/getColumn','获取所选table的所有字段','代码生成器','GET'),(58,'2022-04-15 17:31:14.854','2022-04-15 17:31:14.854',NULL,'/backend/autoCode/createPackage','生成包(package)','包（pkg）生成器','POST'),(59,'2022-04-15 17:31:14.854','2022-04-15 17:31:14.854',NULL,'/backend/autoCode/getPackage','获取所有包(package)','包（pkg）生成器','POST'),(60,'2022-04-15 17:31:14.854','2022-04-15 17:31:14.854',NULL,'/backend/autoCode/delPackage','删除包(package)','包（pkg）生成器','POST'),(61,'2022-04-15 17:31:14.854','2022-04-15 17:31:14.854',NULL,'/backend/autoCode/getMeta','获取meta信息','代码生成器历史','POST'),(62,'2022-04-15 17:31:14.854','2022-04-15 17:31:14.854',NULL,'/backend/autoCode/rollback','回滚自动生成代码','代码生成器历史','POST'),(63,'2022-04-15 17:31:14.854','2022-04-15 17:31:14.854',NULL,'/backend/autoCode/getSysHistory','查询回滚记录','代码生成器历史','POST'),(64,'2022-04-15 17:31:14.854','2022-04-15 17:31:14.854',NULL,'/backend/autoCode/delSysHistory','删除回滚记录','代码生成器历史','POST'),(65,'2022-04-15 17:31:14.854','2022-04-15 17:31:14.854',NULL,'/backend/sysDictionaryDetail/updateSysDictionaryDetail','更新字典内容','系统字典详情','PUT'),(66,'2022-04-15 17:31:14.854','2022-04-15 17:31:14.854',NULL,'/backend/sysDictionaryDetail/createSysDictionaryDetail','新增字典内容','系统字典详情','POST'),(67,'2022-04-15 17:31:14.854','2022-04-15 17:31:14.854',NULL,'/backend/sysDictionaryDetail/deleteSysDictionaryDetail','删除字典内容','系统字典详情','DELETE'),(68,'2022-04-15 17:31:14.854','2022-04-15 17:31:14.854',NULL,'/backend/sysDictionaryDetail/findSysDictionaryDetail','根据ID获取字典内容','系统字典详情','GET'),(69,'2022-04-15 17:31:14.854','2022-04-15 17:31:14.854',NULL,'/backend/sysDictionaryDetail/getSysDictionaryDetailList','获取字典内容列表','系统字典详情','GET'),(70,'2022-04-15 17:31:14.854','2022-04-15 17:31:14.854',NULL,'/backend/sysDictionary/createSysDictionary','新增字典','系统字典','POST'),(71,'2022-04-15 17:31:14.854','2022-04-15 17:31:14.854',NULL,'/backend/sysDictionary/deleteSysDictionary','删除字典','系统字典','DELETE'),(72,'2022-04-15 17:31:14.854','2022-04-15 17:31:14.854',NULL,'/backend/sysDictionary/updateSysDictionary','更新字典','系统字典','PUT'),(73,'2022-04-15 17:31:14.854','2022-04-15 17:31:14.854',NULL,'/backend/sysDictionary/findSysDictionary','根据ID获取字典','系统字典','GET'),(74,'2022-04-15 17:31:14.854','2022-04-15 17:31:14.854',NULL,'/backend/sysDictionary/getSysDictionaryList','获取字典列表','系统字典','GET'),(75,'2022-04-15 17:31:14.854','2022-04-15 17:31:14.854',NULL,'/backend/sysOperationRecord/createSysOperationRecord','新增操作记录','操作记录','POST'),(76,'2022-04-15 17:31:14.854','2022-04-15 17:31:14.854',NULL,'/backend/sysOperationRecord/findSysOperationRecord','根据ID获取操作记录','操作记录','GET'),(77,'2022-04-15 17:31:14.854','2022-04-15 17:31:14.854',NULL,'/backend/sysOperationRecord/getSysOperationRecordList','获取操作记录列表','操作记录','GET'),(78,'2022-04-15 17:31:14.854','2022-04-15 17:31:14.854',NULL,'/backend/sysOperationRecord/deleteSysOperationRecord','删除操作记录','操作记录','DELETE'),(79,'2022-04-15 17:31:14.854','2022-04-15 17:31:14.854',NULL,'/backend/sysOperationRecord/deleteSysOperationRecordByIds','批量删除操作历史','操作记录','DELETE'),(80,'2022-04-15 17:31:14.854','2022-04-15 17:31:14.854',NULL,'/backend/simpleUploader/upload','插件版分片上传','断点续传(插件版)','POST'),(81,'2022-04-15 17:31:14.854','2022-04-15 17:31:14.854',NULL,'/backend/simpleUploader/checkFileMd5','文件完整度验证','断点续传(插件版)','GET'),(82,'2022-04-15 17:31:14.854','2022-04-15 17:31:14.854',NULL,'/backend/simpleUploader/mergeFileMd5','上传完成合并文件','断点续传(插件版)','GET'),(83,'2022-04-15 17:31:14.854','2022-04-15 17:31:14.854',NULL,'/backend/email/emailTest','发送测试邮件','email','POST'),(84,'2022-04-15 17:31:14.854','2022-04-15 17:31:14.854',NULL,'/backend/email/emailSend','发送邮件示例','email','POST'),(85,'2022-04-15 17:31:14.854','2022-04-15 17:31:14.854',NULL,'/backend/excel/importExcel','导入excel','excel','POST'),(86,'2022-04-15 17:31:14.854','2022-04-15 17:31:14.854',NULL,'/backend/excel/loadExcel','下载excel','excel','GET'),(87,'2022-04-15 17:31:14.854','2022-04-15 17:31:14.854',NULL,'/backend/excel/exportExcel','导出excel','excel','POST'),(88,'2022-04-15 17:31:14.854','2022-04-15 17:31:14.854',NULL,'/backend/excel/downloadTemplate','下载excel模板','excel','GET'),(89,'2022-04-15 17:31:14.854','2022-04-15 17:31:14.854',NULL,'/backend/authorityBtn/setAuthorityBtn','设置按钮权限','按钮权限','POST'),(90,'2022-04-15 17:31:14.854','2022-11-08 14:36:04.360',NULL,'/backend/authorityBtn/getAuthorityBtn','获取已有按钮权限','按钮权限','GET'),(91,'2022-04-15 17:31:14.854','2022-11-08 14:36:27.844',NULL,'/backend/authorityBtn/canRemoveAuthorityBtn/:id','删除按钮','按钮权限','DELETE'),(92,'2022-04-19 10:34:25.564','2022-12-26 14:55:53.316',NULL,'/backend/api/getAllApisList','获取api列表','api','GET'),(93,'2022-05-10 18:03:11.745','2022-05-10 18:03:11.745','2022-05-11 08:55:31.209','/backend/appTab/createAppTab','新增appTab表','appTab','POST'),(94,'2022-05-10 18:03:11.745','2022-05-10 18:03:11.745','2022-05-11 08:55:31.209','/backend/appTab/deleteAppTab','删除appTab表','appTab','DELETE'),(95,'2022-05-10 18:03:11.746','2022-05-10 18:03:11.746','2022-05-11 08:55:31.209','/backend/appTab/deleteAppTabByIds','批量删除appTab表','appTab','DELETE'),(96,'2022-05-10 18:03:11.746','2022-05-10 18:03:11.746','2022-05-11 08:55:31.209','/backend/appTab/updateAppTab','更新appTab表','appTab','PUT'),(97,'2022-05-10 18:03:11.747','2022-05-10 18:03:11.747','2022-05-11 08:55:31.209','/backend/appTab/findAppTab','根据ID获取appTab表','appTab','GET'),(98,'2022-05-10 18:03:11.747','2022-05-10 18:03:11.747','2022-05-11 08:55:31.209','/backend/appTab/getAppTabList','获取appTab表列表','appTab','GET'),(99,'2022-05-11 09:18:35.689','2022-12-21 01:33:58.479',NULL,'/backend/tag/createTag','新增tag表','tag','POST'),(100,'2022-05-11 09:18:35.690','2022-12-21 02:05:25.087',NULL,'/backend/tag/deleteTag/:id','删除tag表','tag','DELETE'),(101,'2022-05-11 09:18:35.690','2022-12-21 01:34:39.702',NULL,'/backend/tag/deleteTagByIds','批量删除tag表','tag','DELETE'),(102,'2022-05-11 09:18:35.691','2022-12-21 01:34:55.171',NULL,'/backend/tag/updateTag','更新tag表','tag','PUT'),(103,'2022-05-11 09:18:35.691','2022-12-21 02:05:33.927',NULL,'/backend/tag/findTag/:id','根据ID获取tag表','tag','GET'),(104,'2022-05-11 09:18:35.692','2022-12-21 01:35:42.252',NULL,'/backend/tag/getTagList','获取Tag列表','tag','GET'),(105,'2022-05-20 17:58:53.064','2022-05-20 17:58:53.064','2022-05-20 18:02:08.045','/backend/etst','test','test','GET'),(106,'2022-05-23 11:47:09.354','2022-05-23 11:47:09.354','2022-05-23 11:47:15.383','/backend/.test','test','test','GET'),(107,'2022-05-27 09:34:46.984','2022-05-27 09:48:27.713','2022-05-27 10:05:22.628','/backend/test','test12312312325345345','test','GET'),(108,'2022-05-27 10:28:46.044','2022-05-27 10:28:52.359','2022-05-27 10:28:56.824','/backend/test111','test55555566666','test','GET'),(109,'2022-07-28 19:05:14.572','2022-07-28 19:05:14.572',NULL,'/backend/article/createArticle','创建article','article','POST'),(110,'2022-07-28 19:06:09.029','2022-12-26 10:21:44.001',NULL,'/backend/article/deleteArticle/:id','delete article','article','DELETE'),(111,'2022-07-28 19:07:12.764','2022-07-28 19:07:12.764',NULL,'/backend/article/deleteArticleByIds','delete ids article','article','DELETE'),(112,'2022-07-28 19:07:45.765','2022-12-26 10:21:51.934',NULL,'/backend/article/updateArticle/:id','update article','article','PUT'),(113,'2022-07-28 19:08:30.000','2022-12-26 10:21:22.170',NULL,'/backend/article/findArticle/:id','查询单个 article','article','GET'),(114,'2022-07-28 19:09:03.036','2022-07-28 19:10:32.208',NULL,'/backend/article/getArticleList','article 列表','article','GET'),(115,'2022-09-05 09:07:20.267','2022-09-05 09:07:20.267',NULL,'/backend/comment/createComment','新增comment表','comment','POST'),(116,'2022-09-05 09:07:20.268','2024-05-16 14:04:29.817',NULL,'/backend/comment/deleteComment/:id','删除comment表','comment','DELETE'),(117,'2022-09-05 09:07:20.269','2022-09-05 09:07:20.269',NULL,'/backend/comment/deleteCommentByIds','批量删除comment表','comment','DELETE'),(118,'2022-09-05 09:07:20.269','2024-05-16 14:04:42.804',NULL,'/backend/comment/updateComment/:id','更新comment表','comment','PUT'),(119,'2022-09-05 09:07:20.270','2024-05-16 14:04:59.103',NULL,'/backend/comment/getComment/:id','根据ID获取comment表','comment','GET'),(120,'2022-09-05 09:07:20.270','2022-09-05 09:07:20.270',NULL,'/backend/comment/getCommentList','获取comment表列表','comment','GET'),(121,'2022-10-17 11:30:49.955','2023-01-05 19:25:53.575',NULL,'/backend/base_message/getBaseMessage/:id','获取基本信息','基本信息','GET'),(122,'2022-10-17 14:46:50.062','2022-10-17 14:46:50.062',NULL,'/backend/base_message/createBaseMessage','创建基本信息','基本信息','POST'),(123,'2022-10-17 14:47:48.621','2022-10-17 14:47:48.621',NULL,'/backend/base_message/updateBaseMessage','更新基本信息','基本信息','PUT'),(124,'2022-11-08 10:07:56.877','2022-11-08 10:07:56.877',NULL,'/backend/user/getUserCount','用户数量','系统用户','GET'),(125,'2022-11-08 13:43:56.277','2022-11-16 14:14:47.125',NULL,'/backend/comment/getCommentTreeList','Tree comment列表','comment','GET'),(126,'2022-11-16 14:14:07.166','2022-11-16 14:14:07.166',NULL,'/backend/comment/pariseComment','comment点赞','comment','PUT'),(127,'2022-11-16 18:25:24.972','2022-11-16 18:25:24.972',NULL,'/backend/base_message/upload_file','上传图片','基本信息','POST'),(128,'2022-11-17 11:35:28.558','2022-11-17 11:40:27.539',NULL,'/backend/problem/getIsSetting/:id','是否用户已设置问题','用户问题设置','GET'),(129,'2022-11-23 10:29:17.569','2022-11-23 10:29:17.569',NULL,'/backend/tasking/start','开启任务','任务','GET'),(130,'2022-11-25 16:17:22.075','2022-11-25 16:17:34.313',NULL,'/backend/problem/updateProblem','设置密保','用户问题设置','PUT'),(131,'2022-11-25 16:20:20.485','2022-11-25 16:20:27.995',NULL,'/backend/problem/getProblemList/:id','获取密保列表','用户问题设置','GET'),(132,'2022-11-25 16:21:18.766','2022-11-25 16:21:25.469',NULL,'/backend/problem/verifyAnswer','验证问题','用户问题设置','POST'),(133,'2023-01-12 16:06:36.228','2023-01-12 16:06:36.228',NULL,'/backend/user/getFlowmeter','ip的流量访问','流量','GET'),(134,'2023-02-08 17:05:22.019','2023-02-08 17:05:22.019',NULL,'/backend/article/putArticleByIds','批量更新 是否首页显示','article','PUT'),(135,'2023-03-29 15:29:29.482','2023-03-29 15:29:29.482',NULL,'/backend/frontend-user/createUser','创建frontend-user','frontend-user','POST'),(136,'2023-03-29 15:29:29.482','2023-03-29 15:29:29.482',NULL,'/backend/frontend-user/findUser/:id','查看frontend-user','frontend-user','GET'),(137,'2023-03-29 15:29:29.482','2023-03-29 15:29:29.482',NULL,'/backend/frontend-user/deleteUser/:id','删除frontend-user','frontend-user','DELETE'),(138,'2023-03-29 15:29:29.482','2023-03-29 15:29:29.482',NULL,'/backend/frontend-user/deleteUserByIds','批量删除frontend-user','frontend-user','DELETE'),(139,'2023-03-29 15:29:29.482','2023-03-29 15:29:29.482',NULL,'/backend/frontend-user/getUserList','查询frontend-user','frontend-user','GET'),(140,'2023-03-29 15:29:29.482','2023-04-06 11:24:42.368',NULL,'/backend/frontend-user/updateUser/:id','更新frontend-user','frontend-user','PUT'),(141,'2023-03-31 16:53:33.150','2023-03-31 16:53:33.150',NULL,'/backend/article/getArticleReading','文章阅读总量','article','GET'),(142,'2023-05-08 08:20:05.313','2023-05-08 08:20:05.313',NULL,'/backend/system/reloadSystem','系统服务重启','服务重启','POST'),(143,'2023-06-13 12:01:09.810','2023-06-21 17:58:51.373',NULL,'/backend/github/createGithub','更新Github commit 到本地','GithubCommit','GET'),(144,'2023-06-13 12:03:15.611','2023-06-13 12:03:15.611',NULL,'/backend/github/getGithubList','获取github commit 记录','GithubCommit','GET'),(145,'2023-06-30 15:18:13.651','2023-06-30 15:18:13.651',NULL,'/moblieUser/createMoblieUser','新增moblieUser表','moblieUser','POST'),(146,'2023-06-30 15:18:13.652','2023-06-30 15:18:13.652',NULL,'/moblieUser/deleteMoblieUser','删除moblieUser表','moblieUser','DELETE'),(147,'2023-06-30 15:18:13.652','2023-06-30 15:18:13.652',NULL,'/moblieUser/deleteMoblieUserByIds','批量删除moblieUser表','moblieUser','DELETE'),(148,'2023-06-30 15:18:13.653','2023-06-30 15:18:13.653',NULL,'/moblieUser/updateMoblieUser','更新moblieUser表','moblieUser','PUT'),(149,'2023-06-30 15:18:13.654','2023-06-30 15:18:13.654',NULL,'/moblieUser/findMoblieUser','根据ID获取moblieUser表','moblieUser','GET'),(150,'2023-06-30 15:18:13.655','2023-06-30 15:18:13.655',NULL,'/moblieUser/getMoblieUserList','获取moblieUser表列表','moblieUser','GET'),(151,'2023-06-30 16:13:35.368','2023-06-30 17:18:02.940',NULL,'/backend/mobile/createMobileUser','创建mobile_user','mobile_user','POST'),(152,'2023-06-30 16:15:10.665','2023-06-30 17:18:10.761',NULL,'/backend/mobile/deleteMobileUser/:id','删除mobile_user','mobile_user','DELETE'),(153,'2023-06-30 16:15:56.673','2023-06-30 17:18:17.908',NULL,'/backend/mobile/deleteMobileUserByIds','批量删除mobile_user','mobile_user','DELETE'),(154,'2023-06-30 16:22:25.207','2023-06-30 17:18:27.557',NULL,'/backend/mobile/updateMobileUser/:id','更新mobile_user','mobile_user','PUT'),(155,'2023-06-30 16:24:09.063','2023-06-30 17:18:38.429',NULL,'/backend/mobile/findMobileUser/:id','查询mobile_user','mobile_user','GET'),(156,'2023-06-30 16:24:46.376','2023-06-30 17:18:48.259',NULL,'/backend/mobile/getMobileUserList','查询mobile_user','mobile_user','GET'),(157,'2023-10-08 17:26:48.736','2023-10-08 17:26:48.736',NULL,'/backend/api/getAllApisList','test','test','POST'),(158,'2023-11-24 15:51:10.912','2023-11-24 15:51:10.912',NULL,'/backend/excel/getFileInfoList','上传文件列表','excel','GET'),(159,'2023-11-24 17:58:02.484','2024-05-31 16:56:25.554',NULL,' /backend/fileUploadAndDownload/deleteFileBreakpoint/:id','删除上传文件','分片上传','DELETE'),(160,'2024-05-28 15:58:14.693','2024-05-28 15:58:14.693','2024-05-28 17:12:58.215','/exaFiles/createExaFiles','新增exaFiles表','exaFiles','POST'),(161,'2024-05-28 15:58:14.694','2024-05-28 15:58:14.694','2024-05-29 10:12:42.000','/exaFiles/deleteExaFiles','删除exaFiles表','exaFiles','DELETE'),(162,'2024-05-28 15:58:14.695','2024-05-28 15:58:14.695','2024-05-29 10:12:43.000','/exaFiles/deleteExaFilesByIds','批量删除exaFiles表','exaFiles','DELETE'),(163,'2024-05-28 15:58:14.696','2024-05-28 15:58:14.696','2024-05-29 10:12:44.000','/exaFiles/updateExaFiles','更新exaFiles表','exaFiles','PUT'),(164,'2024-05-28 15:58:14.697','2024-05-28 15:58:14.697','2024-05-29 10:12:46.000','/exaFiles/findExaFiles','根据ID获取exaFiles表','exaFiles','GET'),(165,'2024-05-28 15:58:14.698','2024-05-28 15:58:14.698','2024-05-29 10:12:47.000','/exaFiles/getExaFilesList','获取exaFiles表列表','exaFiles','GET'),(166,'2024-05-29 11:36:07.146','2024-05-31 08:42:35.201',NULL,'/backend/fileUploadAndDownload/getFileBreakpoint','断点上传文件','分片上传','GET');
/*!40000 ALTER TABLE `sys_apis` ENABLE KEYS */;
UNLOCK TABLES;

--
-- Table structure for table `sys_authorities`
--

DROP TABLE IF EXISTS `sys_authorities`;
/*!40101 SET @saved_cs_client     = @@character_set_client */;
/*!50503 SET character_set_client = utf8mb4 */;
CREATE TABLE `sys_authorities` (
  `created_at` datetime(3) DEFAULT NULL,
  `updated_at` datetime(3) DEFAULT NULL,
  `deleted_at` datetime(3) DEFAULT NULL,
  `authority_id` varchar(90) CHARACTER SET utf8mb4 COLLATE utf8mb4_general_ci NOT NULL COMMENT '角色ID',
  `authority_name` varchar(191) CHARACTER SET utf8mb4 COLLATE utf8mb4_general_ci DEFAULT NULL COMMENT '角色名',
  `parent_id` varchar(191) CHARACTER SET utf8mb4 COLLATE utf8mb4_general_ci DEFAULT NULL COMMENT '父角色ID',
  `default_router` varchar(191) CHARACTER SET utf8mb4 COLLATE utf8mb4_general_ci DEFAULT 'dashboard' COMMENT '默认菜单',
  PRIMARY KEY (`authority_id`),
  UNIQUE KEY `authority_id` (`authority_id`)
) ENGINE=InnoDB DEFAULT CHARSET=utf8mb4 COLLATE=utf8mb4_general_ci;
/*!40101 SET character_set_client = @saved_cs_client */;

--
-- Dumping data for table `sys_authorities`
--

LOCK TABLES `sys_authorities` WRITE;
/*!40000 ALTER TABLE `sys_authorities` DISABLE KEYS */;
INSERT INTO `sys_authorities` VALUES ('2023-06-16 10:51:17.273','2023-06-16 10:51:32.698',NULL,'66','前台用户','0','about'),('2022-04-15 17:31:14.865','2024-05-31 08:35:55.082',NULL,'888','后台用户','0','dashboard'),('2022-04-15 17:31:14.865','2023-07-18 10:21:19.743',NULL,'8881','后台用户子角色','888','dashboard'),('2022-04-15 17:31:14.865','2022-11-23 17:51:35.614',NULL,'9528','测试角色','0','dashboard'),('2022-10-27 14:37:37.070','2023-08-30 16:01:51.066',NULL,'998','专门角色','8881','dashboard');
/*!40000 ALTER TABLE `sys_authorities` ENABLE KEYS */;
UNLOCK TABLES;

--
-- Table structure for table `sys_authority_btns`
--

DROP TABLE IF EXISTS `sys_authority_btns`;
/*!40101 SET @saved_cs_client     = @@character_set_client */;
/*!50503 SET character_set_client = utf8mb4 */;
CREATE TABLE `sys_authority_btns` (
  `authority_id` varchar(191) CHARACTER SET utf8mb4 COLLATE utf8mb4_general_ci DEFAULT NULL COMMENT '角色ID',
  `sys_menu_id` bigint unsigned DEFAULT NULL COMMENT '菜单ID',
  `sys_base_menu_btn_id` bigint unsigned DEFAULT NULL COMMENT '菜单按钮ID'
) ENGINE=InnoDB DEFAULT CHARSET=utf8mb4 COLLATE=utf8mb4_general_ci;
/*!40101 SET character_set_client = @saved_cs_client */;

--
-- Dumping data for table `sys_authority_btns`
--

LOCK TABLES `sys_authority_btns` WRITE;
/*!40000 ALTER TABLE `sys_authority_btns` DISABLE KEYS */;
INSERT INTO `sys_authority_btns` VALUES ('888',3,1),('888',2,2),('888',4,3);
/*!40000 ALTER TABLE `sys_authority_btns` ENABLE KEYS */;
UNLOCK TABLES;

--
-- Table structure for table `sys_authority_menus`
--

DROP TABLE IF EXISTS `sys_authority_menus`;
/*!40101 SET @saved_cs_client     = @@character_set_client */;
/*!50503 SET character_set_client = utf8mb4 */;
CREATE TABLE `sys_authority_menus` (
  `sys_base_menu_id` bigint unsigned NOT NULL,
  `sys_authority_authority_id` varchar(90) CHARACTER SET utf8mb4 COLLATE utf8mb4_general_ci NOT NULL COMMENT '角色ID',
  PRIMARY KEY (`sys_base_menu_id`,`sys_authority_authority_id`)
) ENGINE=InnoDB DEFAULT CHARSET=utf8mb4 COLLATE=utf8mb4_general_ci;
/*!40101 SET character_set_client = @saved_cs_client */;

--
-- Dumping data for table `sys_authority_menus`
--

LOCK TABLES `sys_authority_menus` WRITE;
/*!40000 ALTER TABLE `sys_authority_menus` DISABLE KEYS */;
INSERT INTO `sys_authority_menus` VALUES (1,'888'),(1,'8881'),(1,'9528'),(1,'998'),(2,'66'),(2,'888'),(2,'8881'),(2,'9528'),(2,'998'),(3,'888'),(3,'8881'),(3,'998'),(4,'888'),(4,'8881'),(4,'998'),(5,'888'),(5,'8881'),(5,'998'),(6,'888'),(6,'8881'),(6,'998'),(7,'888'),(7,'8881'),(7,'998'),(8,'888'),(8,'8881'),(8,'9528'),(8,'998'),(9,'888'),(9,'8881'),(9,'998'),(10,'888'),(10,'8881'),(10,'998'),(11,'888'),(11,'8881'),(11,'998'),(12,'888'),(12,'8881'),(12,'998'),(13,'888'),(13,'998'),(14,'888'),(14,'8881'),(14,'998'),(15,'888'),(15,'8881'),(15,'998'),(17,'888'),(17,'8881'),(17,'998'),(18,'888'),(18,'998'),(19,'888'),(19,'998'),(20,'888'),(20,'998'),(24,'888'),(24,'998'),(25,'888'),(25,'998'),(26,'888'),(26,'998'),(28,'66'),(28,'888'),(28,'8881'),(28,'998'),(29,'66'),(29,'888'),(29,'8881'),(29,'998'),(30,'66'),(30,'888'),(30,'998'),(31,'888'),(32,'66'),(32,'888'),(32,'998'),(36,'888'),(37,'888'),(38,'888');
/*!40000 ALTER TABLE `sys_authority_menus` ENABLE KEYS */;
UNLOCK TABLES;

--
-- Table structure for table `sys_auto_code_histories`
--

DROP TABLE IF EXISTS `sys_auto_code_histories`;
/*!40101 SET @saved_cs_client     = @@character_set_client */;
/*!50503 SET character_set_client = utf8mb4 */;
CREATE TABLE `sys_auto_code_histories` (
  `id` bigint unsigned NOT NULL AUTO_INCREMENT,
  `created_at` datetime(3) DEFAULT NULL,
  `updated_at` datetime(3) DEFAULT NULL,
  `deleted_at` datetime(3) DEFAULT NULL,
  `package` varchar(191) CHARACTER SET utf8mb4 COLLATE utf8mb4_general_ci DEFAULT NULL,
  `table_name` varchar(191) CHARACTER SET utf8mb4 COLLATE utf8mb4_general_ci DEFAULT NULL,
  `request_meta` text CHARACTER SET utf8mb4 COLLATE utf8mb4_general_ci,
  `auto_code_path` text CHARACTER SET utf8mb4 COLLATE utf8mb4_general_ci,
  `injection_meta` text CHARACTER SET utf8mb4 COLLATE utf8mb4_general_ci,
  `struct_name` varchar(191) CHARACTER SET utf8mb4 COLLATE utf8mb4_general_ci DEFAULT NULL,
  `struct_cn_name` varchar(191) CHARACTER SET utf8mb4 COLLATE utf8mb4_general_ci DEFAULT NULL,
  `api_ids` varchar(191) CHARACTER SET utf8mb4 COLLATE utf8mb4_general_ci DEFAULT NULL,
  `flag` bigint DEFAULT NULL,
  PRIMARY KEY (`id`),
  KEY `idx_sys_auto_code_histories_deleted_at` (`deleted_at`)
) ENGINE=InnoDB AUTO_INCREMENT=1 DEFAULT CHARSET=utf8mb4 COLLATE=utf8mb4_general_ci;
/*!40101 SET character_set_client = @saved_cs_client */;

--
-- Dumping data for table `sys_auto_code_histories`
--

LOCK TABLES `sys_auto_code_histories` WRITE;
/*!40000 ALTER TABLE `sys_auto_code_histories` DISABLE KEYS */;
INSERT INTO `sys_auto_code_histories` VALUES (1,'2022-05-10 18:03:11.793','2022-05-11 08:55:31.234',NULL,'app','tag','{\"structName\":\"AppTab\",\"tableName\":\"tag\",\"packageName\":\"appTab\",\"humpPackageName\":\"tag\",\"abbreviation\":\"appTab\",\"description\":\"appTab表\",\"autoCreateApiToSql\":true,\"autoMoveFile\":true,\"fields\":[{\"fieldName\":\"Name\",\"fieldDesc\":\"客户名\",\"fieldType\":\"string\",\"fieldJson\":\"name\",\"dataTypeLong\":\"191\",\"comment\":\"客户名\",\"columnName\":\"name\",\"fieldSearchType\":\"\",\"dictType\":\"\"},{\"fieldName\":\"SysUserId\",\"fieldDesc\":\"管理ID\",\"fieldType\":\"bool\",\"fieldJson\":\"sysUserId\",\"dataTypeLong\":\"\",\"comment\":\"管理ID\",\"columnName\":\"sys_user_id\",\"fieldSearchType\":\"\",\"dictType\":\"\"}],\"package\":\"app\"}','/home/jianghao/man/gin-vue-admin/server/api/v1/app/tag.go;/home/jianghao/man/gin-vue-admin/server/model/app/tag.go;/home/jianghao/man/gin-vue-admin/server/model/app/request/tag.go;/home/jianghao/man/gin-vue-admin/server/router/app/tag.go;/home/jianghao/man/gin-vue-admin/server/service/app/tag.go;/home/jianghao/man/gin-vue-admin/web/src/api/appTab.js;/home/jianghao/man/gin-vue-admin/web/src/view/appTab/appTabForm.vue;/home/jianghao/man/gin-vue-admin/web/src/view/appTab/appTab.vue;','/home/jianghao/man/gin-vue-admin/server/initialize/gorm.go@MysqlTables@app.AppTab{},;/home/jianghao/man/gin-vue-admin/server/initialize/router.go@Routers@appRouter.InitAppTabRouter(PrivateGroup);/home/jianghao/man/gin-vue-admin/server/api/v1/app/enter.go@ApiGroup@AppTabApi;/home/jianghao/man/gin-vue-admin/server/router/app/enter.go@RouterGroup@AppTabRouter;/home/jianghao/man/gin-vue-admin/server/service/app/enter.go@ServiceGroup@AppTabService;','AppTab','appTab表','93;94;95;96;97;98;',1),(2,'2022-05-11 09:18:35.726','2022-05-11 09:18:35.726',NULL,'app','tag','{\"structName\":\"AppTab\",\"tableName\":\"tag\",\"packageName\":\"appTab\",\"humpPackageName\":\"tag\",\"abbreviation\":\"appTab\",\"description\":\"appTab表\",\"autoCreateApiToSql\":true,\"autoMoveFile\":true,\"fields\":[{\"fieldName\":\"Name\",\"fieldDesc\":\"标签名称\",\"fieldType\":\"string\",\"fieldJson\":\"name\",\"dataTypeLong\":\"191\",\"comment\":\"标签名称\",\"columnName\":\"name\",\"fieldSearchType\":\"\",\"dictType\":\"\"},{\"fieldName\":\"Status\",\"fieldDesc\":\"状态\",\"fieldType\":\"bool\",\"fieldJson\":\"status\",\"dataTypeLong\":\"\",\"comment\":\"状态\",\"columnName\":\"status\",\"fieldSearchType\":\"\",\"dictType\":\"\"}],\"package\":\"app\"}','/home/jianghao/man/gin-vue-admin/server/api/v1/app/tag.go;/home/jianghao/man/gin-vue-admin/server/model/app/tag.go;/home/jianghao/man/gin-vue-admin/server/model/app/request/tag.go;/home/jianghao/man/gin-vue-admin/server/router/app/tag.go;/home/jianghao/man/gin-vue-admin/server/service/app/tag.go;/home/jianghao/man/gin-vue-admin/web/src/api/appTab.js;/home/jianghao/man/gin-vue-admin/web/src/view/appTab/appTabForm.vue;/home/jianghao/man/gin-vue-admin/web/src/view/appTab/appTab.vue;','/home/jianghao/man/gin-vue-admin/server/initialize/gorm.go@MysqlTables@app.AppTab{},;/home/jianghao/man/gin-vue-admin/server/initialize/router.go@Routers@appRouter.InitAppTabRouter(PrivateGroup);/home/jianghao/man/gin-vue-admin/server/api/v1/app/enter.go@ApiGroup@AppTabApi;/home/jianghao/man/gin-vue-admin/server/router/app/enter.go@RouterGroup@AppTabRouter;/home/jianghao/man/gin-vue-admin/server/service/app/enter.go@ServiceGroup@AppTabService;','AppTab','appTab表','99;100;101;102;103;104;',0),(3,'2022-09-05 09:07:20.288','2022-09-05 09:07:20.288',NULL,'comment','comment','{\"structName\":\"Comment\",\"tableName\":\"comment\",\"packageName\":\"comment\",\"humpPackageName\":\"comment\",\"abbreviation\":\"comment\",\"description\":\"comment表\",\"autoCreateApiToSql\":true,\"autoMoveFile\":false,\"fields\":[{\"fieldName\":\"ArticleId\",\"fieldDesc\":\"文章id\",\"fieldType\":\"int\",\"fieldJson\":\"articleId\",\"dataTypeLong\":\"10\",\"comment\":\"文章id\",\"columnName\":\"article_id\",\"fieldSearchType\":\"\",\"dictType\":\"\"},{\"fieldName\":\"ParentId\",\"fieldDesc\":\"上级\",\"fieldType\":\"int\",\"fieldJson\":\"parentId\",\"dataTypeLong\":\"10\",\"comment\":\"上级\",\"columnName\":\"parent_id\",\"fieldSearchType\":\"\",\"dictType\":\"\"},{\"fieldName\":\"Content\",\"fieldDesc\":\"内容\",\"fieldType\":\"string\",\"fieldJson\":\"content\",\"dataTypeLong\":\"\",\"comment\":\"内容\",\"columnName\":\"content\",\"fieldSearchType\":\"\",\"dictType\":\"\"},{\"fieldName\":\"UserId\",\"fieldDesc\":\"用户id\",\"fieldType\":\"int\",\"fieldJson\":\"userId\",\"dataTypeLong\":\"20\",\"comment\":\"用户id\",\"columnName\":\"user_id\",\"fieldSearchType\":\"\",\"dictType\":\"\"},{\"fieldName\":\"Praise\",\"fieldDesc\":\"赞数\",\"fieldType\":\"int\",\"fieldJson\":\"praise\",\"dataTypeLong\":\"10\",\"comment\":\"赞数\",\"columnName\":\"praise\",\"fieldSearchType\":\"\",\"dictType\":\"\"}],\"package\":\"comment\"}','','','Comment','comment表','115;116;117;118;119;120;',0),(4,'2023-06-30 15:18:13.660','2023-06-30 15:18:13.660',NULL,'mobile','moblie_user','{\"structName\":\"MoblieUser\",\"tableName\":\"moblie_user\",\"packageName\":\"moblieUser\",\"humpPackageName\":\"moblie_user\",\"abbreviation\":\"moblieUser\",\"description\":\"moblieUser表\",\"autoCreateApiToSql\":true,\"autoMoveFile\":false,\"fields\":[{\"fieldName\":\"Username\",\"fieldDesc\":\"用户名\",\"fieldType\":\"string\",\"fieldJson\":\"username\",\"dataTypeLong\":\"50\",\"comment\":\"用户名\",\"columnName\":\"username\",\"fieldSearchType\":\"\",\"dictType\":\"\"},{\"fieldName\":\"Nickname\",\"fieldDesc\":\"昵称\",\"fieldType\":\"string\",\"fieldJson\":\"nickname\",\"dataTypeLong\":\"50\",\"comment\":\"昵称\",\"columnName\":\"nickname\",\"fieldSearchType\":\"\",\"dictType\":\"\"},{\"fieldName\":\"Realname\",\"fieldDesc\":\"真实姓名\",\"fieldType\":\"string\",\"fieldJson\":\"realname\",\"dataTypeLong\":\"50\",\"comment\":\"真实姓名\",\"columnName\":\"realname\",\"fieldSearchType\":\"\",\"dictType\":\"\"},{\"fieldName\":\"Avatar\",\"fieldDesc\":\"头像\",\"fieldType\":\"string\",\"fieldJson\":\"avatar\",\"dataTypeLong\":\"255\",\"comment\":\"头像\",\"columnName\":\"avatar\",\"fieldSearchType\":\"\",\"dictType\":\"\"},{\"fieldName\":\"Sign\",\"fieldDesc\":\"简介\",\"fieldType\":\"string\",\"fieldJson\":\"sign\",\"dataTypeLong\":\"255\",\"comment\":\"简介\",\"columnName\":\"sign\",\"fieldSearchType\":\"\",\"dictType\":\"\"},{\"fieldName\":\"Cover\",\"fieldDesc\":\"主页封面\",\"fieldType\":\"string\",\"fieldJson\":\"cover\",\"dataTypeLong\":\"255\",\"comment\":\"主页封面\",\"columnName\":\"cover\",\"fieldSearchType\":\"\",\"dictType\":\"\"},{\"fieldName\":\"Content\",\"fieldDesc\":\"用户信息\",\"fieldType\":\"string\",\"fieldJson\":\"content\",\"dataTypeLong\":\"\",\"comment\":\"用户信息\",\"columnName\":\"content\",\"fieldSearchType\":\"\",\"dictType\":\"\"},{\"fieldName\":\"Password\",\"fieldDesc\":\"密码\",\"fieldType\":\"string\",\"fieldJson\":\"password\",\"dataTypeLong\":\"100\",\"comment\":\"密码\",\"columnName\":\"password\",\"fieldSearchType\":\"\",\"dictType\":\"\"},{\"fieldName\":\"Industry\",\"fieldDesc\":\"行业\",\"fieldType\":\"bool\",\"fieldJson\":\"industry\",\"dataTypeLong\":\"\",\"comment\":\"行业\",\"columnName\":\"industry\",\"fieldSearchType\":\"\",\"dictType\":\"\"},{\"fieldName\":\"Gender\",\"fieldDesc\":\"性别\",\"fieldType\":\"bool\",\"fieldJson\":\"gender\",\"dataTypeLong\":\"\",\"comment\":\"性别\",\"columnName\":\"gender\",\"fieldSearchType\":\"\",\"dictType\":\"\"}],\"package\":\"mobile\"}','','','MoblieUser','moblieUser表','145;146;147;148;149;150;',0),(5,'2024-05-28 16:04:57.387','2024-05-28 16:04:57.387',NULL,'','exa_files','{\"structName\":\"ExaFiles\",\"tableName\":\"exa_files\",\"packageName\":\"exaFiles\",\"humpPackageName\":\"exa_files\",\"abbreviation\":\"exaFiles\",\"description\":\"exaFiles表\",\"autoCreateApiToSql\":true,\"autoMoveFile\":false,\"fields\":[{\"fieldName\":\"FileName\",\"fieldDesc\":\"fileName字段\",\"fieldType\":\"string\",\"fieldJson\":\"fileName\",\"dataTypeLong\":\"191\",\"comment\":\"\",\"columnName\":\"file_name\",\"fieldSearchType\":\"\",\"dictType\":\"\"},{\"fieldName\":\"FilePath\",\"fieldDesc\":\"filePath字段\",\"fieldType\":\"string\",\"fieldJson\":\"filePath\",\"dataTypeLong\":\"191\",\"comment\":\"\",\"columnName\":\"file_path\",\"fieldSearchType\":\"\",\"dictType\":\"\"},{\"fieldName\":\"ChunkTotal\",\"fieldDesc\":\"chunkTotal字段\",\"fieldType\":\"int\",\"fieldJson\":\"chunkTotal\",\"dataTypeLong\":\"19\",\"comment\":\"\",\"columnName\":\"chunk_total\",\"fieldSearchType\":\"\",\"dictType\":\"\"},{\"fieldName\":\"FileMd5\",\"fieldDesc\":\"fileMd5字段\",\"fieldType\":\"string\",\"fieldJson\":\"fileMd5\",\"dataTypeLong\":\"191\",\"comment\":\"\",\"columnName\":\"file_md5\",\"fieldSearchType\":\"\",\"dictType\":\"\"},{\"fieldName\":\"IsFinish\",\"fieldDesc\":\"isFinish字段\",\"fieldType\":\"bool\",\"fieldJson\":\"isFinish\",\"dataTypeLong\":\"\",\"comment\":\"\",\"columnName\":\"is_finish\",\"fieldSearchType\":\"\",\"dictType\":\"\"}],\"package\":\"\"}','','','ExaFiles','exaFiles表','',0),(6,'2024-05-28 16:09:37.189','2024-05-28 16:09:37.189',NULL,'','exa_files','{\"structName\":\"ExaFiles\",\"tableName\":\"exa_files\",\"packageName\":\"exaFiles\",\"humpPackageName\":\"exa_files\",\"abbreviation\":\"exaFiles\",\"description\":\"exaFiles表\",\"autoCreateApiToSql\":true,\"autoMoveFile\":false,\"fields\":[{\"fieldName\":\"FileName\",\"fieldDesc\":\"fileName字段\",\"fieldType\":\"string\",\"fieldJson\":\"fileName\",\"dataTypeLong\":\"191\",\"comment\":\"\",\"columnName\":\"file_name\",\"fieldSearchType\":\"\",\"dictType\":\"\"},{\"fieldName\":\"FilePath\",\"fieldDesc\":\"filePath字段\",\"fieldType\":\"string\",\"fieldJson\":\"filePath\",\"dataTypeLong\":\"191\",\"comment\":\"\",\"columnName\":\"file_path\",\"fieldSearchType\":\"\",\"dictType\":\"\"},{\"fieldName\":\"ChunkTotal\",\"fieldDesc\":\"chunkTotal字段\",\"fieldType\":\"int\",\"fieldJson\":\"chunkTotal\",\"dataTypeLong\":\"19\",\"comment\":\"\",\"columnName\":\"chunk_total\",\"fieldSearchType\":\"\",\"dictType\":\"\"},{\"fieldName\":\"FileMd5\",\"fieldDesc\":\"fileMd5字段\",\"fieldType\":\"string\",\"fieldJson\":\"fileMd5\",\"dataTypeLong\":\"191\",\"comment\":\"\",\"columnName\":\"file_md5\",\"fieldSearchType\":\"\",\"dictType\":\"\"},{\"fieldName\":\"IsFinish\",\"fieldDesc\":\"isFinish字段\",\"fieldType\":\"bool\",\"fieldJson\":\"isFinish\",\"dataTypeLong\":\"\",\"comment\":\"\",\"columnName\":\"is_finish\",\"fieldSearchType\":\"\",\"dictType\":\"\"}],\"package\":\"\"}','','','ExaFiles','exaFiles表','',0),(7,'2024-05-28 16:09:57.239','2024-05-28 16:09:57.239',NULL,'','exa_files','{\"structName\":\"ExaFiles\",\"tableName\":\"exa_files\",\"packageName\":\"exaFiles\",\"humpPackageName\":\"exa_files\",\"abbreviation\":\"exaFiles\",\"description\":\"exaFiles表\",\"autoCreateApiToSql\":true,\"autoMoveFile\":false,\"fields\":[{\"fieldName\":\"FileName\",\"fieldDesc\":\"fileName字段\",\"fieldType\":\"string\",\"fieldJson\":\"fileName\",\"dataTypeLong\":\"191\",\"comment\":\"\",\"columnName\":\"file_name\",\"fieldSearchType\":\"\",\"dictType\":\"\"},{\"fieldName\":\"FilePath\",\"fieldDesc\":\"filePath字段\",\"fieldType\":\"string\",\"fieldJson\":\"filePath\",\"dataTypeLong\":\"191\",\"comment\":\"\",\"columnName\":\"file_path\",\"fieldSearchType\":\"\",\"dictType\":\"\"},{\"fieldName\":\"ChunkTotal\",\"fieldDesc\":\"chunkTotal字段\",\"fieldType\":\"int\",\"fieldJson\":\"chunkTotal\",\"dataTypeLong\":\"19\",\"comment\":\"\",\"columnName\":\"chunk_total\",\"fieldSearchType\":\"\",\"dictType\":\"\"},{\"fieldName\":\"FileMd5\",\"fieldDesc\":\"fileMd5字段\",\"fieldType\":\"string\",\"fieldJson\":\"fileMd5\",\"dataTypeLong\":\"191\",\"comment\":\"\",\"columnName\":\"file_md5\",\"fieldSearchType\":\"\",\"dictType\":\"\"},{\"fieldName\":\"IsFinish\",\"fieldDesc\":\"isFinish字段\",\"fieldType\":\"bool\",\"fieldJson\":\"isFinish\",\"dataTypeLong\":\"\",\"comment\":\"\",\"columnName\":\"is_finish\",\"fieldSearchType\":\"\",\"dictType\":\"\"}],\"package\":\"\"}','','','ExaFiles','exaFiles表','',0);
/*!40000 ALTER TABLE `sys_auto_code_histories` ENABLE KEYS */;
UNLOCK TABLES;

--
-- Table structure for table `sys_auto_codes`
--

DROP TABLE IF EXISTS `sys_auto_codes`;
/*!40101 SET @saved_cs_client     = @@character_set_client */;
/*!50503 SET character_set_client = utf8mb4 */;
CREATE TABLE `sys_auto_codes` (
  `id` bigint unsigned NOT NULL AUTO_INCREMENT,
  `created_at` datetime(3) DEFAULT NULL,
  `updated_at` datetime(3) DEFAULT NULL,
  `deleted_at` datetime(3) DEFAULT NULL,
  `package_name` varchar(191) CHARACTER SET utf8mb4 COLLATE utf8mb4_general_ci DEFAULT NULL COMMENT '包名',
  `label` varchar(191) CHARACTER SET utf8mb4 COLLATE utf8mb4_general_ci DEFAULT NULL COMMENT '展示名',
  `desc` varchar(191) CHARACTER SET utf8mb4 COLLATE utf8mb4_general_ci DEFAULT NULL COMMENT '描述',
  PRIMARY KEY (`id`),
  KEY `idx_sys_auto_codes_deleted_at` (`deleted_at`)
) ENGINE=InnoDB AUTO_INCREMENT=1 DEFAULT CHARSET=utf8mb4 COLLATE=utf8mb4_general_ci;
/*!40101 SET character_set_client = @saved_cs_client */;

--
-- Dumping data for table `sys_auto_codes`
--

LOCK TABLES `sys_auto_codes` WRITE;
/*!40000 ALTER TABLE `sys_auto_codes` DISABLE KEYS */;
INSERT INTO `sys_auto_codes` VALUES (1,'2022-04-24 11:46:26.293','2022-04-24 11:46:26.293',NULL,'order','订单','订单'),(2,'2022-05-10 18:01:59.591','2022-05-10 18:01:59.591',NULL,'app','app','tab'),(3,'2022-09-05 08:56:41.328','2022-09-05 08:56:41.328',NULL,'comment','comment','评论'),(4,'2023-06-30 15:16:41.336','2023-06-30 15:16:41.336',NULL,'mobile','移动端','移动端');
/*!40000 ALTER TABLE `sys_auto_codes` ENABLE KEYS */;
UNLOCK TABLES;

--
-- Table structure for table `sys_base_menu_btns`
--

DROP TABLE IF EXISTS `sys_base_menu_btns`;
/*!40101 SET @saved_cs_client     = @@character_set_client */;
/*!50503 SET character_set_client = utf8mb4 */;
CREATE TABLE `sys_base_menu_btns` (
  `id` bigint unsigned NOT NULL AUTO_INCREMENT,
  `created_at` datetime(3) DEFAULT NULL,
  `updated_at` datetime(3) DEFAULT NULL,
  `deleted_at` datetime(3) DEFAULT NULL,
  `name` varchar(191) CHARACTER SET utf8mb4 COLLATE utf8mb4_general_ci DEFAULT NULL COMMENT '按钮关键key',
  `desc` varchar(191) CHARACTER SET utf8mb4 COLLATE utf8mb4_general_ci DEFAULT NULL,
  `sys_base_menu_id` bigint unsigned DEFAULT NULL COMMENT '菜单ID',
  PRIMARY KEY (`id`),
  KEY `idx_sys_base_menu_btns_deleted_at` (`deleted_at`)
) ENGINE=InnoDB AUTO_INCREMENT=1 DEFAULT CHARSET=utf8mb4 COLLATE=utf8mb4_general_ci;
/*!40101 SET character_set_client = @saved_cs_client */;

--
-- Dumping data for table `sys_base_menu_btns`
--

LOCK TABLES `sys_base_menu_btns` WRITE;
/*!40000 ALTER TABLE `sys_base_menu_btns` DISABLE KEYS */;
INSERT INTO `sys_base_menu_btns` VALUES (1,'2022-11-15 14:18:01.349','2022-11-15 14:18:01.349',NULL,'点击','点击',3),(2,'2022-11-15 14:29:24.214','2022-11-15 14:29:24.214',NULL,'about','关于我按钮权限',2),(3,'2022-11-15 15:46:22.152','2022-11-15 15:46:22.152',NULL,'b','wuwu',4),(4,'2022-11-25 16:37:01.049','2022-11-25 16:37:01.049',NULL,'setting','密保设置',8);
/*!40000 ALTER TABLE `sys_base_menu_btns` ENABLE KEYS */;
UNLOCK TABLES;

--
-- Table structure for table `sys_base_menu_parameters`
--

DROP TABLE IF EXISTS `sys_base_menu_parameters`;
/*!40101 SET @saved_cs_client     = @@character_set_client */;
/*!50503 SET character_set_client = utf8mb4 */;
CREATE TABLE `sys_base_menu_parameters` (
  `id` bigint unsigned NOT NULL AUTO_INCREMENT,
  `created_at` datetime(3) DEFAULT NULL,
  `updated_at` datetime(3) DEFAULT NULL,
  `deleted_at` datetime(3) DEFAULT NULL,
  `sys_base_menu_id` bigint unsigned DEFAULT NULL,
  `type` varchar(191) CHARACTER SET utf8mb4 COLLATE utf8mb4_general_ci DEFAULT NULL COMMENT '地址栏携带参数为params还是query',
  `key` varchar(191) CHARACTER SET utf8mb4 COLLATE utf8mb4_general_ci DEFAULT NULL COMMENT '地址栏携带参数的key',
  `value` varchar(191) CHARACTER SET utf8mb4 COLLATE utf8mb4_general_ci DEFAULT NULL COMMENT '地址栏携带参数的值',
  PRIMARY KEY (`id`),
  KEY `idx_sys_base_menu_parameters_deleted_at` (`deleted_at`)
) ENGINE=InnoDB DEFAULT CHARSET=utf8mb4 COLLATE=utf8mb4_general_ci;
/*!40101 SET character_set_client = @saved_cs_client */;

--
-- Dumping data for table `sys_base_menu_parameters`
--

LOCK TABLES `sys_base_menu_parameters` WRITE;
/*!40000 ALTER TABLE `sys_base_menu_parameters` DISABLE KEYS */;
/*!40000 ALTER TABLE `sys_base_menu_parameters` ENABLE KEYS */;
UNLOCK TABLES;

--
-- Table structure for table `sys_base_menus`
--

DROP TABLE IF EXISTS `sys_base_menus`;
/*!40101 SET @saved_cs_client     = @@character_set_client */;
/*!50503 SET character_set_client = utf8mb4 */;
CREATE TABLE `sys_base_menus` (
  `id` bigint unsigned NOT NULL AUTO_INCREMENT,
  `created_at` datetime(3) DEFAULT NULL,
  `updated_at` datetime(3) DEFAULT NULL,
  `deleted_at` datetime(3) DEFAULT NULL,
  `menu_level` bigint unsigned DEFAULT NULL,
  `parent_id` varchar(191) CHARACTER SET utf8mb4 COLLATE utf8mb4_general_ci DEFAULT NULL COMMENT '父菜单ID',
  `path` varchar(191) CHARACTER SET utf8mb4 COLLATE utf8mb4_general_ci DEFAULT NULL COMMENT '路由path',
  `name` varchar(191) CHARACTER SET utf8mb4 COLLATE utf8mb4_general_ci DEFAULT NULL COMMENT '路由name',
  `hidden` tinyint(1) DEFAULT NULL COMMENT '是否在列表隐藏',
  `component` varchar(191) CHARACTER SET utf8mb4 COLLATE utf8mb4_general_ci DEFAULT NULL COMMENT '对应前端文件路径',
  `sort` bigint DEFAULT NULL COMMENT '排序标记',
  `keep_alive` tinyint(1) DEFAULT NULL COMMENT '附加属性',
  `default_menu` tinyint(1) DEFAULT NULL COMMENT '附加属性',
  `title` varchar(191) CHARACTER SET utf8mb4 COLLATE utf8mb4_general_ci DEFAULT NULL COMMENT '附加属性',
  `icon` varchar(191) CHARACTER SET utf8mb4 COLLATE utf8mb4_general_ci DEFAULT NULL COMMENT '附加属性',
  `close_tab` tinyint(1) DEFAULT NULL COMMENT '附加属性',
  PRIMARY KEY (`id`),
  KEY `idx_sys_base_menus_deleted_at` (`deleted_at`)
) ENGINE=InnoDB AUTO_INCREMENT=1 DEFAULT CHARSET=utf8mb4 COLLATE=utf8mb4_general_ci;
/*!40101 SET character_set_client = @saved_cs_client */;

--
-- Dumping data for table `sys_base_menus`
--

LOCK TABLES `sys_base_menus` WRITE;
/*!40000 ALTER TABLE `sys_base_menus` DISABLE KEYS */;
INSERT INTO `sys_base_menus` VALUES (1,'2022-04-15 17:31:14.908','2022-12-28 09:36:52.829',NULL,0,'0','dashboard','dashboard',0,'views/dashboard/index.vue',1,0,0,'仪表盘','odometer',0),(2,'2022-04-15 17:31:14.908','2022-11-23 17:36:51.988',NULL,0,'0','about','about',0,'views/about/index.vue',7,0,0,'关于我','info-filled',0),(3,'2022-04-15 17:31:14.908','2022-12-09 12:14:05.584',NULL,0,'0','admin','superAdmin',0,'views/superAdmin/index.vue',3,0,0,'权限设置','user',0),(4,'2022-04-15 17:31:14.908','2023-01-13 10:05:57.562',NULL,0,'3','authority','authority',0,'views/superAdmin/authority/authority.vue',1,1,0,'角色管理','avatar',0),(5,'2022-04-15 17:31:14.908','2022-08-23 09:37:52.081',NULL,0,'3','menu','menu',0,'views/superAdmin/menu/menu.vue',2,0,0,'菜单管理','tickets',0),(6,'2022-04-15 17:31:14.908','2023-01-13 10:11:19.908',NULL,0,'3','api','api',0,'views/superAdmin/api/api.vue',3,1,0,'api管理','platform',0),(7,'2022-04-15 17:31:14.908','2022-04-15 17:31:14.908',NULL,0,'3','user','user',0,'views/superAdmin/user/user.vue',4,0,0,'用户管理','coordinate',0),(8,'2022-04-15 17:31:14.908','2022-11-25 16:37:01.050',NULL,0,'0','person','person',1,'views/person/person.vue',4,0,0,'个人信息','message',0),(9,'2022-04-15 17:31:14.908','2023-07-06 09:27:09.159',NULL,0,'0','example','example',0,'views/example/index.vue',6,0,0,'文件','briefcase',0),(10,'2022-04-15 17:31:14.908','2022-04-15 17:31:14.908',NULL,0,'9','excel','excel',0,'views/example/excel/excel.vue',4,0,0,'excel导入导出','takeaway-box',0),(11,'2022-04-15 17:31:14.908','2022-10-28 10:46:43.007',NULL,0,'9','upload','upload',0,'views/example/upload/upload.vue',5,0,0,'媒体库（上传下载）','upload-filled',0),(12,'2022-04-15 17:31:14.908','2022-04-15 17:31:14.908',NULL,0,'9','breakpoint','breakpoint',0,'views/example/breakpoint/breakpoint.vue',6,0,0,'断点续传','upload-filled',0),(13,'2022-04-15 17:31:14.908','2022-04-15 17:31:14.908',NULL,0,'9','customer','customer',0,'views/example/customer/customer.vue',7,0,0,'客户列表（资源示例）','avatar',0),(14,'2022-04-15 17:31:14.908','2022-04-15 17:31:14.908',NULL,0,'0','systemTools','systemTools',0,'views/systemTools/index.vue',5,0,0,'系统工具','tools',0),(15,'2022-04-15 17:31:14.908','2022-12-09 13:55:12.986',NULL,0,'14','autoCode','autoCode',0,'views/systemTools/autoCode/index.vue',1,0,0,'代码生成器','cpu',0),(16,'2022-04-15 17:31:14.908','2023-04-14 09:40:30.532','2024-03-24 11:31:02.873',0,'14','formCreate','formCreate',0,'views/systemTools/formCreate/index.vue',2,0,0,'表单生成器','magic-stick',0),(17,'2022-04-15 17:31:14.908','2022-04-15 17:31:14.908',NULL,0,'14','system','system',0,'views/systemTools/system/system.vue',3,0,0,'系统配置','operation',0),(18,'2022-04-15 17:31:14.908','2022-04-15 17:31:14.908',NULL,0,'3','dictionary','dictionary',0,'views/superAdmin/dictionary/sysDictionary.vue',5,0,0,'字典管理','notebook',0),(19,'2022-04-15 17:31:14.908','2022-07-12 19:13:04.204',NULL,0,'3','dictionaryDetail/:id','dictionaryDetail',1,'views/superAdmin/dictionary/sysDictionaryDetail.vue',1,0,0,'字典详情','burger',0),(20,'2022-04-15 17:31:14.908','2022-04-15 17:31:14.908',NULL,0,'3','operation','operation',0,'views/superAdmin/operation/sysOperationRecord.vue',6,0,0,'操作历史','pie-chart',0),(21,'2022-04-15 17:31:14.908','2022-04-15 17:31:14.908',NULL,0,'9','simpleUploader','simpleUploader',0,'views/example/simpleUploader/simpleUploader',6,0,0,'断点续传（插件版）','upload',0),(23,'2022-04-15 17:31:14.908','2022-04-15 17:31:14.908','2022-04-15 17:31:14.908',0,'0','state','state',0,'views/system/state.vue',6,0,0,'服务器状态','cloudy',0),(24,'2022-04-15 17:31:14.908','2022-04-15 17:31:14.908',NULL,0,'14','autoCodeAdmin','autoCodeAdmin',0,'views/systemTools/autoCodeAdmin/index.vue',1,0,0,'自动化代码管理','magic-stick',0),(25,'2022-04-15 17:31:14.908','2022-04-15 17:31:14.908',NULL,0,'14','autoCodeEdit/:id','autoCodeEdit',1,'views/systemTools/autoCode/index.vue',0,0,0,'自动化代码（复用）','magic-stick',0),(26,'2022-04-15 17:31:14.908','2022-04-15 17:31:14.908',NULL,0,'14','autoPkg','autoPkg',0,'views/systemTools/autoPkg/autoPkg.vue',0,0,0,'自动化package','folder',0),(27,'2022-05-10 18:11:09.959','2022-05-10 18:14:35.944','2022-05-11 09:00:22.249',0,'0','tab','tab',0,'views/appTab/appTab.vue',6,1,0,'标签','delete-location',1),(28,'2022-05-11 09:45:25.707','2022-12-21 01:40:10.181',NULL,0,'29','tag','tag',0,'views/article/tag/tag.vue',6,0,0,'标签','aim',0),(29,'2022-07-28 18:57:27.071','2022-10-28 10:52:17.464',NULL,0,'0','article','article',0,'views/article/index.vue',6,0,0,'文章管理','burger',0),(30,'2022-08-02 16:51:26.813','2022-08-02 16:56:22.657',NULL,0,'29','articles','articles',0,'views/article/articles/article.vue',7,0,0,'文章','document',0),(31,'2022-08-30 19:26:06.091','2022-08-30 19:26:06.091',NULL,0,'0','state','state',0,'views/system/state.vue',8,0,0,'服务器状态','partly-cloudy',0),(32,'2022-09-05 16:30:37.960','2022-11-08 12:01:37.608',NULL,0,'29','comment','comment',0,'views/article/comment/comment.vue',3,0,0,'评论','chat-dot-square',0),(33,'2022-10-17 15:00:06.524','2022-10-17 15:00:16.715','2023-04-14 18:17:14.729',0,'29','baseMessage','baseMessage',0,'views/article/baseMessage/baseMessage.vue',8,0,0,'基本信息','collection-tag',0),(34,'2022-11-08 12:02:07.552','2022-11-08 12:02:07.552','2022-11-08 12:09:29.513',0,'0','sdfsadf','sdfsadf',0,'sdfasdfasdfasd',12,0,0,'sdfasdfasdf','aim',0),(35,'2023-03-29 15:26:25.801','2023-03-29 15:26:36.645','2023-05-08 17:16:12.974',0,'29','users','users',0,'views/article/users/user.vue',8,0,0,'用户管理','avatar',0),(36,'2023-04-13 10:07:45.035','2023-04-13 10:09:14.579',NULL,0,'0','animation','animation',0,'views/animation/index.vue',9,0,0,'动画','bowl',0),(37,'2023-06-30 16:07:06.557','2023-06-30 16:08:59.174',NULL,0,'0','mobile','mobile',0,'views/mobile/index.vue',6,0,0,'移动','iphone',0),(38,'2023-06-30 16:30:09.784','2023-06-30 16:43:23.428',NULL,0,'37','mobileUser','mobileUser',0,'views/mobile/user/mobileUser.vue',1,0,0,'用户管理','user-filled',0);
/*!40000 ALTER TABLE `sys_base_menus` ENABLE KEYS */;
UNLOCK TABLES;

--
-- Table structure for table `sys_data_authority_id`
--

DROP TABLE IF EXISTS `sys_data_authority_id`;
/*!40101 SET @saved_cs_client     = @@character_set_client */;
/*!50503 SET character_set_client = utf8mb4 */;
CREATE TABLE `sys_data_authority_id` (
  `sys_authority_authority_id` varchar(90) CHARACTER SET utf8mb4 COLLATE utf8mb4_general_ci NOT NULL COMMENT '角色ID',
  `data_authority_id_authority_id` varchar(90) CHARACTER SET utf8mb4 COLLATE utf8mb4_general_ci NOT NULL COMMENT '角色ID',
  PRIMARY KEY (`sys_authority_authority_id`,`data_authority_id_authority_id`)
) ENGINE=InnoDB DEFAULT CHARSET=utf8mb4 COLLATE=utf8mb4_general_ci;
/*!40101 SET character_set_client = @saved_cs_client */;

--
-- Dumping data for table `sys_data_authority_id`
--

LOCK TABLES `sys_data_authority_id` WRITE;
/*!40000 ALTER TABLE `sys_data_authority_id` DISABLE KEYS */;
INSERT INTO `sys_data_authority_id` VALUES ('888','888'),('888','8881'),('888','9528'),('8881','888'),('8881','8881'),('8881','9528'),('9528','8881'),('9528','9528');
/*!40000 ALTER TABLE `sys_data_authority_id` ENABLE KEYS */;
UNLOCK TABLES;

--
-- Table structure for table `sys_dictionaries`
--

DROP TABLE IF EXISTS `sys_dictionaries`;
/*!40101 SET @saved_cs_client     = @@character_set_client */;
/*!50503 SET character_set_client = utf8mb4 */;
CREATE TABLE `sys_dictionaries` (
  `id` bigint unsigned NOT NULL AUTO_INCREMENT,
  `created_at` datetime(3) DEFAULT NULL,
  `updated_at` datetime(3) DEFAULT NULL,
  `deleted_at` datetime(3) DEFAULT NULL,
  `name` varchar(191) CHARACTER SET utf8mb4 COLLATE utf8mb4_general_ci DEFAULT NULL COMMENT '字典名（中）',
  `type` varchar(191) CHARACTER SET utf8mb4 COLLATE utf8mb4_general_ci DEFAULT NULL COMMENT '字典名（英）',
  `status` tinyint(1) DEFAULT NULL COMMENT '状态',
  `desc` varchar(191) CHARACTER SET utf8mb4 COLLATE utf8mb4_general_ci DEFAULT NULL COMMENT '描述',
  PRIMARY KEY (`id`),
  KEY `idx_sys_dictionaries_deleted_at` (`deleted_at`)
) ENGINE=InnoDB AUTO_INCREMENT=1 DEFAULT CHARSET=utf8mb4 COLLATE=utf8mb4_general_ci;
/*!40101 SET character_set_client = @saved_cs_client */;

--
-- Dumping data for table `sys_dictionaries`
--

LOCK TABLES `sys_dictionaries` WRITE;
/*!40000 ALTER TABLE `sys_dictionaries` DISABLE KEYS */;
INSERT INTO `sys_dictionaries` VALUES (1,'2022-04-15 17:31:14.876','2024-04-25 17:39:32.192',NULL,'性别','gender',1,'性别字典1111'),(2,'2022-04-15 17:31:14.876','2022-04-15 17:31:14.884',NULL,'数据库int类型','int',1,'int类型对应的数据库类型'),(3,'2022-04-15 17:31:14.876','2022-04-15 17:31:14.887',NULL,'数据库时间日期类型','time.Time',1,'数据库时间日期类型'),(4,'2022-04-15 17:31:14.876','2022-04-15 17:31:14.889',NULL,'数据库浮点型','float64',1,'数据库浮点型'),(5,'2022-04-15 17:31:14.876','2022-04-15 17:31:14.892',NULL,'数据库字符串','string',1,'数据库字符串'),(6,'2022-04-15 17:31:14.876','2022-04-15 17:31:14.896',NULL,'数据库bool类型','bool',1,'数据库bool类型'),(7,'2022-08-08 18:19:24.207','2022-08-08 18:19:24.207',NULL,'fasdfasdfasdfasdf','sdfasdfas',0,'dfasdfasdfasdfasdf'),(8,'2022-11-04 09:28:48.574','2022-11-04 09:29:03.429',NULL,'管理','card',1,'管理111'),(9,'2023-05-11 11:36:41.002','2023-05-11 11:36:41.002',NULL,'浩哥大佬','haogedalao',1,'123');
/*!40000 ALTER TABLE `sys_dictionaries` ENABLE KEYS */;
UNLOCK TABLES;

--
-- Table structure for table `sys_dictionary_details`
--

DROP TABLE IF EXISTS `sys_dictionary_details`;
/*!40101 SET @saved_cs_client     = @@character_set_client */;
/*!50503 SET character_set_client = utf8mb4 */;
CREATE TABLE `sys_dictionary_details` (
  `id` bigint unsigned NOT NULL AUTO_INCREMENT,
  `created_at` datetime(3) DEFAULT NULL,
  `updated_at` datetime(3) DEFAULT NULL,
  `deleted_at` datetime(3) DEFAULT NULL,
  `label` varchar(191) CHARACTER SET utf8mb4 COLLATE utf8mb4_general_ci DEFAULT NULL COMMENT '展示值',
  `value` bigint DEFAULT NULL COMMENT '字典值',
  `status` tinyint(1) DEFAULT NULL COMMENT '启用状态',
  `sort` bigint DEFAULT NULL COMMENT '排序标记',
  `sys_dictionary_id` bigint unsigned DEFAULT NULL COMMENT '关联标记',
  PRIMARY KEY (`id`),
  KEY `idx_sys_dictionary_details_deleted_at` (`deleted_at`)
) ENGINE=InnoDB AUTO_INCREMENT=1 DEFAULT CHARSET=utf8mb4 COLLATE=utf8mb4_general_ci;
/*!40101 SET character_set_client = @saved_cs_client */;

--
-- Dumping data for table `sys_dictionary_details`
--

LOCK TABLES `sys_dictionary_details` WRITE;
/*!40000 ALTER TABLE `sys_dictionary_details` DISABLE KEYS */;
INSERT INTO `sys_dictionary_details` VALUES (1,'2022-04-15 17:31:14.880','2022-04-15 17:31:14.880',NULL,'男',1,1,1,1),(2,'2022-04-15 17:31:14.880','2022-04-15 17:31:14.880',NULL,'女',2,1,2,1),(3,'2022-04-15 17:31:14.884','2022-04-15 17:31:14.884',NULL,'smallint',1,1,1,2),(4,'2022-04-15 17:31:14.884','2022-04-15 17:31:14.884',NULL,'mediumint',2,1,2,2),(5,'2022-04-15 17:31:14.884','2022-04-15 17:31:14.884',NULL,'int',3,1,3,2),(6,'2022-04-15 17:31:14.884','2022-04-15 17:31:14.884',NULL,'bigint',4,1,4,2),(7,'2022-04-15 17:31:14.887','2022-04-15 17:31:14.887',NULL,'date',0,1,0,3),(8,'2022-04-15 17:31:14.887','2022-04-15 17:31:14.887',NULL,'time',1,1,1,3),(9,'2022-04-15 17:31:14.887','2022-04-15 17:31:14.887',NULL,'year',2,1,2,3),(10,'2022-04-15 17:31:14.887','2022-04-15 17:31:14.887',NULL,'datetime',3,1,3,3),(11,'2022-04-15 17:31:14.887','2022-04-15 17:31:14.887',NULL,'timestamp',5,1,5,3),(12,'2022-04-15 17:31:14.889','2022-04-15 17:31:14.889',NULL,'float',0,1,0,4),(13,'2022-04-15 17:31:14.889','2022-04-15 17:31:14.889',NULL,'double',1,1,1,4),(14,'2022-04-15 17:31:14.889','2022-04-15 17:31:14.889',NULL,'decimal',2,1,2,4),(15,'2022-04-15 17:31:14.892','2022-04-15 17:31:14.892',NULL,'char',0,1,0,5),(16,'2022-04-15 17:31:14.892','2022-04-15 17:31:14.892',NULL,'varchar',1,1,1,5),(17,'2022-04-15 17:31:14.892','2022-04-15 17:31:14.892',NULL,'tinyblob',2,1,2,5),(18,'2022-04-15 17:31:14.892','2022-04-15 17:31:14.892',NULL,'tinytext',3,1,3,5),(19,'2022-04-15 17:31:14.892','2022-04-15 17:31:14.892',NULL,'text',4,1,4,5),(20,'2022-04-15 17:31:14.892','2022-04-15 17:31:14.892',NULL,'blob',5,1,5,5),(21,'2022-04-15 17:31:14.892','2022-04-15 17:31:14.892',NULL,'mediumblob',6,1,6,5),(22,'2022-04-15 17:31:14.892','2022-04-15 17:31:14.892',NULL,'mediumtext',7,1,7,5),(23,'2022-04-15 17:31:14.892','2022-04-15 17:31:14.892',NULL,'longblob',8,1,8,5),(24,'2022-04-15 17:31:14.892','2022-04-15 17:31:14.892',NULL,'longtext',9,1,9,5),(25,'2022-04-15 17:31:14.896','2022-04-15 17:31:14.896',NULL,'tinyint',0,1,0,6),(26,'2022-11-04 09:29:26.637','2022-11-04 09:29:33.185','2022-11-04 09:29:36.385','card1',2,1,1,8),(27,'2023-05-11 11:37:16.126','2023-05-11 11:37:16.126',NULL,'dage1',1,1,1,9),(28,'2023-05-11 11:37:26.446','2023-05-11 11:37:26.446',NULL,'dage2',2,1,1,9);
/*!40000 ALTER TABLE `sys_dictionary_details` ENABLE KEYS */;
UNLOCK TABLES;

--
-- Table structure for table `sys_operation_records`
--

DROP TABLE IF EXISTS `sys_operation_records`;
/*!40101 SET @saved_cs_client     = @@character_set_client */;
/*!50503 SET character_set_client = utf8mb4 */;
CREATE TABLE `sys_operation_records` (
  `id` bigint unsigned NOT NULL AUTO_INCREMENT,
  `created_at` datetime(3) DEFAULT NULL,
  `updated_at` datetime(3) DEFAULT NULL,
  `deleted_at` datetime(3) DEFAULT NULL,
  `ip` varchar(191) CHARACTER SET utf8mb4 COLLATE utf8mb4_general_ci DEFAULT NULL COMMENT '请求ip',
  `method` varchar(191) CHARACTER SET utf8mb4 COLLATE utf8mb4_general_ci DEFAULT NULL COMMENT '请求方法',
  `path` varchar(191) CHARACTER SET utf8mb4 COLLATE utf8mb4_general_ci DEFAULT NULL COMMENT '请求路径',
  `status` bigint DEFAULT NULL COMMENT '请求状态',
  `latency` bigint DEFAULT NULL COMMENT '延迟',
  `agent` varchar(191) CHARACTER SET utf8mb4 COLLATE utf8mb4_general_ci DEFAULT NULL COMMENT '代理',
  `error_message` varchar(191) CHARACTER SET utf8mb4 COLLATE utf8mb4_general_ci DEFAULT NULL COMMENT '错误信息',
  `body` text CHARACTER SET utf8mb4 COLLATE utf8mb4_general_ci COMMENT '请求Body',
  `resp` text CHARACTER SET utf8mb4 COLLATE utf8mb4_general_ci COMMENT '响应Body',
  `user_id` bigint unsigned DEFAULT NULL COMMENT '用户id',
  `type_port` tinyint(1) DEFAULT '0' COMMENT '区别前后台0是后台1前端2移动',
  PRIMARY KEY (`id`),
  KEY `idx_sys_operation_records_deleted_at` (`deleted_at`)
) ENGINE=InnoDB AUTO_INCREMENT=1 DEFAULT CHARSET=utf8mb4 COLLATE=utf8mb4_general_ci;
/*!40101 SET character_set_client = @saved_cs_client */;

--
-- Dumping data for table `sys_operation_records`
--

--
-- Table structure for table `sys_statistics`
--

DROP TABLE IF EXISTS `sys_statistics`;
/*!40101 SET @saved_cs_client     = @@character_set_client */;
/*!50503 SET character_set_client = utf8mb4 */;
CREATE TABLE `sys_statistics` (
  `id` int unsigned NOT NULL AUTO_INCREMENT,
  `created_at` datetime(3) DEFAULT NULL,
  `updated_at` datetime(3) DEFAULT NULL,
  `deleted_at` datetime(3) DEFAULT NULL,
  `table_name` varchar(100) CHARACTER SET utf8mb4 COLLATE utf8mb4_general_ci NOT NULL,
  `total` bigint unsigned DEFAULT '0',
  `stauts` tinyint unsigned DEFAULT '0',
  PRIMARY KEY (`id`)
) ENGINE=InnoDB DEFAULT CHARSET=utf8mb4 COLLATE=utf8mb4_general_ci COMMENT='统计表的记录数';
/*!40101 SET character_set_client = @saved_cs_client */;

--
-- Dumping data for table `sys_statistics`
--

LOCK TABLES `sys_statistics` WRITE;
/*!40000 ALTER TABLE `sys_statistics` DISABLE KEYS */;
/*!40000 ALTER TABLE `sys_statistics` ENABLE KEYS */;
UNLOCK TABLES;

--
-- Table structure for table `sys_user_authority`
--

DROP TABLE IF EXISTS `sys_user_authority`;
/*!40101 SET @saved_cs_client     = @@character_set_client */;
/*!50503 SET character_set_client = utf8mb4 */;
CREATE TABLE `sys_user_authority` (
  `sys_user_id` bigint unsigned NOT NULL,
  `sys_authority_authority_id` varchar(90) CHARACTER SET utf8mb4 COLLATE utf8mb4_general_ci NOT NULL COMMENT '角色ID',
  PRIMARY KEY (`sys_user_id`,`sys_authority_authority_id`)
) ENGINE=InnoDB DEFAULT CHARSET=utf8mb4 COLLATE=utf8mb4_general_ci;
/*!40101 SET character_set_client = @saved_cs_client */;

--
-- Dumping data for table `sys_user_authority`
--

LOCK TABLES `sys_user_authority` WRITE;
/*!40000 ALTER TABLE `sys_user_authority` DISABLE KEYS */;
INSERT INTO `sys_user_authority` VALUES (1,'888'),(1,'8881'),(1,'9528'),(2,'9528'),(3,'888'),(3,'8881'),(3,'998'),(4,'998'),(5,'66'),(6,'888'),(7,'9528');
/*!40000 ALTER TABLE `sys_user_authority` ENABLE KEYS */;
UNLOCK TABLES;

--
-- Table structure for table `sys_user_problems`
--

DROP TABLE IF EXISTS `sys_user_problems`;
/*!40101 SET @saved_cs_client     = @@character_set_client */;
/*!50503 SET character_set_client = utf8mb4 */;
CREATE TABLE `sys_user_problems` (
  `id` bigint unsigned NOT NULL AUTO_INCREMENT,
  `created_at` datetime(3) DEFAULT NULL,
  `updated_at` datetime(3) DEFAULT NULL,
  `deleted_at` datetime(3) DEFAULT NULL,
  `sys_user_id` bigint unsigned DEFAULT NULL COMMENT '管理ID',
  `problem` varchar(255) CHARACTER SET utf8mb4 COLLATE utf8mb4_general_ci NOT NULL COMMENT '问题',
  `answer` varchar(255) CHARACTER SET utf8mb4 COLLATE utf8mb4_general_ci NOT NULL COMMENT '答案',
  PRIMARY KEY (`id`)
) ENGINE=InnoDB AUTO_INCREMENT=1 DEFAULT CHARSET=utf8mb4 COLLATE=utf8mb4_general_ci;
/*!40101 SET character_set_client = @saved_cs_client */;

--
-- Dumping data for table `sys_user_problems`
--

LOCK TABLES `sys_user_problems` WRITE;
/*!40000 ALTER TABLE `sys_user_problems` DISABLE KEYS */;
INSERT INTO `sys_user_problems` VALUES (1,'2022-09-21 18:46:50.438','2022-09-25 17:40:57.997',NULL,3,'are you ok?','o No'),(2,'2022-09-21 19:23:34.569','2022-09-25 17:40:58.007',NULL,3,'are you ready','o No'),(3,'2022-09-22 09:54:19.067','2022-09-25 17:40:58.011',NULL,3,'are you ok?','o No'),(4,'2022-09-22 10:06:59.635','2022-09-25 17:40:58.012',NULL,3,'are you ok?','o No'),(5,'2022-09-29 11:37:05.970','2022-09-29 11:41:46.637',NULL,2,'you','yes'),(6,'2022-09-29 11:41:46.647','2022-09-29 11:41:46.647',NULL,2,'are you ready?','o Yes');
/*!40000 ALTER TABLE `sys_user_problems` ENABLE KEYS */;
UNLOCK TABLES;

--
-- Table structure for table `sys_users`
--

DROP TABLE IF EXISTS `sys_users`;
/*!40101 SET @saved_cs_client     = @@character_set_client */;
/*!50503 SET character_set_client = utf8mb4 */;
CREATE TABLE `sys_users` (
  `id` bigint unsigned NOT NULL AUTO_INCREMENT,
  `created_at` datetime(3) DEFAULT NULL,
  `updated_at` datetime(3) DEFAULT NULL,
  `deleted_at` datetime(3) DEFAULT NULL,
  `uuid` varchar(191) CHARACTER SET utf8mb4 COLLATE utf8mb4_general_ci DEFAULT NULL COMMENT '用户UUID',
  `username` varchar(191) CHARACTER SET utf8mb4 COLLATE utf8mb4_general_ci DEFAULT NULL COMMENT '用户登录名',
  `password` varchar(191) CHARACTER SET utf8mb4 COLLATE utf8mb4_general_ci DEFAULT NULL COMMENT '用户登录密码',
  `nick_name` varchar(191) CHARACTER SET utf8mb4 COLLATE utf8mb4_general_ci DEFAULT '系统用户' COMMENT '用户昵称',
  `side_mode` varchar(191) CHARACTER SET utf8mb4 COLLATE utf8mb4_general_ci DEFAULT 'dark' COMMENT '用户侧边主题',
  `header_img` varchar(191) CHARACTER SET utf8mb4 COLLATE utf8mb4_general_ci DEFAULT 'public/logo.png' COMMENT '用户头像',
  `base_color` varchar(191) CHARACTER SET utf8mb4 COLLATE utf8mb4_general_ci DEFAULT '#fff' COMMENT '基础颜色',
  `active_color` varchar(191) CHARACTER SET utf8mb4 COLLATE utf8mb4_general_ci DEFAULT '#1890ff' COMMENT '活跃颜色',
  `authority_id` varchar(191) CHARACTER SET utf8mb4 COLLATE utf8mb4_general_ci DEFAULT '888' COMMENT '用户角色ID',
  `phone` varchar(191) CHARACTER SET utf8mb4 COLLATE utf8mb4_general_ci DEFAULT NULL COMMENT '用户手机号',
  `email` varchar(191) CHARACTER SET utf8mb4 COLLATE utf8mb4_general_ci DEFAULT NULL COMMENT '用户邮箱',
  `head_img` varchar(191) CHARACTER SET utf8mb4 COLLATE utf8mb4_general_ci DEFAULT NULL,
  `introduction` varchar(255) CHARACTER SET utf8mb4 COLLATE utf8mb4_general_ci DEFAULT NULL COMMENT '用户的简介',
  `content` text CHARACTER SET utf8mb4 COLLATE utf8mb4_general_ci COMMENT '用户简介的内容',
  PRIMARY KEY (`id`),
  KEY `idx_sys_users_deleted_at` (`deleted_at`)
) ENGINE=InnoDB AUTO_INCREMENT=1 DEFAULT CHARSET=utf8mb4 COLLATE=utf8mb4_general_ci;
/*!40101 SET character_set_client = @saved_cs_client */;

--
-- Dumping data for table `sys_users`
--

LOCK TABLES `sys_users` WRITE;
/*!40000 ALTER TABLE `sys_users` DISABLE KEYS */;
INSERT INTO `sys_users` VALUES (1,'2022-04-15 17:31:14.897','2023-07-03 16:05:29.718',NULL,'3239efe2-a81b-4ada-ba1b-2688fa5bb6e0','admin','e10adc3949ba59abbe56e057f20f883e','hao','dark','uploads/file/59b514174bffe4ae402b3d63aad79fe0_20221018081909.jpeg','#fff','#1890ff','888','17611111111','333333333@qq.com',NULL,NULL,NULL),(2,'2022-04-15 17:31:14.897','2023-06-16 10:08:47.521',NULL,'e42b6f6b-b515-45bb-8030-48839f31e7a1','test','e10adc3949ba59abbe56e057f20f883e','QMPlusUser','dark','uploads/file/2023/04/17/940c67694aded94ac4b92b0265e9992a_101410.jpeg','#fff','#1890ff','9528','17611111111','wuwuwuwu@qq.com',NULL,NULL,NULL),(3,'2022-04-19 15:12:51.936','2024-05-09 09:10:29.933',NULL,'733c9675-83fa-470a-8a7f-e00eb5c7e021','wuhao','e10adc3949ba59abbe56e057f20f883e','吴昊','dark','uploads/file/2023/06/09/85a63d13ac16232807616e5511898bd4_152853.png','#fff','#1890ff','888','15631516345','wuhao110@wujin.cn',NULL,NULL,NULL),(4,'2022-11-08 09:52:10.898','2022-11-24 14:40:01.155',NULL,'aadba9d2-7559-4d68-9718-0090db281cfc','liuhaoran','e10adc3949ba59abbe56e057f20f883e','刘昊燃','dark','uploads/file/59b514174bffe4ae402b3d63aad79fe0_20221018085326.png','#fff','#1890ff','998','17825048412','liuhaoran@email.com',NULL,NULL,NULL),(5,'2023-06-16 10:09:51.052','2024-05-07 02:31:27.668',NULL,'1aebaead-e4b5-4978-9c71-dfe58f964920','admin_user','e10adc3949ba59abbe56e057f20f883e','前端用户','dark','uploads/file/2023/11/02/18ad0cf54e628d34d5808940b2e35e05_102704.png','#fff','#1890ff','66','13244554455','admin@gmail.com','uploads/file/2023/11/23/2e8d720735d3ecdf2cca21c06bedf929_094901.png','test1111111','test'),(6,'2023-06-16 10:23:40.826','2023-07-03 16:05:56.721',NULL,'9116ab78-9bfa-40bc-b5c9-3dd6f52046bc','test111','88ac78015b2a7a0b536c7dd679d6032d','test333','dark','uploads/file/2023/04/17/940c67694aded94ac4b92b0265e9992a_101410.jpeg','#fff','#1890ff','888','142312341231','test@test.com','',NULL,NULL),(7,'2023-06-16 10:25:40.368','2023-06-16 10:25:40.368',NULL,'ce763fa9-28d3-4a16-aa0a-205e31b190e7','test5555','4ebf3ac052c754abe7ae8ef057e924bf','test77777','dark','uploads/file/2023/04/20/038b857f401d483ef27b115d9cd5c9bd_103720.jpeg','#fff','#1890ff','9528','14321234213','test@gmail.com','',NULL,NULL);
/*!40000 ALTER TABLE `sys_users` ENABLE KEYS */;
UNLOCK TABLES;

--
-- Table structure for table `tags`
--

DROP TABLE IF EXISTS `tags`;
/*!40101 SET @saved_cs_client     = @@character_set_client */;
/*!50503 SET character_set_client = utf8mb4 */;
CREATE TABLE `tags` (
  `id` int unsigned NOT NULL AUTO_INCREMENT,
  `created_at` datetime(3) DEFAULT NULL,
  `updated_at` datetime(3) DEFAULT NULL,
  `deleted_at` datetime(3) DEFAULT NULL,
  `name` varchar(191) CHARACTER SET utf8mb4 COLLATE utf8mb4_general_ci NOT NULL COMMENT '标签名称',
  `status` tinyint(1) NOT NULL COMMENT '状态',
  PRIMARY KEY (`id`),
  UNIQUE KEY `name` (`name`),
  KEY `idx_tag_deleted_at` (`deleted_at`)
) ENGINE=InnoDB AUTO_INCREMENT=1 DEFAULT CHARSET=utf8mb4 COLLATE=utf8mb4_general_ci COMMENT='标签';
/*!40101 SET character_set_client = @saved_cs_client */;

--
-- Dumping data for table `tags`
--

LOCK TABLES `tags` WRITE;
/*!40000 ALTER TABLE `tags` DISABLE KEYS */;
INSERT INTO `tags` VALUES (1,'2022-05-11 09:56:45.417','2022-11-16 10:08:20.529',NULL,'Go',1),(3,'2022-05-16 16:59:45.422','2022-07-14 11:48:52.681',NULL,'PHP',1),(4,'2022-05-16 16:59:56.342','2022-05-16 17:00:06.007',NULL,'JavaScript',1),(5,'2022-05-16 17:01:14.449','2023-11-27 14:39:36.699',NULL,'C',1),(6,'2022-05-16 17:01:23.625','2023-11-27 14:39:28.955',NULL,'C++',1),(7,'2022-05-16 17:01:38.754','2022-05-16 17:02:07.650',NULL,'Rust',1),(8,'2022-05-16 17:04:21.814','2022-12-21 02:05:56.094',NULL,'HTML',1),(9,'2022-07-10 17:03:56.541','2022-07-14 15:22:02.877',NULL,'Python',1),(10,'2022-07-10 17:06:51.712','2022-08-29 16:10:45.426',NULL,'TypeScript',1),(11,'2022-07-12 12:31:00.477','2022-08-29 16:10:34.565',NULL,'CSS',1),(12,'2022-08-29 19:57:20.621','2022-11-08 13:44:35.944',NULL,'CSS3',1),(22,'2022-11-08 13:45:09.049','2023-11-27 14:40:43.371',NULL,'NodeJS',1),(23,'2022-11-08 13:45:34.688','2022-11-08 13:45:34.688',NULL,'SQL',1),(24,'2022-12-09 10:36:08.754','2022-12-09 10:36:08.754',NULL,'Ruby',1),(25,'2023-03-09 15:04:28.858','2023-03-09 15:04:28.858',NULL,'React',1),(26,'2023-04-14 16:27:42.569','2023-04-14 16:27:42.569',NULL,'杂谈',1),(27,'2024-03-15 17:36:17.042','2024-03-15 17:42:48.632',NULL,'Perl',1),(31,'2024-03-15 17:41:11.997','2024-03-24 13:48:48.205',NULL,'Test666666666',1);
/*!40000 ALTER TABLE `tags` ENABLE KEYS */;
UNLOCK TABLES;

--
-- Table structure for table `users`
--

DROP TABLE IF EXISTS `users`;
/*!40101 SET @saved_cs_client     = @@character_set_client */;
/*!50503 SET character_set_client = utf8mb4 */;
CREATE TABLE `users` (
  `id` int unsigned NOT NULL AUTO_INCREMENT,
  `created_at` datetime(3) DEFAULT NULL,
  `updated_at` datetime(3) DEFAULT NULL,
  `deleted_at` datetime(3) DEFAULT NULL,
  `name` varchar(50) CHARACTER SET utf8mb4 COLLATE utf8mb4_general_ci NOT NULL COMMENT '用户名',
  `introduction` varchar(255) CHARACTER SET utf8mb4 COLLATE utf8mb4_general_ci NOT NULL COMMENT '简介',
  `head_img` varchar(255) CHARACTER SET utf8mb4 COLLATE utf8mb4_general_ci NOT NULL COMMENT '背景图',
  `content` text CHARACTER SET utf8mb4 COLLATE utf8mb4_general_ci NOT NULL COMMENT '用户信息',
  `password` varchar(100) CHARACTER SET utf8mb4 COLLATE utf8mb4_general_ci NOT NULL COMMENT '密码',
  `header` varchar(100) CHARACTER SET utf8mb4 COLLATE utf8mb4_general_ci DEFAULT NULL COMMENT '头像',
  PRIMARY KEY (`id`)
) ENGINE=InnoDB AUTO_INCREMENT=1 DEFAULT CHARSET=utf8mb4 COLLATE=utf8mb4_general_ci COMMENT='用户';
/*!40101 SET character_set_client = @saved_cs_client */;

--
-- Dumping data for table `users`
--

LOCK TABLES `users` WRITE;
/*!40000 ALTER TABLE `users` DISABLE KEYS */;
INSERT INTO `users` VALUES (3,'2023-03-29 18:03:00.796','2023-04-10 16:46:58.677',NULL,'测试','我是个前端开发工程师','uploads/file/2023/04/10_085252/de80a37baa7ae7885d0bce7f62f9a70b.jpg','我是个很菜、很菜的开发工程师，烂到只会Ctrl+C Ctrl+V','e10adc3949ba59abbe56e057f20f883e','uploads/file/2023/04/10/b53b3a3d6ab90ce0268229151c9bde11_162839.jpeg'),(4,'2023-03-29 15:42:05.172','2023-03-29 15:42:05.172','2023-04-06 12:00:26.402','test','test','test','test','test',NULL),(5,'2023-03-29 15:50:09.322','2023-03-29 15:50:09.322','2023-04-06 12:00:24.479','test1','test','test','test','098f6bcd4621d373cade4e832627b4f6',NULL),(6,'2023-03-29 16:06:20.332','2023-03-29 16:06:20.332','2023-03-29 16:06:31.844','wuhao','','','','ec6dc5f45b1c78352b11320088de7cf6',NULL),(7,'2023-04-12 11:35:19.027','2023-04-27 08:17:02.015',NULL,'测试5','测试4','','我是程序员 菜鸟中的菜鸟','e10adc3949ba59abbe56e057f20f883e','uploads/file/2023/04/13/bbc38cb4fd9c092195b08983094bf5b2_181429.jpeg'),(8,'2023-04-12 09:54:42.041','2023-04-12 09:54:42.041',NULL,'测试1','test1','','test1','4437da35ab9c9e15a540c9747de1e380',''),(9,'2023-04-12 09:56:08.275','2023-04-12 09:56:08.275',NULL,'测试12','test1','','test1','35f6528bb807eb51f7c4c4ce7904513e',''),(10,'2023-04-12 11:04:55.641','2023-04-12 11:04:55.641',NULL,'测试2','test','','test','098f6bcd4621d373cade4e832627b4f6',''),(11,'2023-04-12 11:17:22.028','2023-04-12 11:17:22.028',NULL,'测试3','test555','','test mini','8ad8757baa8564dc136c1e07507f4a98',''),(13,'2023-04-12 12:25:55.591','2023-04-13 15:09:24.043',NULL,'测试5','测试666','uploads/file/2023/04/10_085252/de80a37baa7ae7885d0bce7f62f9a70b.jpg','不会vue react','e10adc3949ba59abbe56e057f20f883e','uploads/file/2023/04/10/b53b3a3d6ab90ce0268229151c9bde11_162839.jpeg'),(14,'2023-04-13 18:14:31.759','2023-04-27 10:04:57.126',NULL,'测试7','test78','uploads/file/2023/03/30/caa2054489261ffab47d8e2bf7fc076d.jpg','test78','e10adc3949ba59abbe56e057f20f883e','uploads/file/2023/04/20/20d9962a07bdd3fed81f7712da102f7b_104058.jpeg'),(15,'2023-04-14 08:51:56.791','2023-04-14 08:51:56.791',NULL,'测试9','test9','','test9','e10adc3949ba59abbe56e057f20f883e','uploads/file/2023/04/14/20d9962a07bdd3fed81f7712da102f7b_085154.jpeg');
/*!40000 ALTER TABLE `users` ENABLE KEYS */;
UNLOCK TABLES;

--
-- Final view structure for view `authority_menu`
--

/*!50001 DROP VIEW IF EXISTS `authority_menu`*/;
/*!50001 SET @saved_cs_client          = @@character_set_client */;
/*!50001 SET @saved_cs_results         = @@character_set_results */;
/*!50001 SET @saved_col_connection     = @@collation_connection */;
/*!50001 SET character_set_client      = utf8mb4 */;
/*!50001 SET character_set_results     = utf8mb4 */;
/*!50001 SET collation_connection      = utf8mb4_0900_ai_ci */;
/*!50001 CREATE ALGORITHM=UNDEFINED */
/*!50013 DEFINER=`root`@`localhost` SQL SECURITY DEFINER */
/*!50001 VIEW `authority_menu` AS select `sys_base_menus`.`id` AS `id`,`sys_base_menus`.`path` AS `path`,`sys_base_menus`.`icon` AS `icon`,`sys_base_menus`.`name` AS `name`,`sys_base_menus`.`sort` AS `sort`,`sys_base_menus`.`title` AS `title`,`sys_base_menus`.`hidden` AS `hidden`,`sys_base_menus`.`component` AS `component`,`sys_base_menus`.`parent_id` AS `parent_id`,`sys_base_menus`.`created_at` AS `created_at`,`sys_base_menus`.`updated_at` AS `updated_at`,`sys_base_menus`.`deleted_at` AS `deleted_at`,`sys_base_menus`.`keep_alive` AS `keep_alive`,`sys_base_menus`.`menu_level` AS `menu_level`,`sys_base_menus`.`default_menu` AS `default_menu`,`sys_base_menus`.`close_tab` AS `close_tab`,`sys_authority_menus`.`sys_base_menu_id` AS `menu_id`,`sys_authority_menus`.`sys_authority_authority_id` AS `authority_id` from (`sys_authority_menus` join `sys_base_menus` on((`sys_authority_menus`.`sys_base_menu_id` = `sys_base_menus`.`id`))) */;
/*!50001 SET character_set_client      = @saved_cs_client */;
/*!50001 SET character_set_results     = @saved_cs_results */;
/*!50001 SET collation_connection      = @saved_col_connection */;
/*!40103 SET TIME_ZONE=@OLD_TIME_ZONE */;

/*!40101 SET SQL_MODE=@OLD_SQL_MODE */;
/*!40014 SET FOREIGN_KEY_CHECKS=@OLD_FOREIGN_KEY_CHECKS */;
/*!40014 SET UNIQUE_CHECKS=@OLD_UNIQUE_CHECKS */;
/*!40101 SET CHARACTER_SET_CLIENT=@OLD_CHARACTER_SET_CLIENT */;
/*!40101 SET CHARACTER_SET_RESULTS=@OLD_CHARACTER_SET_RESULTS */;
/*!40101 SET COLLATION_CONNECTION=@OLD_COLLATION_CONNECTION */;
/*!40111 SET SQL_NOTES=@OLD_SQL_NOTES */;

-- Dump completed on 2024-06-04  6:21:00
